_id,batchNumber,product,gstPercentage,expiryDate,supplier,mrp,initialQuantity,freeQuantity,availableQuantity,qcStatus,grnReference,poReference,isActive,unitCost,totalCost,saleRate,schemeSaleRate,rawPrice,isDebited,qcDate,createdAt,updatedAt,__v,createdBy
69d0c87c659b1682f346bf1c,16UD3525,6968b55d26351e91a3adc650,5,2027-03-01T00:00:00.000Z,693d3b39812dbc0da46fa18b,672,10,0,0,pending,69d0c87c659b1682f346bf19,69d0c74122a51f9880c2a84f,true,470,4700,517,517,470,false,2026-04-04T08:14:52.846Z,2026-04-04T08:14:52.847Z,2026-04-04T08:26:40.651Z,0,
69d33dc54ede227dce4c26c8,DF4U,68c505d2267e3c8d0ddc2ce6,5,2026-08-30T18:30:00.000Z,6923ca24385a8494efbb17d2,186.48,3,0,3,pending,,,true,142.07,426.21,156.28,156.28,142.07,false,2026-04-06T04:59:49.422Z,2026-04-06T04:59:49.424Z,2026-04-08T08:35:50.421Z,0,
69d33dc54ede227dce4c26c9,E29AI25001,690447ab31811f2ae2c56bcd,5,2026-12-30T18:30:00.000Z,6923ca24385a8494efbb17d2,297.23,3,0.5,3,pending,,,true,226.46,566.15,249.11,249.11,188.72,false,2026-04-06T04:59:49.481Z,2026-04-06T04:59:49.481Z,2026-04-08T08:35:50.527Z,0,
69d33dc54ede227dce4c26ca,NZE25019,69ce43592b2deb9f9bbb73f2,5,2027-07-30T18:30:00.000Z,6923ca24385a8494efbb17d2,591.04,1,0,1,pending,,,true,450.32,450.32,495.35,495.35,450.32,false,2026-04-06T04:59:49.540Z,2026-04-06T04:59:49.541Z,2026-04-08T08:35:50.607Z,0,
69d33dc54ede227dce4c26cb,MX4952,69251a73496994f2855ca40c,5,2028-06-29T18:30:00.000Z,6923ca24385a8494efbb17d2,43.49,5,0,5,pending,,,true,35.71,178.55,39.28,39.28,35.71,false,2026-04-06T04:59:49.599Z,2026-04-06T04:59:49.600Z,2026-04-08T08:35:50.690Z,0,
69d33dc54ede227dce4c26cc,M22AM25059,69251a61496994f2855ca137,5,2027-07-30T18:30:00.000Z,6923ca24385a8494efbb17d2,132.19,10,0,8,pending,,,true,100.71,1007.1,110.78,110.78,100.71,false,2026-04-06T04:59:49.659Z,2026-04-06T04:59:49.659Z,2026-04-11T08:58:43.524Z,0,
69d33dc54ede227dce4c26cd,V250259,69251a64496994f2855ca19b,5,2027-02-27T18:30:00.000Z,6923ca24385a8494efbb17d2,323.44,10,0,10,pending,,,true,246.43,2464.3,271.07,271.07,246.43,false,2026-04-06T04:59:49.720Z,2026-04-06T04:59:49.721Z,2026-04-08T08:35:50.857Z,0,
69d33dc54ede227dce4c26ce,CT50059,69046f4c31811f2ae2ced206,5,2027-07-30T18:30:00.000Z,6923ca24385a8494efbb17d2,42.2,6,0.5,6,pending,,,true,32.15,176.83,35.37,35.37,29.47,false,2026-04-06T04:59:49.784Z,2026-04-06T04:59:49.785Z,2026-04-08T08:35:50.940Z,0,
69d33dc54ede227dce4c26cf,377E25117,69251a60496994f2855ca105,5,2026-11-29T18:30:00.000Z,6923ca24385a8494efbb17d2,175,6,1,6,pending,,,true,133.57,667.85,146.93,146.93,111.31,false,2026-04-06T04:59:49.845Z,2026-04-06T04:59:49.845Z,2026-04-08T08:35:51.025Z,0,
69d33dc54ede227dce4c26d0,25975,69251a67496994f2855ca225,5,2027-02-27T18:30:00.000Z,6923ca24385a8494efbb17d2,93.45,15,0,15,pending,,,true,60.79,911.85,66.87,66.87,60.79,false,2026-04-06T04:59:49.904Z,2026-04-06T04:59:49.905Z,2026-04-08T08:35:51.109Z,0,
69d33dc54ede227dce4c26d1,N2501714,69251a61496994f2855ca117,5,2028-04-29T18:30:00.000Z,6923ca24385a8494efbb17d2,100.31,10,0,10,pending,,,true,76.43,764.3,84.07,84.07,76.43,false,2026-04-06T04:59:49.964Z,2026-04-06T04:59:49.965Z,2026-04-08T08:35:51.195Z,0,
69d33dc64ede227dce4c26d2,KKG25014,69ce435b2b2deb9f9bbb7478,5,2028-05-30T18:30:00.000Z,6923ca24385a8494efbb17d2,145.19,10,0,7,pending,,,true,110.63,1106.3,121.69,121.69,110.63,false,2026-04-06T04:59:50.024Z,2026-04-06T04:59:50.024Z,2026-04-13T06:46:18.524Z,0,
69d33dc64ede227dce4c26d3,M25087,68c505d2267e3c8d0ddc2610,5,2028-05-30T18:30:00.000Z,6923ca24385a8494efbb17d2,312.19,10,0,10,pending,,,true,237.86,2378.6,261.65,261.65,237.86,false,2026-04-06T04:59:50.077Z,2026-04-06T04:59:50.078Z,2026-04-08T08:35:51.366Z,0,
69d33dc64ede227dce4c26d4,2N25002,69251a71496994f2855ca3b9,5,2027-06-29T18:30:00.000Z,6923ca24385a8494efbb17d2,86.72,18,0,6,pending,,,true,66.07,1189.26,72.68,72.68,66.07,false,2026-04-06T04:59:50.134Z,2026-04-06T04:59:50.134Z,2026-04-13T06:32:04.833Z,0,
69d33dc64ede227dce4c26d5,N2501845,68c505d2267e3c8d0ddc2c57,5,2028-05-30T18:30:00.000Z,6923ca24385a8494efbb17d2,157.66,10,0,10,pending,,,true,120.12,1201.2,132.13,132.13,120.12,false,2026-04-06T04:59:50.193Z,2026-04-06T04:59:50.193Z,2026-04-08T08:35:51.623Z,0,
69d33dc64ede227dce4c26d6,TF5009,69045d0031811f2ae2ca07f9,5,2026-06-29T18:30:00.000Z,6923ca24385a8494efbb17d2,178.13,10,1,10,pending,,,true,135.71,1221.39,149.28,149.28,122.14,false,2026-04-06T04:59:50.253Z,2026-04-06T04:59:50.254Z,2026-04-08T08:35:51.790Z,0,
69d33dc64ede227dce4c26d7,ANO09AFA,68c505d2267e3c8d0ddc2e99,5,2027-09-29T18:30:00.000Z,6923ca24385a8494efbb17d2,271.41,10,0,10,pending,,,true,206.79,2067.9,227.47,227.47,206.79,false,2026-04-06T04:59:50.316Z,2026-04-06T04:59:50.317Z,2026-04-08T08:35:51.874Z,0,
69d33dc64ede227dce4c26d8,KWC25009,69251a61496994f2855ca12b,5,2027-05-30T18:30:00.000Z,6923ca24385a8494efbb17d2,332.65,15,0,15,pending,,,true,253.45,3801.75,278.8,278.8,253.45,false,2026-04-06T04:59:50.375Z,2026-04-06T04:59:50.376Z,2026-04-08T08:35:51.958Z,0,
69d33dc64ede227dce4c26d9,NCL0115,69ce431f2b2deb9f9bbb679b,5,2028-04-29T18:30:00.000Z,6923ca24385a8494efbb17d2,17.38,50,0,50,pending,,,true,13.24,662,14.56,14.56,13.24,false,2026-04-06T04:59:50.435Z,2026-04-06T04:59:50.436Z,2026-04-08T08:35:52.043Z,0,
69d33dc64ede227dce4c26da,8194910,69251a6a496994f2855ca295,5,2026-09-29T18:30:00.000Z,6923ca24385a8494efbb17d2,825.94,44,4,44,pending,,,true,629.3,25172,692.23,692.23,572.09,false,2026-04-06T04:59:50.492Z,2026-04-06T04:59:50.492Z,2026-04-08T08:35:52.128Z,0,
69d33dc64ede227dce4c26db,CLX25005,68c505d2267e3c8d0ddc246d,18,2027-02-27T18:30:00.000Z,6923ca25385a8494efbb1803,120,250,0,250,pending,,,true,63.27,15817.75,69.6,69.6,63.27,false,2026-04-06T04:59:50.550Z,2026-04-06T04:59:50.550Z,2026-04-08T08:35:52.215Z,0,
69d33dc64ede227dce4c26dc,CAG00424,68c505d2267e3c8d0ddc2c39,18,2026-11-29T18:30:00.000Z,6923ca25385a8494efbb1803,1070.75,100,0,100,pending,,,true,555.34,55534,610.87,610.87,555.34,false,2026-04-06T04:59:50.609Z,2026-04-06T04:59:50.610Z,2026-04-08T08:35:52.301Z,0,
69d33dc64ede227dce4c26dd,E2402459,69251a74496994f2855ca454,12,2026-08-30T18:30:00.000Z,6923ca25385a8494efbb1803,248.25,210,0,210,pending,,,true,135.66,28488.6,149.23,149.23,135.66,false,2026-04-06T04:59:50.668Z,2026-04-06T04:59:50.668Z,2026-04-08T08:35:52.832Z,0,
69d33dc64ede227dce4c26de,SH25040348B,6904921b31811f2ae2d43571,12,2027-03-30T18:30:00.000Z,6923ca25385a8494efbb180a,175,36,6,36,pending,,,true,112.5,3375,123.75,123.75,93.75,false,2026-04-06T04:59:50.725Z,2026-04-06T04:59:50.725Z,2026-04-08T08:35:52.917Z,0,
69d33dc64ede227dce4c26df,SH25060600,68c505d2267e3c8d0ddc25a9,5,2027-05-30T18:30:00.000Z,6923ca25385a8494efbb180a,529.69,36,6,36,pending,,,true,363.21,10896.3,399.53,399.53,302.67,false,2026-04-06T04:59:50.785Z,2026-04-06T04:59:50.785Z,2026-04-08T08:35:52.999Z,0,
69d33dc64ede227dce4c26e0,B092412,698457c8de0f7f05e305fc66,12,2030-01-01T00:00:00.000Z,6923ca27385a8494efbb18ff,2400,1,0,1,pending,,,true,2345,2345,2579.5,2579.5,2345,false,2026-04-06T04:59:50.845Z,2026-04-06T04:59:50.846Z,2026-04-06T04:59:50.846Z,0,
69d33dc64ede227dce4c26e1,1,69ce434f2b2deb9f9bbb71df,12,2030-01-01T00:00:00.000Z,6923ca27385a8494efbb18ff,3,5,0,5,pending,,,true,190,950,209,209,190,false,2026-04-06T04:59:50.902Z,2026-04-06T04:59:50.902Z,2026-04-06T04:59:50.902Z,0,
69d33dc64ede227dce4c26e2,250610,68c505d2267e3c8d0ddc2c4b,5,2027-10-30T18:30:00.000Z,6923ca28385a8494efbb194c,232,130,30,130,pending,,,true,159.09,15909,175,175,122.38,false,2026-04-06T04:59:50.961Z,2026-04-06T04:59:50.962Z,2026-04-08T08:35:53.083Z,0,
69d33dc74ede227dce4c26e3,HPDA25036,69251a71496994f2855ca3ad,5,2026-12-30T18:30:00.000Z,6923ca29385a8494efbb19c3,121.88,65,15,65,pending,,,true,83.57,4178.5,91.93,91.93,64.28,false,2026-04-06T04:59:51.021Z,2026-04-06T04:59:51.021Z,2026-04-08T08:35:53.611Z,0,
69d33dc74ede227dce4c26e4,BGF-2617,68c505d2267e3c8d0ddc2e00,5,2027-10-30T18:30:00.000Z,6923ca29385a8494efbb19c3,685,65,15,65,pending,,,true,469.71,23485.5,516.68,516.68,361.32,false,2026-04-06T04:59:51.079Z,2026-04-06T04:59:51.079Z,2026-04-08T08:35:53.693Z,0,
69d33dc74ede227dce4c26e5,HPDL24111,6954c460965a1ce93d0af5f7,5,2026-11-29T18:30:00.000Z,6923ca29385a8494efbb19c3,646.88,39,9,-1,pending,,,true,443.57,13307.1,487.93,487.93,341.21,false,2026-04-06T04:59:51.141Z,2026-04-06T04:59:51.142Z,2026-04-15T05:00:29.242Z,0,
69d33dc74ede227dce4c26e6,HPDJ25050,69ce43572b2deb9f9bbb7396,5,2027-09-29T18:30:00.000Z,6923ca29385a8494efbb19c3,261,130,30,20,pending,,,true,178.97,17897,196.87,196.87,137.67,false,2026-04-06T04:59:51.200Z,2026-04-06T04:59:51.201Z,2026-04-15T08:06:01.169Z,0,
69d33dc74ede227dce4c26e7,N25015,69ce43242b2deb9f9bbb68bc,5,2026-08-30T18:30:00.000Z,6923ca2a385a8494efbb19ca,720,50,0,50,pending,,,true,360,18000,396,396,360,false,2026-04-06T04:59:51.259Z,2026-04-06T04:59:51.260Z,2026-04-08T08:35:53.862Z,0,
69d33dc74ede227dce4c26e8,CCC25369A,69ce43362b2deb9f9bbb6c8c,5,2027-11-29T18:30:00.000Z,6923ca2c385a8494efbb1a10,175,200,0,60,pending,,,true,75,15000,82.5,82.5,75,false,2026-04-06T04:59:51.318Z,2026-04-06T04:59:51.318Z,2026-04-15T11:51:46.803Z,0,
69d33dc74ede227dce4c26e9,NPL35Y01,69251a61496994f2855ca127,5,2027-12-30T18:30:00.000Z,6923ca2c385a8494efbb1a1e,438,10,0,10,pending,,,true,200,2000,220,220,200,false,2026-04-06T04:59:51.383Z,2026-04-06T04:59:51.383Z,2026-04-08T08:35:54.038Z,0,
69d33dc74ede227dce4c26ea,NVC52403,69251a61496994f2855ca125,5,2027-09-29T18:30:00.000Z,6923ca2c385a8494efbb1a1e,974.65,4,0,4,pending,,,true,500,2000,550,550,500,false,2026-04-06T04:59:51.442Z,2026-04-06T04:59:51.442Z,2026-04-08T08:35:54.125Z,0,
69d33dc74ede227dce4c26eb,NVM12404,69251a6b496994f2855ca2c1,5,2027-04-29T18:30:00.000Z,6923ca2c385a8494efbb1a1e,1560,10,0,10,pending,,,true,270,2700,297,297,270,false,2026-04-06T04:59:51.500Z,2026-04-06T04:59:51.500Z,2026-04-08T08:35:54.208Z,0,
69d33dc74ede227dce4c26ec,LET2T6001C,68c505d2267e3c8d0ddc2d53,5,2028-01-30T18:30:00.000Z,6923ca2c385a8494efbb1a1e,156.6,30,0,30,pending,,,true,70,2100,77,77,70,false,2026-04-06T04:59:51.558Z,2026-04-06T04:59:51.559Z,2026-04-08T08:35:54.296Z,0,
69d33dc74ede227dce4c26ed,F250459,68c505d2267e3c8d0ddc2473,18,2026-08-30T18:30:00.000Z,6923ca2c385a8494efbb1a4f,299,40,0,40,pending,,,true,150,6000,165,165,150,false,2026-04-06T04:59:51.616Z,2026-04-06T04:59:51.616Z,2026-04-08T08:35:54.384Z,0,
69d33dc74ede227dce4c26ee,61G25003A,69251a76496994f2855ca4b4,5,2027-07-30T18:30:00.000Z,6923ca2d385a8494efbb1abf,897.25,5,0,5,pending,,,true,461.9,2309.5,508.09,508.09,461.9,false,2026-04-06T04:59:51.674Z,2026-04-06T04:59:51.674Z,2026-04-08T08:35:54.465Z,0,
69d33dc74ede227dce4c26ef,A21FE675A,68c505d2267e3c8d0ddc2fd6,5,2028-10-30T18:30:00.000Z,6923ca2d385a8494efbb1abf,3735,5,0,5,pending,,,true,2690.42,13452.1,2959.46,2959.46,2690.42,false,2026-04-06T04:59:51.731Z,2026-04-06T04:59:51.732Z,2026-04-08T08:35:54.552Z,0,
69d33dc74ede227dce4c26f0,61G24014A,69251a76496994f2855ca4b4,5,2026-07-30T18:30:00.000Z,6923ca2d385a8494efbb1ac6,897.25,3,0,3,pending,,,true,487,1461,535.7,535.7,487,false,2026-04-06T04:59:51.791Z,2026-04-06T04:59:51.791Z,2026-04-08T08:35:54.637Z,0,
69d33dc74ede227dce4c26f1,Z002809,69ce433f2b2deb9f9bbb6e7f,5,2027-05-30T18:30:00.000Z,6923ca2d385a8494efbb1ac6,3927,1,0,1,pending,,,true,2923.22,2923.22,3215.54,3215.54,2923.22,false,2026-04-06T04:59:51.849Z,2026-04-06T04:59:51.849Z,2026-04-08T08:35:54.815Z,0,
69d33dc74ede227dce4c26f2,AC37B521CA,69251a60496994f2855ca0f3,5,2028-09-29T18:30:00.000Z,6923ca2d385a8494efbb1ac6,1538,3,0,3,pending,,,true,1159.73,3479.19,1275.7,1275.7,1159.73,false,2026-04-06T04:59:51.906Z,2026-04-06T04:59:51.907Z,2026-04-08T08:35:54.904Z,0,
69d33dc74ede227dce4c26f3,2084Y016C,69251a73496994f2855ca420,5,2027-10-30T18:30:00.000Z,6923ca2d385a8494efbb1ac6,2280,5,0,5,pending,,,true,1128.59,5642.95,1241.45,1241.45,1128.59,false,2026-04-06T04:59:51.964Z,2026-04-06T04:59:51.964Z,2026-04-08T08:35:54.992Z,0,
69d33dc84ede227dce4c26f4,222701524B,69251a7e496994f2855ca607,5,2026-06-29T18:30:00.000Z,6923ca2d385a8494efbb1ac6,2366,5,0,5,pending,,,true,840,4200,924,924,840,false,2026-04-06T04:59:52.023Z,2026-04-06T04:59:52.023Z,2026-04-08T08:35:55.160Z,0,
69d33dc84ede227dce4c26f5,220501125A,69ce43252b2deb9f9bbb68d8,5,2028-05-30T18:30:00.000Z,6923ca2d385a8494efbb1ac6,84.2,30,0,30,pending,,,true,66.66,1999.8,73.33,73.33,66.66,false,2026-04-06T04:59:52.079Z,2026-04-06T04:59:52.079Z,2026-04-08T08:35:55.256Z,0,
69d33dc84ede227dce4c26f6,A0108325,69251a60496994f2855ca0e5,5,2027-08-30T18:30:00.000Z,6923ca2d385a8494efbb1ac6,13.09,120,0,120,pending,,,true,9.5,1140,10.45,10.45,9.5,false,2026-04-06T04:59:52.136Z,2026-04-06T04:59:52.136Z,2026-04-08T08:35:55.341Z,0,
69d33dc84ede227dce4c26f7,STL0034,6971fc86bd1798cc350fc198,5,2027-07-30T18:30:00.000Z,6923ca33385a8494efbb1ce8,683.93,30,10,30,pending,,,true,521.09,10421.8,573.2,573.2,347.39,false,2026-04-06T04:59:52.194Z,2026-04-06T04:59:52.195Z,2026-04-08T08:35:55.428Z,0,
69d33dc84ede227dce4c26f8,SAVA5048,69ce43362b2deb9f9bbb6c7b,5,2028-09-29T18:30:00.000Z,6923ca33385a8494efbb1ce8,901.82,50,0,50,pending,,,true,481,24050,529.1,529.1,481,false,2026-04-06T04:59:52.255Z,2026-04-06T04:59:52.255Z,2026-04-08T08:35:55.513Z,0,
69d33dc84ede227dce4c26f9,2503151128,698aabea3c404b0e0d46cb59,5,2028-09-29T18:30:00.000Z,6923ca33385a8494efbb1cf6,385,24,0,24,pending,,,true,275,6600,302.5,302.5,275,false,2026-04-06T04:59:52.315Z,2026-04-06T04:59:52.316Z,2026-04-08T08:35:55.601Z,0,
69d33dc84ede227dce4c26fa,CK25054,68c505d2267e3c8d0ddc2603,5,2027-08-30T18:30:00.000Z,6923ca34385a8494efbb1d3c,120.5,10,0.5,10,pending,,,true,91.81,872.2,100.99,100.99,87.22,false,2026-04-06T04:59:52.375Z,2026-04-06T04:59:52.375Z,2026-04-08T08:35:55.687Z,0,
69d33dc84ede227dce4c26fb,AT5047,68c505d2267e3c8d0ddc2b3d,5,2027-10-30T18:30:00.000Z,6923ca34385a8494efbb1d3c,86.48,5,0,5,pending,,,true,65.89,329.45,72.48,72.48,65.89,false,2026-04-06T04:59:52.432Z,2026-04-06T04:59:52.432Z,2026-04-08T08:35:55.774Z,0,
69d33dc84ede227dce4c26fc,UB02582,69ce43482b2deb9f9bbb708f,5,2027-09-29T18:30:00.000Z,6923ca34385a8494efbb1d3c,216.1,10,0,8,pending,,,true,164.65,1646.5,181.12,181.12,164.65,false,2026-04-06T04:59:52.488Z,2026-04-06T04:59:52.488Z,2026-04-10T12:24:25.796Z,0,
69d33dc84ede227dce4c26fd,MBDA5014,69676fc642b38a6fe1d1bd74,5,2028-04-29T18:30:00.000Z,6923ca34385a8494efbb1d3c,557.75,10,0,10,pending,,,true,424.95,4249.5,467.45,467.45,424.95,false,2026-04-06T04:59:52.551Z,2026-04-06T04:59:52.551Z,2026-04-08T08:35:55.944Z,0,
69d33dc84ede227dce4c26fe,6577,68c505d2267e3c8d0ddc27c7,5,2027-10-30T18:30:00.000Z,6923ca34385a8494efbb1d3c,165.23,30,0,30,pending,,,true,98.41,2952.3,108.25,108.25,98.41,false,2026-04-06T04:59:52.610Z,2026-04-06T04:59:52.610Z,2026-04-08T08:35:56.291Z,0,
69d33dc84ede227dce4c26ff,MG4174,69ce43552b2deb9f9bbb7324,12,2027-03-30T18:30:00.000Z,6923ca34385a8494efbb1d3c,485,10,0,10,pending,,,true,394.43,3944.3,433.87,433.87,394.43,false,2026-04-06T04:59:52.669Z,2026-04-06T04:59:52.669Z,2026-04-08T08:35:56.120Z,0,
69d33dc84ede227dce4c2700,TG9026004,69ce434b2b2deb9f9bbb712b,5,2027-08-30T18:30:00.000Z,6923ca34385a8494efbb1d3c,28.93,40,0,20,pending,,,true,24.77,990.8,27.25,27.25,24.77,false,2026-04-06T04:59:52.729Z,2026-04-06T04:59:52.730Z,2026-04-10T12:32:15.713Z,0,
69d33dc84ede227dce4c2701,104324051,68c505d2267e3c8d0ddc29d8,5,2026-11-29T18:30:00.000Z,6923ca34385a8494efbb1d3c,35.44,100,10,90,pending,,,true,27,2430,29.7,29.7,24.3,false,2026-04-06T04:59:52.792Z,2026-04-06T04:59:52.792Z,2026-04-15T08:06:02.264Z,0,
69d33dc84ede227dce4c2702,A25002PP,69251a72496994f2855ca3f4,5,2027-01-30T18:30:00.000Z,6923ca34385a8494efbb1d3c,432.14,100,0,100,pending,,,true,80,8000,88,88,80,false,2026-04-06T04:59:52.854Z,2026-04-06T04:59:52.855Z,2026-04-08T08:35:56.465Z,0,
69d33dc84ede227dce4c2703,KDS037,69251a77496994f2855ca4d8,5,2027-10-30T18:30:00.000Z,6923ca35385a8494efbb1da4,2892,1,0,1,pending,,,true,462.72,462.72,508.99,508.99,462.72,false,2026-04-06T04:59:52.911Z,2026-04-06T04:59:52.911Z,2026-04-08T08:35:56.552Z,0,
69d33dc84ede227dce4c2704,KDSIN049,69251a6b496994f2855ca2c3,5,2030-08-30T18:30:00.000Z,6923ca35385a8494efbb1da4,3012,2,0,2,pending,,,true,481.92,963.84,530.11,530.11,481.92,false,2026-04-06T04:59:52.968Z,2026-04-06T04:59:52.969Z,2026-04-08T08:35:56.639Z,0,
69d33dc94ede227dce4c2705,ADU001,69251a6b496994f2855ca2c7,5,2027-12-30T18:30:00.000Z,6923ca35385a8494efbb1da4,9225,1,0,1,pending,,,true,1574.4,1574.4,1731.84,1731.84,1574.4,false,2026-04-06T04:59:53.027Z,2026-04-06T04:59:53.027Z,2026-04-08T08:35:56.725Z,0,
69d33dc94ede227dce4c2706,ADS003,69251a6b496994f2855ca2c5,5,2030-02-27T18:30:00.000Z,6923ca35385a8494efbb1da4,10327.5,1,0,1,pending,,,true,1752.56,1752.56,1927.82,1927.82,1752.56,false,2026-04-06T04:59:53.082Z,2026-04-06T04:59:53.083Z,2026-04-08T08:35:56.809Z,0,
69d33dc94ede227dce4c2707,IDSIN011,69ce43502b2deb9f9bbb7220,5,2028-05-30T18:30:00.000Z,6923ca35385a8494efbb1da4,11688,2,0,2,pending,,,true,1870.08,3740.16,2057.09,2057.09,1870.08,false,2026-04-06T04:59:53.143Z,2026-04-06T04:59:53.143Z,2026-04-08T08:35:56.894Z,0,
69d33dc94ede227dce4c2708,ADSIN006,69251a6b496994f2855ca2c7,5,2030-02-27T18:30:00.000Z,6923ca35385a8494efbb1da4,11784,3,0,3,pending,,,true,1885.44,5656.32,2073.98,2073.98,1885.44,false,2026-04-06T04:59:53.204Z,2026-04-06T04:59:53.205Z,2026-04-08T08:35:56.982Z,0,
69d33dc94ede227dce4c2709,05/M/2024,693268358e39b28fbf957b70,5,2027-05-30T18:30:00.000Z,6923ca35385a8494efbb1da4,421.88,5,0,5,pending,,,true,26.84,134.2,29.52,29.52,26.84,false,2026-04-06T04:59:53.260Z,2026-04-06T04:59:53.261Z,2026-04-08T08:35:57.064Z,0,
69d33dc94ede227dce4c270a,N8640002,69ce436f2b2deb9f9bbb78bc,5,2027-01-30T18:30:00.000Z,6923ca35385a8494efbb1da4,259.6,10,0,10,pending,,,true,78,780,85.8,85.8,78,false,2026-04-06T04:59:53.318Z,2026-04-06T04:59:53.318Z,2026-04-08T08:35:57.154Z,0,
69d33dc94ede227dce4c270b,**,69ce43202b2deb9f9bbb67d1,5,2030-01-01T00:00:00.000Z,6923ca35385a8494efbb1da4,929,5,0,-62,pending,,,true,597.62,2988.1,657.38,657.38,597.62,false,2026-04-06T04:59:53.378Z,2026-04-06T04:59:53.378Z,2026-04-15T07:04:10.540Z,0,
69d33dc94ede227dce4c270c,102024,6932666c8e39b28fbf95532e,5,2027-05-30T18:30:00.000Z,6923ca35385a8494efbb1da4,1246.88,5,0,5,pending,,,true,177,885,194.7,194.7,177,false,2026-04-06T04:59:53.437Z,2026-04-06T04:59:53.437Z,2026-04-08T08:35:57.271Z,0,
69d33dc94ede227dce4c270d,20230312,693265f58e39b28fbf953f10,5,2026-11-29T18:30:00.000Z,6923ca35385a8494efbb1da4,1621.88,5,0,5,pending,,,true,201.3,1006.5,221.43,221.43,201.3,false,2026-04-06T04:59:53.496Z,2026-04-06T04:59:53.496Z,2026-04-08T08:35:57.358Z,0,
69d33dc94ede227dce4c270e,129,69ce43452b2deb9f9bbb6fce,5,2028-03-30T18:30:00.000Z,6923ca35385a8494efbb1da4,160,19,0,9,pending,,,true,81,1539,89.1,89.1,81,false,2026-04-06T04:59:53.554Z,2026-04-06T04:59:53.554Z,2026-04-14T10:38:51.226Z,0,
69d33dc94ede227dce4c270f,V00262,695b397648267bbc512f6a3b,5,2028-10-30T18:30:00.000Z,6923ca35385a8494efbb1da4,1100,40,0,40,pending,,,true,102,4080,112.2,112.2,102,false,2026-04-06T04:59:53.618Z,2026-04-06T04:59:53.619Z,2026-04-08T08:35:57.533Z,0,
69d33dc94ede227dce4c2710,G25H040272,6968866942b38a6fe1dabc3b,5,2030-07-30T18:30:00.000Z,6923ca35385a8494efbb1da4,39,200,0,200,pending,,,true,6,1200,6.6,6.6,6,false,2026-04-06T04:59:53.678Z,2026-04-06T04:59:53.678Z,2026-04-08T08:35:57.643Z,0,
69d33dc94ede227dce4c2711,C/03/2024,69ce43282b2deb9f9bbb69a0,5,2027-03-30T18:30:00.000Z,6923ca35385a8494efbb1da4,65,200,0,200,pending,,,true,3.5,700,3.85,3.85,3.5,false,2026-04-06T04:59:53.740Z,2026-04-06T04:59:53.740Z,2026-04-08T08:35:57.726Z,0,
69d33dc94ede227dce4c2712,ECO3005,69ce43282b2deb9f9bbb69a0,5,2028-09-29T18:30:00.000Z,6923ca35385a8494efbb1da4,65,700,0,700,pending,,,true,3.5,2450,3.85,3.85,3.5,false,2026-04-06T04:59:53.799Z,2026-04-06T04:59:53.799Z,2026-04-08T08:35:57.807Z,0,
69d33dc94ede227dce4c2713,ECO.3005,69ce43282b2deb9f9bbb69a0,5,2028-09-29T18:30:00.000Z,6923ca35385a8494efbb1da4,65,1000,0,800,pending,,,true,3.5,3500,3.85,3.85,3.5,false,2026-04-06T04:59:53.857Z,2026-04-06T04:59:53.857Z,2026-04-14T04:33:47.448Z,0,
69d33dc94ede227dce4c2714,NG8C,68c505d2267e3c8d0ddc2cb9,5,2027-02-27T18:30:00.000Z,6923ca36385a8494efbb1ddc,168.84,10,0,10,pending,,,true,115.78,1157.8,127.36,127.36,115.78,false,2026-04-06T04:59:53.916Z,2026-04-06T04:59:53.916Z,2026-04-08T08:35:57.973Z,0,
69d33dc94ede227dce4c2715,LL9G,68c505d2267e3c8d0ddc2cbc,5,2026-12-30T18:30:00.000Z,6923ca36385a8494efbb1ddc,183.32,20,0,20,pending,,,true,125.7,2514.1,138.27,138.27,125.7,false,2026-04-06T04:59:53.978Z,2026-04-06T04:59:53.978Z,2026-04-08T08:35:58.057Z,0,
69d33dca4ede227dce4c2716,PM8K,68c505d2267e3c8d0ddc2cbb,5,2027-08-30T18:30:00.000Z,6923ca36385a8494efbb1ddc,114.03,20,0,20,pending,,,true,78.19,1563.8,86.01,86.01,78.19,false,2026-04-06T04:59:54.040Z,2026-04-06T04:59:54.040Z,2026-04-08T08:35:58.139Z,0,
69d33dca4ede227dce4c2717,826C002,68c505d2267e3c8d0ddc2c00,5,2027-06-29T18:30:00.000Z,6923ca36385a8494efbb1ddc,236.11,20,0,20,pending,,,true,178.04,3560.8,195.84,195.84,178.04,false,2026-04-06T04:59:54.095Z,2026-04-06T04:59:54.095Z,2026-04-08T08:35:58.224Z,0,
69d33dca4ede227dce4c2718,R312,69ce43592b2deb9f9bbb73f9,5,2027-11-29T18:30:00.000Z,6923ca36385a8494efbb1ddc,135.7,10,0,10,pending,,,true,93.05,930.5,102.36,102.36,93.05,false,2026-04-06T04:59:54.179Z,2026-04-06T04:59:54.180Z,2026-04-08T08:35:58.310Z,0,
69d33dca4ede227dce4c2719,SN6J,68c505d2267e3c8d0ddc2cb9,5,2027-09-29T18:30:00.000Z,6923ca36385a8494efbb1ddc,168.84,10,0,10,pending,,,true,115.78,1157.8,127.36,127.36,115.78,false,2026-04-06T04:59:54.242Z,2026-04-06T04:59:54.242Z,2026-04-08T08:35:58.391Z,0,
69d33dca4ede227dce4c271a,PB3S,68c505d2267e3c8d0ddc2cba,5,2027-08-30T18:30:00.000Z,6923ca36385a8494efbb1ddc,184.6,20,0,18,pending,,,true,126.58,2531.64,139.24,139.24,126.58,false,2026-04-06T04:59:54.300Z,2026-04-06T04:59:54.301Z,2026-04-14T10:44:43.278Z,0,
69d33dca4ede227dce4c271b,VL8G,69ce43592b2deb9f9bbb73ff,5,2027-05-30T18:30:00.000Z,6923ca36385a8494efbb1ddc,240,10,0,10,pending,,,true,164.57,1645.7,181.03,181.03,164.57,false,2026-04-06T04:59:54.361Z,2026-04-06T04:59:54.362Z,2026-04-08T08:35:58.569Z,0,
69d33dca4ede227dce4c271c,GUTC25081,694a3817f25719f74a528586,5,2027-08-30T18:30:00.000Z,6923ca36385a8494efbb1ddc,549.41,100,0,62,pending,,,true,376.74,37673.8,414.41,414.41,376.74,false,2026-04-06T04:59:54.422Z,2026-04-06T04:59:54.423Z,2026-04-14T10:44:42.194Z,0,
69d33dca4ede227dce4c271d,H93R,68c505d2267e3c8d0ddc2ce6,5,2026-10-30T18:30:00.000Z,6923ca36385a8494efbb1ddc,189.72,20,0,20,pending,,,true,130.09,2601.88,143.1,143.1,130.09,false,2026-04-06T04:59:54.480Z,2026-04-06T04:59:54.480Z,2026-04-08T08:35:58.739Z,0,
69d33dca4ede227dce4c271e,RC7S,69ce43392b2deb9f9bbb6d2c,5,2027-09-29T18:30:00.000Z,6923ca36385a8494efbb1ddc,106.9,20,0,18,pending,,,true,78.19,1563.84,86.01,86.01,78.19,false,2026-04-06T04:59:54.535Z,2026-04-06T04:59:54.535Z,2026-04-14T10:44:43.548Z,0,
69d33dca4ede227dce4c271f,UN8D,69251a64496994f2855ca1a5,5,2027-11-29T18:30:00.000Z,6923ca36385a8494efbb1ddc,103.32,20,0,20,pending,,,true,72.08,1441.5,79.29,79.29,72.08,false,2026-04-06T04:59:54.594Z,2026-04-06T04:59:54.594Z,2026-04-08T08:35:58.902Z,0,
69d33dca4ede227dce4c2720,RA165,68c505d2267e3c8d0ddc29d4,5,2027-11-29T18:30:00.000Z,6923ca36385a8494efbb1ddc,107.15,20,0,20,pending,,,true,73.47,1469.4,80.82,80.82,73.47,false,2026-04-06T04:59:54.655Z,2026-04-06T04:59:54.656Z,2026-04-08T08:35:58.984Z,0,
69d33dca4ede227dce4c2721,RL6F,68c505d2267e3c8d0ddc2cbc,5,2027-09-29T18:30:00.000Z,6923ca36385a8494efbb1ddc,183.32,20,0,20,pending,,,true,125.7,2514.1,138.27,138.27,125.7,false,2026-04-06T04:59:54.715Z,2026-04-06T04:59:54.716Z,2026-04-08T08:35:59.066Z,0,
69d33dca4ede227dce4c2722,GCTB25007,69ce432b2b2deb9f9bbb6a42,5,2027-11-29T18:30:00.000Z,6923ca36385a8494efbb1ddc,200.25,50,0,50,pending,,,true,141.49,7074.5,155.64,155.64,141.49,false,2026-04-06T04:59:54.774Z,2026-04-06T04:59:54.774Z,2026-04-08T08:35:59.149Z,0,
69d33dca4ede227dce4c2723,826C008,68c505d2267e3c8d0ddc2c00,5,2027-07-30T18:30:00.000Z,6923ca36385a8494efbb1ddc,259.64,20,0,20,pending,,,true,178.04,3560.8,195.84,195.84,178.04,false,2026-04-06T04:59:54.832Z,2026-04-06T04:59:54.832Z,2026-04-08T08:35:59.234Z,0,
69d33dca4ede227dce4c2724,25K05694,68c505d2267e3c8d0ddc27dc,5,2027-09-29T18:30:00.000Z,6923ca36385a8494efbb1ddc,361.87,300,0,20,pending,,,true,248.14,74442,272.95,272.95,248.14,false,2026-04-06T04:59:54.890Z,2026-04-06T04:59:54.891Z,2026-04-15T07:04:14.988Z,0,
69d33dca4ede227dce4c2725,12634M,68c505d2267e3c8d0ddc2976,5,2031-02-27T18:30:00.000Z,6923ca38385a8494efbb1ee6,5.32,500,0,500,pending,,,true,1.79,895,1.97,1.97,1.79,false,2026-04-06T04:59:54.951Z,2026-04-06T04:59:54.951Z,2026-04-08T08:35:59.484Z,0,
69d33dcb4ede227dce4c2726,53424N,68c505d2267e3c8d0ddc2460,12,2030-07-30T18:30:00.000Z,6923ca38385a8494efbb1ee6,217.8,2000,0,2000,pending,,,true,6.34,12680,6.97,6.97,6.34,false,2026-04-06T04:59:55.012Z,2026-04-06T04:59:55.012Z,2026-04-08T08:35:59.567Z,0,
69d33dcb4ede227dce4c2727,535026NJ2,69251a63496994f2855ca175,12,2030-07-30T18:30:00.000Z,6923ca38385a8494efbb1ee6,6.49,4000,0,3900,pending,,,true,1.7,6800,1.87,1.87,1.7,false,2026-04-06T04:59:55.072Z,2026-04-06T04:59:55.072Z,2026-04-15T08:06:00.619Z,0,
69d33dcb4ede227dce4c2728,54846N,68c505d2267e3c8d0ddc2460,5,2030-10-30T18:30:00.000Z,6923ca38385a8494efbb1ee6,204.19,2000,0,2000,pending,,,true,6.34,12680,6.97,6.97,6.34,false,2026-04-06T04:59:55.129Z,2026-04-06T04:59:55.129Z,2026-04-08T08:35:59.735Z,0,
69d33dcb4ede227dce4c2729,611056SM2,68c505d2267e3c8d0ddc2bb9,5,2031-02-27T18:30:00.000Z,6923ca38385a8494efbb1ee6,10.23,1500,0,1500,pending,,,true,2.3,3450,2.53,2.53,2.3,false,2026-04-06T04:59:55.193Z,2026-04-06T04:59:55.193Z,2026-04-08T08:35:59.817Z,0,
69d33dcb4ede227dce4c272a,55211N,69ce43492b2deb9f9bbb70bb,5,2030-11-29T18:30:00.000Z,6923ca38385a8494efbb1ee6,202.55,2000,0,2000,pending,,,true,6.34,12680,6.97,6.97,6.34,false,2026-04-06T04:59:55.252Z,2026-04-06T04:59:55.252Z,2026-04-08T08:35:59.902Z,0,
69d33dcb4ede227dce4c272b,53434N,69251a69496994f2855ca26f,12,2030-07-30T18:30:00.000Z,6923ca38385a8494efbb1ee6,257.95,2000,0,2000,pending,,,true,9.21,18420,10.13,10.13,9.21,false,2026-04-06T04:59:55.306Z,2026-04-06T04:59:55.307Z,2026-04-08T08:35:59.988Z,0,
69d33dcb4ede227dce4c272c,612014G,68c505d2267e3c8d0ddc2975,5,2031-02-27T18:30:00.000Z,6923ca38385a8494efbb1ee6,11.25,2000,0,2000,pending,,,true,3.52,7040,3.87,3.87,3.52,false,2026-04-06T04:59:55.365Z,2026-04-06T04:59:55.366Z,2026-04-08T08:36:00.070Z,0,
69d33dcb4ede227dce4c272d,537K,69251a63496994f2855ca171,12,2030-08-30T18:30:00.000Z,6923ca38385a8494efbb1ee6,70,2000,0,2000,pending,,,true,3.85,7700,4.24,4.24,3.85,false,2026-04-06T04:59:55.425Z,2026-04-06T04:59:55.426Z,2026-04-08T08:36:00.151Z,0,
69d33dcb4ede227dce4c272e,55314N,698050d4593fdae40f972def,5,2030-11-29T18:30:00.000Z,6923ca38385a8494efbb1ee6,202.55,2000,0,1900,pending,,,true,6.34,12680,6.97,6.97,6.34,false,2026-04-06T04:59:55.483Z,2026-04-06T04:59:55.483Z,2026-04-09T11:39:43.818Z,0,
69d33dcb4ede227dce4c272f,545014AG,68c505d2267e3c8d0ddc2975,5,2030-10-30T18:30:00.000Z,6923ca38385a8494efbb1ee6,11.25,4000,0,3700,pending,,,true,3.33,13320,3.66,3.66,3.33,false,2026-04-06T04:59:55.544Z,2026-04-06T04:59:55.544Z,2026-04-15T10:10:56.977Z,0,
69d33dcb4ede227dce4c2730,02652R,69251a63496994f2855ca16f,5,2030-12-30T18:30:00.000Z,6923ca38385a8494efbb1ee6,2.66,6000,0,4850,pending,,,true,0.64,3840,0.7,0.7,0.64,false,2026-04-06T04:59:55.603Z,2026-04-06T04:59:55.603Z,2026-04-14T10:44:41.659Z,0,
69d33dcb4ede227dce4c2731,250806,69ce43342b2deb9f9bbb6c1a,5,2030-07-30T18:30:00.000Z,6923ca38385a8494efbb1ee6,4.09,6000,0,6000,pending,,,true,0.55,3300,0.61,0.61,0.55,false,2026-04-06T04:59:55.662Z,2026-04-06T04:59:55.662Z,2026-04-08T08:36:00.489Z,0,
69d33dcb4ede227dce4c2732,611056SM1,68c505d2267e3c8d0ddc2bb9,5,2031-02-27T18:30:00.000Z,6923ca38385a8494efbb1ee6,10.23,6400,0,3800,pending,,,true,2.3,14720,2.53,2.53,2.3,false,2026-04-06T04:59:55.718Z,2026-04-06T04:59:55.718Z,2026-04-15T08:06:00.345Z,0,
69d33dcb4ede227dce4c2733,612105JF2,68c505d2267e3c8d0ddc2bb4,5,2031-02-27T18:30:00.000Z,6923ca38385a8494efbb1ee6,13.3,10000,0,7140,pending,,,true,3.71,37100,4.08,4.08,3.71,false,2026-04-06T04:59:55.779Z,2026-04-06T04:59:55.779Z,2026-04-14T05:48:20.449Z,0,
69d33dcb4ede227dce4c2734,BT25-184,69ce433d2b2deb9f9bbb6df4,5,2027-04-29T18:30:00.000Z,6923ca39385a8494efbb1f02,164.06,50,0,48,pending,,,true,101.5,5075,111.65,111.65,101.5,false,2026-04-06T04:59:55.840Z,2026-04-06T04:59:55.840Z,2026-04-14T10:44:44.622Z,0,
69d33dcb4ede227dce4c2735,BT-25-781,68c505d2267e3c8d0ddc2ed7,5,2027-11-29T18:30:00.000Z,6923ca39385a8494efbb1f02,21.6,50,0,50,pending,,,true,12.52,626,13.77,13.77,12.52,false,2026-04-06T04:59:55.899Z,2026-04-06T04:59:55.899Z,2026-04-08T08:36:00.832Z,0,
69d33dcb4ede227dce4c2736,BT-25-782,68c505d2267e3c8d0ddc2ed8,5,2027-11-29T18:30:00.000Z,6923ca39385a8494efbb1f02,36.85,60,0,40,pending,,,true,21.37,1282.2,23.51,23.51,21.37,false,2026-04-06T04:59:55.964Z,2026-04-06T04:59:55.964Z,2026-04-14T10:36:55.088Z,0,
69d33dcc4ede227dce4c2737,I25K20001,693d4352812dbc0da47fb68e,5,2028-10-30T18:30:00.000Z,6923ca3a385a8494efbb1f95,649,20,0,20,pending,,,true,110,2200,121,121,110,false,2026-04-06T04:59:56.021Z,2026-04-06T04:59:56.022Z,2026-04-08T08:36:01.090Z,0,
69d33dcc4ede227dce4c2738,125K20001,69ce435d2b2deb9f9bbb74ed,5,2028-10-30T18:30:00.000Z,6923ca3a385a8494efbb1f95,649,8,0,8,pending,,,true,110,880,121,121,110,false,2026-04-06T04:59:56.078Z,2026-04-06T04:59:56.078Z,2026-04-08T08:36:01.175Z,0,
69d33dcc4ede227dce4c2739,S1L52117,69ce435d2b2deb9f9bbb74e3,5,2027-10-30T18:30:00.000Z,6923ca3a385a8494efbb1f95,698,32,0,32,pending,,,true,110,3520,121,121,110,false,2026-04-06T04:59:56.141Z,2026-04-06T04:59:56.142Z,2026-04-08T08:36:01.261Z,0,
69d33dcc4ede227dce4c273a,1252219,6956467f45da17fad9987a9f,5,2028-04-29T18:30:00.000Z,6923ca3a385a8494efbb1f95,129.68,96,0,96,pending,,,true,16,1536,17.6,17.6,16,false,2026-04-06T04:59:56.207Z,2026-04-06T04:59:56.207Z,2026-04-08T08:36:01.353Z,0,
69d33dcc4ede227dce4c273b,1254217,69251a75496994f2855ca45c,5,2028-07-30T18:30:00.000Z,6923ca3a385a8494efbb1f95,64.36,420,0,420,pending,,,true,22.5,9450,24.75,24.75,22.5,false,2026-04-06T04:59:56.267Z,2026-04-06T04:59:56.267Z,2026-04-08T08:36:01.441Z,0,
69d33dcc4ede227dce4c273c,1254962,69251a75496994f2855ca45c,5,2028-08-30T18:30:00.000Z,6923ca3a385a8494efbb1f95,60.34,280,0,280,pending,,,true,22.5,6300,24.75,24.75,22.5,false,2026-04-06T04:59:56.325Z,2026-04-06T04:59:56.325Z,2026-04-08T08:36:01.528Z,0,
69d33dcc4ede227dce4c273d,1247582,6956467f45da17fad9987a9f,5,2027-10-30T18:30:00.000Z,6923ca3a385a8494efbb1f95,129.68,96,0,76,pending,,,true,16,1536,17.6,17.6,16,false,2026-04-06T04:59:56.385Z,2026-04-06T04:59:56.385Z,2026-04-15T07:04:13.318Z,0,
69d33dcc4ede227dce4c273e,2253566,69251a72496994f2855ca3fa,5,2028-08-30T18:30:00.000Z,6923ca3a385a8494efbb1f95,39.72,420,0,420,pending,,,true,21.5,9030,23.65,23.65,21.5,false,2026-04-06T04:59:56.444Z,2026-04-06T04:59:56.444Z,2026-04-08T08:36:01.703Z,0,
69d33dcc4ede227dce4c273f,1254273,6956467f45da17fad9987a9f,5,2028-07-30T18:30:00.000Z,6923ca3a385a8494efbb1f95,129.67,96,0,96,pending,,,true,16,1536,17.6,17.6,16,false,2026-04-06T04:59:56.505Z,2026-04-06T04:59:56.506Z,2026-04-08T08:36:01.790Z,0,
69d33dcc4ede227dce4c2740,1255764,69251a72496994f2855ca3f8,5,2028-09-29T18:30:00.000Z,6923ca3a385a8494efbb1f95,21.02,500,0,-100,pending,,,true,11.5,5750,12.65,12.65,11.5,false,2026-04-06T04:59:56.568Z,2026-04-06T04:59:56.568Z,2026-04-14T10:36:27.394Z,0,
69d33dcc4ede227dce4c2741,2252558,69251a72496994f2855ca3f8,5,2028-06-29T18:30:00.000Z,6923ca3a385a8494efbb1f95,22.42,1800,0,1500,pending,,,true,11.5,20700,12.65,12.65,11.5,false,2026-04-06T04:59:56.627Z,2026-04-06T04:59:56.627Z,2026-04-15T11:51:49.354Z,0,
69d33dcc4ede227dce4c2742,Z25-513,69ce434c2b2deb9f9bbb7161,5,2027-04-29T18:30:00.000Z,6923ca3a385a8494efbb1f95,260,120,0,90,pending,,,true,23.5,2820,25.85,25.85,23.5,false,2026-04-06T04:59:56.683Z,2026-04-06T04:59:56.684Z,2026-04-11T05:33:14.549Z,0,
69d33dcc4ede227dce4c2743,1253832,69251a72496994f2855ca3fa,5,2028-07-30T18:30:00.000Z,6923ca3a385a8494efbb1f95,39.72,196,0,196,pending,,,true,21.5,4214,23.65,23.65,21.5,false,2026-04-06T04:59:56.744Z,2026-04-06T04:59:56.744Z,2026-04-08T08:36:02.129Z,0,
69d33dcc4ede227dce4c2744,225255,69251a72496994f2855ca3f8,5,2028-06-29T18:30:00.000Z,6923ca3a385a8494efbb1f95,22.42,500,0,500,pending,,,true,11.5,5750,12.65,12.65,11.5,false,2026-04-06T04:59:56.806Z,2026-04-06T04:59:56.807Z,2026-04-08T08:36:02.214Z,0,
69d33dcc4ede227dce4c2745,1255927,69251a75496994f2855ca45c,5,2028-10-30T18:30:00.000Z,6923ca3a385a8494efbb1f95,60.34,280,0,140,pending,,,true,22.5,6300,24.75,24.75,22.5,false,2026-04-06T04:59:56.864Z,2026-04-06T04:59:56.864Z,2026-04-14T10:36:27.669Z,0,
69d33dcc4ede227dce4c2746,1235577,69251a72496994f2855ca3f8,5,2028-06-29T18:30:00.000Z,6923ca3a385a8494efbb1f95,22.42,400,0,400,pending,,,true,11.5,4600,12.65,12.65,11.5,false,2026-04-06T04:59:56.923Z,2026-04-06T04:59:56.924Z,2026-04-08T08:36:02.556Z,0,
69d33dcc4ede227dce4c2747,2254654,69251a72496994f2855ca3fa,5,2028-10-30T18:30:00.000Z,6923ca3a385a8494efbb1f95,37.24,420,0,308,pending,,,true,21.5,9030,23.65,23.65,21.5,false,2026-04-06T04:59:56.987Z,2026-04-06T04:59:56.987Z,2026-04-15T07:04:12.481Z,0,
69d33dcd4ede227dce4c2748,MCWB25029,69369db1bcf19acba53cfd10,5,2027-02-27T18:30:00.000Z,6923ca3b385a8494efbb1ff0,463,10,0,8,pending,,,true,383.44,3834.4,421.78,421.78,383.44,false,2026-04-06T04:59:57.048Z,2026-04-06T04:59:57.048Z,2026-04-08T08:36:02.730Z,0,
69d33dcd4ede227dce4c2749,BGU250010,6936a064bcf19acba53f03e1,5,2027-03-30T18:30:00.000Z,6923ca3b385a8494efbb1ff0,111,10,0,10,pending,,,true,91.93,919.3,101.12,101.12,91.93,false,2026-04-06T04:59:57.108Z,2026-04-06T04:59:57.108Z,2026-04-08T08:36:02.815Z,0,
69d33dcd4ede227dce4c274a,TCS25003,69ce435f2b2deb9f9bbb755f,5,2026-07-30T18:30:00.000Z,6923ca3b385a8494efbb1ff0,205.5,40,0,35,pending,,,true,163.14,6525.6,179.45,179.45,163.14,false,2026-04-06T04:59:57.165Z,2026-04-06T04:59:57.165Z,2026-04-13T12:38:41.273Z,0,
69d33dcd4ede227dce4c274b,BTP25116,69ce43272b2deb9f9bbb695d,5,2027-10-30T18:30:00.000Z,6923ca3d385a8494efbb2083,180.56,20,0,20,pending,,,true,137.57,2751.4,151.33,151.33,137.57,false,2026-04-06T04:59:57.222Z,2026-04-06T04:59:57.222Z,2026-04-08T08:36:02.990Z,0,
69d33dcd4ede227dce4c274c,G24I011151,69251a65496994f2855ca1d9,12,2029-08-30T18:30:00.000Z,6923ca3e385a8494efbb20e5,64,80,0,80,pending,,,true,6.75,540,7.43,7.43,6.75,false,2026-04-06T04:59:57.281Z,2026-04-06T04:59:57.281Z,2026-04-08T08:36:03.076Z,0,
69d33dcd4ede227dce4c274d,G25H010020,69267d2df8330e39a5923673,5,2030-07-30T18:30:00.000Z,6923ca3e385a8494efbb20e5,498.75,20,0,20,pending,,,true,90,1800,99,99,90,false,2026-04-06T04:59:57.341Z,2026-04-06T04:59:57.341Z,2026-04-08T08:36:03.163Z,0,
69d33dcd4ede227dce4c274e,5F107,69251a78496994f2855ca50a,5,2030-05-30T18:30:00.000Z,6923ca3e385a8494efbb20e5,90.94,450,0,450,pending,,,true,15.25,6862.5,16.78,16.78,15.25,false,2026-04-06T04:59:57.401Z,2026-04-06T04:59:57.401Z,2026-04-08T08:36:03.251Z,0,
69d33dcd4ede227dce4c274f,25E0034KK,69251a78496994f2855ca50c,12,2030-04-29T18:30:00.000Z,6923ca3e385a8494efbb20e5,97,600,0,600,pending,,,true,15.25,9150,16.78,16.78,15.25,false,2026-04-06T04:59:57.464Z,2026-04-06T04:59:57.464Z,2026-04-08T08:36:03.338Z,0,
69d33dcd4ede227dce4c2750,G25F010729,69251a65496994f2855ca1d5,5,2030-05-30T18:30:00.000Z,6923ca3e385a8494efbb20e5,60,40,0,40,pending,,,true,6.75,270,7.43,7.43,6.75,false,2026-04-06T04:59:57.524Z,2026-04-06T04:59:57.525Z,2026-04-08T08:36:03.425Z,0,
69d33dcd4ede227dce4c2751,G25A010889,68c505d2267e3c8d0ddc24d3,12,2029-12-30T18:30:00.000Z,6923ca3e385a8494efbb20e5,198,1000,0,1000,pending,,,true,6.5,6500,7.15,7.15,6.5,false,2026-04-06T04:59:57.584Z,2026-04-06T04:59:57.585Z,2026-04-08T08:36:03.512Z,0,
69d33dcd4ede227dce4c2752,G25C010589,68c505d2267e3c8d0ddc258a,12,2030-02-27T18:30:00.000Z,6923ca3e385a8494efbb20e5,610,50,0,50,pending,,,true,100,5000,110,110,100,false,2026-04-06T04:59:57.643Z,2026-04-06T04:59:57.643Z,2026-04-08T08:36:03.598Z,0,
69d33dcd4ede227dce4c2753,521021ND1,69251a63496994f2855ca175,12,2030-04-29T18:30:00.000Z,6923ca3e385a8494efbb20e5,4.95,2000,0,2000,pending,,,true,1.8,3600,1.98,1.98,1.8,false,2026-04-06T04:59:57.698Z,2026-04-06T04:59:57.698Z,2026-04-08T08:36:03.682Z,0,
69d33dcd4ede227dce4c2754,GT242305,68c505d2267e3c8d0ddc2e9d,12,2026-11-29T18:30:00.000Z,6923ca40385a8494efbb2186,82.7,14,0,14,pending,,,true,57.89,810.46,63.68,63.68,57.89,false,2026-04-06T04:59:57.756Z,2026-04-06T04:59:57.756Z,2026-04-08T08:36:03.764Z,0,
69d33dcd4ede227dce4c2755,GT241784,68c505d2267e3c8d0ddc2e9d,12,2026-08-30T18:30:00.000Z,6923ca40385a8494efbb2186,82.7,36,0,36,pending,,,true,57.89,2084.04,63.68,63.68,57.89,false,2026-04-06T04:59:57.818Z,2026-04-06T04:59:57.818Z,2026-04-08T08:36:03.848Z,0,
69d33dcd4ede227dce4c2756,JYT-25003,68c505d2267e3c8d0ddc2e72,5,2027-06-29T18:30:00.000Z,6923ca41385a8494efbb2235,373.97,24,4,4,pending,,,true,256.44,5128.8,282.08,282.08,213.7,false,2026-04-06T04:59:57.878Z,2026-04-06T04:59:57.878Z,2026-04-11T06:25:35.220Z,0,
69d33dcd4ede227dce4c2757,1233048,69ce43512b2deb9f9bbb7263,5,2026-03-30T18:30:00.000Z,6923ca42385a8494efbb2258,11.4,3,0,3,pending,,,true,9.23,27.69,10.15,10.15,9.23,false,2026-04-06T04:59:57.936Z,2026-04-06T04:59:57.936Z,2026-04-08T08:36:04.018Z,0,
69d33dcd4ede227dce4c2758,IDMDC2404A,69ce43322b2deb9f9bbb6b9f,5,2026-05-30T18:30:00.000Z,6923ca42385a8494efbb2258,787.32,5,0,5,pending,,,true,120,600,132,132,120,false,2026-04-06T04:59:57.995Z,2026-04-06T04:59:57.995Z,2026-04-08T08:36:04.108Z,0,
69d33dce4ede227dce4c2759,BTP25118,69ce43272b2deb9f9bbb695d,5,2027-10-30T18:30:00.000Z,6923ca42385a8494efbb2258,198.6,200,0,200,pending,,,true,151.32,30264,166.45,166.45,151.32,false,2026-04-06T04:59:58.054Z,2026-04-06T04:59:58.054Z,2026-04-08T08:36:04.194Z,0,
69d33dce4ede227dce4c275a,NCL0125,68c505d2267e3c8d0ddc27d8,5,2028-05-30T18:30:00.000Z,6923ca42385a8494efbb2258,25.55,20,0,20,pending,,,true,19.48,389.6,21.43,21.43,19.48,false,2026-04-06T04:59:58.112Z,2026-04-06T04:59:58.112Z,2026-04-08T08:36:04.279Z,0,
69d33dce4ede227dce4c275b,***,69ce432f2b2deb9f9bbb6b0a,12,2030-01-01T00:00:00.000Z,6923ca42385a8494efbb2266,400,20,0,14,pending,,,true,120,2400,132,132,120,false,2026-04-06T04:59:58.171Z,2026-04-06T04:59:58.172Z,2026-04-15T07:04:10.818Z,0,
69d33dce4ede227dce4c275c,G25A040538,69ce431d2b2deb9f9bbb6744,12,2029-12-30T18:30:00.000Z,6923ca42385a8494efbb2266,572,10,0,10,pending,,,true,44.51,445.1,48.96,48.96,44.51,false,2026-04-06T04:59:58.230Z,2026-04-06T04:59:58.230Z,2026-04-08T08:36:04.365Z,0,
69d33dce4ede227dce4c275d,G25B040670,69ce431d2b2deb9f9bbb6744,12,2030-01-30T18:30:00.000Z,6923ca42385a8494efbb2266,572,10,0,10,pending,,,true,44.51,445.1,48.96,48.96,44.51,false,2026-04-06T04:59:58.285Z,2026-04-06T04:59:58.285Z,2026-04-08T08:36:04.451Z,0,
69d33dce4ede227dce4c275e,2502022,69ce43732b2deb9f9bbb798a,5,2030-01-30T18:30:00.000Z,6923ca42385a8494efbb2266,236.5,25,0,25,pending,,,true,79.21,1980.25,87.13,87.13,79.21,false,2026-04-06T04:59:58.342Z,2026-04-06T04:59:58.343Z,2026-04-08T08:36:04.536Z,0,
69d33dce4ede227dce4c275f,5224143,69ce43242b2deb9f9bbb68a6,5,2031-07-30T18:30:00.000Z,6923ca42385a8494efbb2266,703,25,0,25,pending,,,true,283.42,7085.5,311.76,311.76,283.42,false,2026-04-06T04:59:58.401Z,2026-04-06T04:59:58.401Z,2026-04-08T08:36:04.624Z,0,
69d33dce4ede227dce4c2760,TA250055,69251a5f496994f2855ca0d7,5,2029-01-30T18:30:00.000Z,6923ca42385a8494efbb2266,936.5,100,0,74,pending,,,true,223.93,22393,246.32,246.32,223.93,false,2026-04-06T04:59:58.459Z,2026-04-06T04:59:58.460Z,2026-04-14T10:32:46.551Z,0,
69d33dce4ede227dce4c2761,533504WJR1,69ce43342b2deb9f9bbb6c1f,12,2030-07-30T18:30:00.000Z,6923ca42385a8494efbb2266,67.1,200,0,25,pending,,,true,18.91,3782,20.8,20.8,18.91,false,2026-04-06T04:59:58.518Z,2026-04-06T04:59:58.518Z,2026-04-13T11:55:35.663Z,0,
69d33dce4ede227dce4c2762,2510005,68c505d2267e3c8d0ddc2983,5,2030-09-29T18:30:00.000Z,6923ca42385a8494efbb2266,221.5,200,0,200,pending,,,true,79.21,15842,87.13,87.13,79.21,false,2026-04-06T04:59:58.577Z,2026-04-06T04:59:58.577Z,2026-04-08T08:36:04.879Z,0,
69d33dce4ede227dce4c2763,5270455,68c505d2267e3c8d0ddc2bac,5,2031-08-30T18:30:00.000Z,6923ca42385a8494efbb2266,12,1700,0,1700,pending,,,true,4.02,6834,4.42,4.42,4.02,false,2026-04-06T04:59:58.633Z,2026-04-06T04:59:58.634Z,2026-04-08T08:36:04.969Z,0,
69d33dce4ede227dce4c2764,5156630,68c505d2267e3c8d0ddc2baa,12,2030-05-30T18:30:00.000Z,6923ca42385a8494efbb2266,11,4800,0,4800,pending,,,true,3.17,15216,3.49,3.49,3.17,false,2026-04-06T04:59:58.689Z,2026-04-06T04:59:58.689Z,2026-04-08T08:36:05.055Z,0,
69d33dce4ede227dce4c2765,2511DF0,69ce432d2b2deb9f9bbb6aab,5,2030-10-30T18:30:00.000Z,6923ca42385a8494efbb22a5,62,12,0,12,pending,,,true,38,456,41.8,41.8,38,false,2026-04-06T04:59:58.748Z,2026-04-06T04:59:58.748Z,2026-04-08T08:36:05.138Z,0,
69d33dce4ede227dce4c2766,GR0719,69251a67496994f2855ca211,5,2030-08-30T18:30:00.000Z,6923ca42385a8494efbb22a5,400,50,0,50,pending,,,true,30,1500,33,33,30,false,2026-04-06T04:59:58.810Z,2026-04-06T04:59:58.810Z,2026-04-08T08:36:05.224Z,0,
69d33dce4ede227dce4c2767,SR0710,69251a5d496994f2855ca07d,5,2028-06-29T18:30:00.000Z,6923ca42385a8494efbb22a5,468.75,10,0,10,pending,,,true,28,280,30.8,30.8,28,false,2026-04-06T04:59:58.867Z,2026-04-06T04:59:58.867Z,2026-04-08T08:36:05.653Z,0,
69d33dce4ede227dce4c2768,2505AE0,69ce43462b2deb9f9bbb6fea,5,2030-04-29T18:30:00.000Z,6923ca42385a8494efbb22a5,1982,1,0,1,pending,,,true,1982,1982,2180.2,2180.2,1982,false,2026-04-06T04:59:58.921Z,2026-04-06T04:59:58.921Z,2026-04-08T08:36:05.395Z,0,
69d33dce4ede227dce4c2769,2601A0,69ce43492b2deb9f9bbb70ca,5,2030-12-30T18:30:00.000Z,6923ca42385a8494efbb22a5,2322,3,0,3,pending,,,true,2322,6966,2554.2,2554.2,2322,false,2026-04-06T04:59:58.980Z,2026-04-06T04:59:58.981Z,2026-04-08T08:36:05.481Z,0,
69d33dcf4ede227dce4c276a,BC1-25181,69251a5f496994f2855ca0c7,18,2027-07-30T18:30:00.000Z,6923ca42385a8494efbb22a5,4431,10,0,10,pending,,,true,650,6500,715,715,650,false,2026-04-06T04:59:59.044Z,2026-04-06T04:59:59.044Z,2026-04-08T08:36:05.566Z,0,
69d33dcf4ede227dce4c276b,2602AB0,69ce43462b2deb9f9bbb6fea,5,2031-01-30T18:30:00.000Z,6923ca42385a8494efbb22a5,1983,2,0,2,pending,,,true,1983,3966,2181.3,2181.3,1983,false,2026-04-06T04:59:59.110Z,2026-04-06T04:59:59.110Z,2026-04-08T08:36:05.997Z,0,
69d33dcf4ede227dce4c276c,25H3015,69251a79496994f2855ca516,5,2030-07-30T18:30:00.000Z,6923ca42385a8494efbb22a5,2275,1,0,1,pending,,,true,381.25,381.25,419.38,419.38,381.25,false,2026-04-06T04:59:59.176Z,2026-04-06T04:59:59.177Z,2026-04-08T08:36:05.829Z,0,
69d33dcf4ede227dce4c276d,2601AD0,69ce43492b2deb9f9bbb70ca,5,2030-12-30T18:30:00.000Z,6923ca42385a8494efbb22a5,2322,3,0,1,pending,,,true,2322,6966,2554.2,2554.2,2322,false,2026-04-06T04:59:59.239Z,2026-04-06T04:59:59.239Z,2026-04-15T07:04:11.094Z,0,
69d33dcf4ede227dce4c276e,2601AF0,69ce43492b2deb9f9bbb70ca,5,2030-12-30T18:30:00.000Z,6923ca42385a8494efbb22a5,2322,3,0,0,pending,,,true,1578.96,6966,1750,1750,1578.96,false,2026-04-06T04:59:59.294Z,2026-04-06T04:59:59.295Z,2026-04-15T10:10:57.247Z,0,
69d33dcf4ede227dce4c276f,25D1005M,69251a78496994f2855ca50e,12,2030-03-30T18:30:00.000Z,6923ca42385a8494efbb22a5,97,250,0,175,pending,,,true,14.5,3625,15.95,15.95,14.5,false,2026-04-06T04:59:59.351Z,2026-04-06T04:59:59.351Z,2026-04-13T06:49:17.925Z,0,
69d33dcf4ede227dce4c2770,BC1-26042,69251a5f496994f2855ca0c7,18,2028-01-30T18:30:00.000Z,6923ca42385a8494efbb22a5,4431,10,0,10,pending,,,true,650,6500,715,715,650,false,2026-04-06T04:59:59.411Z,2026-04-06T04:59:59.411Z,2026-04-08T08:36:06.255Z,0,
69d33dcf4ede227dce4c2771,GT-25037,69ce433f2b2deb9f9bbb6e8d,5,2028-05-30T18:30:00.000Z,6923ca42385a8494efbb22a5,750,20,0,20,pending,,,true,190,3800,209,209,190,false,2026-04-06T04:59:59.472Z,2026-04-06T04:59:59.472Z,2026-04-08T08:36:07.934Z,0,
69d33dcf4ede227dce4c2772,EAB25123,69638ee02557351e343cc3ce,5,2028-11-29T18:30:00.000Z,6923ca42385a8494efbb22a5,1255,5,0,5,pending,,,true,97,485,106.7,106.7,97,false,2026-04-06T04:59:59.530Z,2026-04-06T04:59:59.531Z,2026-04-08T08:36:06.427Z,0,
69d33dcf4ede227dce4c2773,26B5016M,69251a78496994f2855ca50c,5,2031-01-30T18:30:00.000Z,6923ca42385a8494efbb22a5,2275,5,0,5,pending,,,true,381.25,1906.25,419.38,419.38,381.25,false,2026-04-06T04:59:59.590Z,2026-04-06T04:59:59.591Z,2026-04-08T08:36:06.538Z,0,
69d33dcf4ede227dce4c2774,26B3001,69251a78496994f2855ca50e,5,2031-01-30T18:30:00.000Z,6923ca42385a8494efbb22a5,2275,5,0,5,pending,,,true,381.25,1906.25,419.38,419.38,381.25,false,2026-04-06T04:59:59.653Z,2026-04-06T04:59:59.654Z,2026-04-08T08:36:06.624Z,0,
69d33dcf4ede227dce4c2775,26B1002,69251a78496994f2855ca50c,5,2031-01-30T18:30:00.000Z,6923ca42385a8494efbb22a5,2275,12,0,10,pending,,,true,381.25,4575,419.38,419.38,381.25,false,2026-04-06T04:59:59.714Z,2026-04-06T04:59:59.714Z,2026-04-15T07:04:16.097Z,0,
69d33dcf4ede227dce4c2776,R01260307,69251a70496994f2855ca397,5,2030-12-30T18:30:00.000Z,6923ca42385a8494efbb22a5,1518.5,10,0,0,pending,,,true,390,3900,429,429,390,false,2026-04-06T04:59:59.774Z,2026-04-06T04:59:59.775Z,2026-04-14T10:36:28.497Z,0,
69d33dcf4ede227dce4c2777,25L1018,69251a79496994f2855ca516,5,2030-11-29T18:30:00.000Z,6923ca42385a8494efbb22a5,2275,8,0,8,pending,,,true,381.25,3050,419.38,419.38,381.25,false,2026-04-06T04:59:59.833Z,2026-04-06T04:59:59.833Z,2026-04-08T08:36:06.886Z,0,
69d33dcf4ede227dce4c2778,RC1-25054,69251a74496994f2855ca442,5,2027-07-30T18:30:00.000Z,6923ca42385a8494efbb22a5,102,50,0,50,pending,,,true,46,2300,50.6,50.6,46,false,2026-04-06T04:59:59.889Z,2026-04-06T04:59:59.889Z,2026-04-08T08:36:06.972Z,0,
69d33dcf4ede227dce4c2779,BC1-25022,69ce43232b2deb9f9bbb6879,18,2027-12-30T18:30:00.000Z,6923ca42385a8494efbb22a5,908,40,0,30,pending,,,true,85,3400,93.5,93.5,85,false,2026-04-06T04:59:59.946Z,2026-04-06T04:59:59.947Z,2026-04-13T11:55:35.970Z,0,
69d33dd04ede227dce4c277a,550,69251a5d496994f2855ca079,5,2028-12-30T18:30:00.000Z,6923ca42385a8494efbb22a5,280,12,0,12,pending,,,true,30,360,33,33,30,false,2026-04-06T05:00:00.008Z,2026-04-06T05:00:00.008Z,2026-04-08T08:36:07.146Z,0,
69d33dd04ede227dce4c277b,709,69251a5d496994f2855ca07b,5,2028-09-29T18:30:00.000Z,6923ca42385a8494efbb22a5,375,36,0,36,pending,,,true,39,1404,42.9,42.9,39,false,2026-04-06T05:00:00.068Z,2026-04-06T05:00:00.068Z,2026-04-08T08:36:07.235Z,0,
69d33dd04ede227dce4c277c,EAB25132,69638ee02557351e343cc3ce,5,2028-11-29T18:30:00.000Z,6923ca42385a8494efbb22a5,1255,15,0,15,pending,,,true,97,1455,106.7,106.7,97,false,2026-04-06T05:00:00.128Z,2026-04-06T05:00:00.129Z,2026-04-08T08:36:07.321Z,0,
69d33dd04ede227dce4c277d,2601BD0,69ce432d2b2deb9f9bbb6aab,5,2030-12-30T18:30:00.000Z,6923ca42385a8494efbb22a5,62,20,0,0,pending,,,true,38,760,41.8,41.8,38,false,2026-04-06T05:00:00.190Z,2026-04-06T05:00:00.191Z,2026-04-15T07:04:11.928Z,0,
69d33dd04ede227dce4c277e,PSS25011,69ce43642b2deb9f9bbb7679,5,2028-11-29T18:30:00.000Z,6923ca42385a8494efbb22a5,199,20,0,20,pending,,,true,30,600,33,33,30,false,2026-04-06T05:00:00.250Z,2026-04-06T05:00:00.251Z,2026-04-08T08:36:07.502Z,0,
69d33dd04ede227dce4c277f,25H2013,69251a78496994f2855ca510,5,2030-07-30T18:30:00.000Z,6923ca42385a8494efbb22a5,91,50,0,50,pending,,,true,15.75,787.5,17.33,17.33,15.75,false,2026-04-06T05:00:00.309Z,2026-04-06T05:00:00.309Z,2026-04-08T08:36:07.589Z,0,
69d33dd04ede227dce4c2780,RC1-25055,69251a74496994f2855ca442,5,2027-07-30T18:30:00.000Z,6923ca42385a8494efbb22a5,102,50,0,50,pending,,,true,46,2300,50.6,50.6,46,false,2026-04-06T05:00:00.364Z,2026-04-06T05:00:00.365Z,2026-04-08T08:36:07.675Z,0,
69d33dd04ede227dce4c2781,GR01H2,69251a67496994f2855ca211,5,2030-12-30T18:30:00.000Z,6923ca42385a8494efbb22a5,400,99,0,99,pending,,,true,30,2970,33,33,30,false,2026-04-06T05:00:00.425Z,2026-04-06T05:00:00.425Z,2026-04-08T08:36:07.762Z,0,
69d33dd04ede227dce4c2782,M2602027,69251a6b496994f2855ca2b7,5,2030-02-27T18:30:00.000Z,6923ca42385a8494efbb22a5,883,35,0,15,pending,,,true,330,11550,363,363,330,false,2026-04-06T05:00:00.483Z,2026-04-06T05:00:00.483Z,2026-04-11T06:25:48.531Z,0,
69d33dd04ede227dce4c2783,EA0101,69251a6b496994f2855ca2b3,5,2030-08-30T18:30:00.000Z,6923ca42385a8494efbb22a5,1171.88,37,0,27,pending,,,true,95,3515,104.5,104.5,95,false,2026-04-06T05:00:00.541Z,2026-04-06T05:00:00.542Z,2026-04-13T06:32:25.877Z,0,
69d33dd04ede227dce4c2784,R12250909,69ce43772b2deb9f9bbb7a80,5,2028-11-29T18:30:00.000Z,6923ca42385a8494efbb22a5,232.5,100,0,100,pending,,,true,78,7800,85.8,85.8,78,false,2026-04-06T05:00:00.605Z,2026-04-06T05:00:00.605Z,2026-04-08T08:36:08.106Z,0,
69d33dd04ede227dce4c2785,26007,69ce43662b2deb9f9bbb76df,5,2029-01-30T18:30:00.000Z,6923ca42385a8494efbb22a5,185,60,0,60,pending,,,true,30,1800,33,33,30,false,2026-04-06T05:00:00.664Z,2026-04-06T05:00:00.664Z,2026-04-08T08:36:08.275Z,0,
69d33dd04ede227dce4c2786,26005,69ce43662b2deb9f9bbb76e3,5,2028-12-30T18:30:00.000Z,6923ca42385a8494efbb22a5,230,60,0,60,pending,,,true,39,2340,42.9,42.9,39,false,2026-04-06T05:00:00.724Z,2026-04-06T05:00:00.724Z,2026-04-08T08:36:08.453Z,0,
69d33dd04ede227dce4c2787,R1225090,69ce43772b2deb9f9bbb7a6c,5,2028-11-29T18:30:00.000Z,6923ca42385a8494efbb22a5,175,200,0,200,pending,,,true,78,15600,85.8,85.8,78,false,2026-04-06T05:00:00.782Z,2026-04-06T05:00:00.782Z,2026-04-08T08:36:08.541Z,0,
69d33dd04ede227dce4c2788,GS01E1,69ce433f2b2deb9f9bbb6e92,5,2030-04-29T18:30:00.000Z,6923ca42385a8494efbb22a5,104.06,600,0,250,pending,,,true,16,9600,17.6,17.6,16,false,2026-04-06T05:00:00.844Z,2026-04-06T05:00:00.844Z,2026-04-15T11:51:47.653Z,0,
69d33dd04ede227dce4c2789,K1525,69ce43682b2deb9f9bbb7729,5,2030-10-30T18:30:00.000Z,6923ca42385a8494efbb22a5,140,200,0,200,pending,,,true,26,5200,28.6,28.6,26,false,2026-04-06T05:00:00.901Z,2026-04-06T05:00:00.901Z,2026-04-08T08:36:08.705Z,0,
69d33dd04ede227dce4c278a,M2502057,693fcb77dff3f5256b8ba25c,12,2029-05-30T18:30:00.000Z,6923ca42385a8494efbb22a5,95,150,0,150,pending,,,true,33,4950,36.3,36.3,33,false,2026-04-06T05:00:00.964Z,2026-04-06T05:00:00.964Z,2026-04-08T08:36:08.788Z,0,
69d33dd14ede227dce4c278b,GS1101,69ce433f2b2deb9f9bbb6e92,5,2030-10-30T18:30:00.000Z,6923ca42385a8494efbb22a5,104.06,600,0,600,pending,,,true,16,9600,17.6,17.6,16,false,2026-04-06T05:00:01.025Z,2026-04-06T05:00:01.025Z,2026-04-08T08:36:08.869Z,0,
69d33dd14ede227dce4c278c,BLNP274045,69578d3747f1ba42f6fb4222,5,2028-03-30T18:30:00.000Z,6923ca42385a8494efbb22ac,93.7,1,0,1,pending,,,true,67.5,67.5,74.25,74.25,67.5,false,2026-04-06T05:00:01.095Z,2026-04-06T05:00:01.095Z,2026-04-08T08:36:08.952Z,0,
69d33dd14ede227dce4c278d,IACNDK528,695ce2c84094f0324b311d52,5,2028-08-30T18:30:00.000Z,6923ca42385a8494efbb22ac,630.95,90,0,90,pending,,,true,115,10350,126.5,126.5,115,false,2026-04-06T05:00:01.154Z,2026-04-06T05:00:01.154Z,2026-04-08T08:36:09.035Z,0,
69d33dd14ede227dce4c278e,SD112506A,69905d30ab1168a3f04a8b1e,5,2027-10-30T18:30:00.000Z,6923ca42385a8494efbb22ac,772.32,50,0,50,pending,,,true,65,3250,71.5,71.5,65,false,2026-04-06T05:00:01.213Z,2026-04-06T05:00:01.213Z,2026-04-08T08:36:11.530Z,0,
69d33dd14ede227dce4c278f,SD092506A,696383432557351e34393b3a,5,2027-07-30T18:30:00.000Z,6923ca42385a8494efbb22ac,1017.71,20,0,20,pending,,,true,86,1720,94.6,94.6,86,false,2026-04-06T05:00:01.270Z,2026-04-06T05:00:01.270Z,2026-04-08T08:36:10.754Z,0,
69d33dd14ede227dce4c2790,IDXNA1502,69251a63496994f2855ca177,5,2028-02-28T18:30:00.000Z,6923ca42385a8494efbb22ac,81,2,0,2,pending,,,true,66.5,133,73.15,73.15,66.5,false,2026-04-06T05:00:01.329Z,2026-04-06T05:00:01.329Z,2026-04-08T08:36:09.295Z,0,
69d33dd14ede227dce4c2791,SU530252,69ce43342b2deb9f9bbb6c05,5,2027-07-30T18:30:00.000Z,6923ca42385a8494efbb22ac,270.9,3,0,0,pending,,,true,130,390,143,143,130,false,2026-04-06T05:00:01.387Z,2026-04-06T05:00:01.387Z,2026-04-13T06:28:06.086Z,0,
69d33dd14ede227dce4c2792,IADRA1520,694cca2fb0398ee974468ec3,5,2027-09-29T18:30:00.000Z,6923ca42385a8494efbb22ac,338.4,2,0,2,pending,,,true,90,180,99,99,90,false,2026-04-06T05:00:01.446Z,2026-04-06T05:00:01.446Z,2026-04-08T08:36:09.468Z,0,
69d33dd14ede227dce4c2793,C 260021,69251a77496994f2855ca4d8,5,2030-12-30T18:30:00.000Z,6923ca42385a8494efbb22ac,3036,2,0,2,pending,,,true,607.2,1214.4,667.92,667.92,607.2,false,2026-04-06T05:00:01.505Z,2026-04-06T05:00:01.505Z,2026-04-08T08:36:09.553Z,0,
69d33dd14ede227dce4c2794,143429,68c505d2267e3c8d0ddc273e,5,2028-05-30T18:30:00.000Z,6923ca42385a8494efbb22ac,59,6,0,6,pending,,,true,46.5,279,51.15,51.15,46.5,false,2026-04-06T05:00:01.566Z,2026-04-06T05:00:01.567Z,2026-04-08T08:36:09.641Z,0,
69d33dd14ede227dce4c2795,SENXA2447A,69ce43812b2deb9f9bbb7cd6,5,2026-09-29T18:30:00.000Z,6923ca42385a8494efbb22ac,470.27,3,0,3,pending,,,true,85,255,93.5,93.5,85,false,2026-04-06T05:00:01.628Z,2026-04-06T05:00:01.628Z,2026-04-08T08:36:09.812Z,0,
69d33dd14ede227dce4c2796,250941,69ce43672b2deb9f9bbb76f1,5,2027-02-27T18:30:00.000Z,6923ca42385a8494efbb22ac,100,4,0,4,pending,,,true,75,300,82.5,82.5,75,false,2026-04-06T05:00:01.687Z,2026-04-06T05:00:01.687Z,2026-04-08T08:36:09.897Z,0,
69d33dd14ede227dce4c2797,IADRA1516,694cca2fb0398ee974468ec3,5,2027-08-30T18:30:00.000Z,6923ca42385a8494efbb22ac,338.4,4,0,4,pending,,,true,120,480,132,132,120,false,2026-04-06T05:00:01.745Z,2026-04-06T05:00:01.746Z,2026-04-08T08:36:09.979Z,0,
69d33dd14ede227dce4c2798,IADRA1601,694cca2fb0398ee974468ec3,5,2027-12-30T18:30:00.000Z,6923ca42385a8494efbb22ac,338.4,10,0,10,pending,,,true,90,900,99,99,90,false,2026-04-06T05:00:01.805Z,2026-04-06T05:00:01.805Z,2026-04-08T08:36:10.064Z,0,
69d33dd14ede227dce4c2799,ILBLAK503,69251a6a496994f2855ca28b,5,2027-06-29T18:30:00.000Z,6923ca42385a8494efbb22ac,1067.75,10,0,10,pending,,,true,285,2850,313.5,313.5,285,false,2026-04-06T05:00:01.869Z,2026-04-06T05:00:01.870Z,2026-04-08T08:36:10.149Z,0,
69d33dd14ede227dce4c279a,S110125,69ce43742b2deb9f9bbb79bb,5,2028-11-29T18:30:00.000Z,6923ca42385a8494efbb22ac,538,10,0,10,pending,,,true,185,1850,203.5,203.5,185,false,2026-04-06T05:00:01.931Z,2026-04-06T05:00:01.931Z,2026-04-08T08:36:10.235Z,0,
69d33dd14ede227dce4c279b,KM144298,68c505d2267e3c8d0ddc273f,5,2027-07-30T18:30:00.000Z,6923ca42385a8494efbb22ac,33.3,10,0,10,pending,,,true,26,260,28.6,28.6,26,false,2026-04-06T05:00:01.993Z,2026-04-06T05:00:01.993Z,2026-04-08T08:36:10.322Z,0,
69d33dd24ede227dce4c279c,KM144320,68c505d2267e3c8d0ddc273f,5,2027-10-30T18:30:00.000Z,6923ca42385a8494efbb22ac,33.3,10,0,10,pending,,,true,26,260,28.6,28.6,26,false,2026-04-06T05:00:02.051Z,2026-04-06T05:00:02.051Z,2026-04-08T08:36:10.410Z,0,
69d33dd24ede227dce4c279d,S945,69251a6a496994f2855ca28d,5,2027-10-30T18:30:00.000Z,6923ca42385a8494efbb22ac,34.58,40,0,30,pending,,,true,23,920,25.3,25.3,23,false,2026-04-06T05:00:02.109Z,2026-04-06T05:00:02.109Z,2026-04-15T07:04:09.984Z,0,
69d33dd24ede227dce4c279e,AUM10AAA,69ce43682b2deb9f9bbb7722,5,2028-10-30T18:30:00.000Z,6923ca42385a8494efbb22ac,311.2,30,0,30,pending,,,true,105,3150,115.5,115.5,105,false,2026-04-06T05:00:02.170Z,2026-04-06T05:00:02.171Z,2026-04-08T08:36:10.584Z,0,
69d33dd24ede227dce4c279f,IADRA1523,694cca2fb0398ee974468ec3,5,2027-11-29T18:30:00.000Z,6923ca42385a8494efbb22ac,338.4,6,0,6,pending,,,true,90,540,99,99,90,false,2026-04-06T05:00:02.235Z,2026-04-06T05:00:02.236Z,2026-04-08T08:36:10.666Z,0,
69d33dd24ede227dce4c27a0,E251196,69ce43762b2deb9f9bbb7a35,5,2030-06-29T18:30:00.000Z,6923ca42385a8494efbb22ac,384.33,12,0,12,pending,,,true,76.87,922.44,84.56,84.56,76.87,false,2026-04-06T05:00:02.290Z,2026-04-06T05:00:02.290Z,2026-04-08T08:36:10.840Z,0,
69d33dd24ede227dce4c27a1,E251247,69ce43762b2deb9f9bbb7a35,5,2030-07-30T18:30:00.000Z,6923ca42385a8494efbb22ac,384.33,12,0,12,pending,,,true,76.87,922.44,84.56,84.56,76.87,false,2026-04-06T05:00:02.351Z,2026-04-06T05:00:02.352Z,2026-04-08T08:36:10.926Z,0,
69d33dd24ede227dce4c27a2,E252175P,69ce437b2b2deb9f9bbb7b65,5,2030-11-29T18:30:00.000Z,6923ca42385a8494efbb22ac,871.83,12,0,12,pending,,,true,174.36,2092.32,191.8,191.8,174.36,false,2026-04-06T05:00:02.411Z,2026-04-06T05:00:02.411Z,2026-04-08T08:36:11.011Z,0,
69d33dd24ede227dce4c27a3,E250688P,69ce43762b2deb9f9bbb7a2f,5,2030-04-29T18:30:00.000Z,6923ca42385a8494efbb22ac,1042.5,24,0,24,pending,,,true,208.5,5004,229.35,229.35,208.5,false,2026-04-06T05:00:02.471Z,2026-04-06T05:00:02.471Z,2026-04-08T08:36:11.879Z,0,
69d33dd24ede227dce4c27a4,1303343,69251a5e496994f2855ca0ad,5,2027-02-27T18:30:00.000Z,6923ca42385a8494efbb22ac,45.2,15,0,15,pending,,,true,28,420,30.8,30.8,28,false,2026-04-06T05:00:02.532Z,2026-04-06T05:00:02.532Z,2026-04-08T08:36:11.187Z,0,
69d33dd24ede227dce4c27a5,V189333,698ad1fce0c7321ffbf0d580,5,2027-07-30T18:30:00.000Z,6923ca42385a8494efbb22ac,285.9,50,0,40,pending,,,true,69.5,3475,76.45,76.45,69.5,false,2026-04-06T05:00:02.594Z,2026-04-06T05:00:02.595Z,2026-04-13T11:55:35.263Z,0,
69d33dd24ede227dce4c27a6,1303347,69251a5e496994f2855ca0ad,5,2027-04-29T18:30:00.000Z,6923ca42385a8494efbb22ac,45.2,65,0,65,pending,,,true,28,1820,30.8,30.8,28,false,2026-04-06T05:00:02.656Z,2026-04-06T05:00:02.657Z,2026-04-08T08:36:11.356Z,0,
69d33dd24ede227dce4c27a7,A1925023,69ce43572b2deb9f9bbb7373,5,2027-11-29T18:30:00.000Z,6923ca42385a8494efbb22ac,258.74,20,0,10,pending,,,true,110,2200,121,121,110,false,2026-04-06T05:00:02.715Z,2026-04-06T05:00:02.715Z,2026-04-13T06:50:23.286Z,0,
69d33dd24ede227dce4c27a8,SD092509A,696383432557351e34393b3a,5,2027-10-30T18:30:00.000Z,6923ca42385a8494efbb22ac,1017.71,180,0,180,pending,,,true,86,15480,94.6,94.6,86,false,2026-04-06T05:00:02.776Z,2026-04-06T05:00:02.776Z,2026-04-08T08:36:11.619Z,0,
69d33dd24ede227dce4c27a9,C250144S,69ce43712b2deb9f9bbb7935,5,2030-11-29T18:30:00.000Z,6923ca42385a8494efbb22ac,266,24,0,24,pending,,,true,53.2,1276.8,58.52,58.52,53.2,false,2026-04-06T05:00:02.839Z,2026-04-06T05:00:02.839Z,2026-04-08T08:36:11.707Z,0,
69d33dd24ede227dce4c27aa,SENXA1556,69ce43812b2deb9f9bbb7cd6,5,2027-11-29T18:30:00.000Z,6923ca42385a8494efbb22ac,478.45,27,0,27,pending,,,true,85,2295,93.5,93.5,85,false,2026-04-06T05:00:02.898Z,2026-04-06T05:00:02.898Z,2026-04-08T08:36:11.795Z,0,
69d33dd24ede227dce4c27ab,386446,69251a71496994f2855ca3bf,5,2027-11-29T18:30:00.000Z,6923ca42385a8494efbb22ac,124.85,20,0,20,pending,,,true,87,1740,95.7,95.7,87,false,2026-04-06T05:00:02.978Z,2026-04-06T05:00:02.979Z,2026-04-08T08:36:11.964Z,0,
69d33dd34ede227dce4c27ac,26036,69ce43712b2deb9f9bbb793c,5,2028-12-30T18:30:00.000Z,6923ca42385a8494efbb22ac,178.9,40,0,22,pending,,,true,90,3600,99,99,90,false,2026-04-06T05:00:03.049Z,2026-04-06T05:00:03.049Z,2026-04-13T11:55:35.138Z,0,
69d33dd34ede227dce4c27ad,SENXB2422A,697d5de07650d5ea2b3c8f0b,5,2026-10-30T18:30:00.000Z,6923ca42385a8494efbb22ac,705.41,50,0,50,pending,,,true,95,4750,104.5,104.5,95,false,2026-04-06T05:00:03.108Z,2026-04-06T05:00:03.109Z,2026-04-08T08:36:12.130Z,0,
69d33dd34ede227dce4c27ae,IDBTA1602,69ce43352b2deb9f9bbb6c3e,5,2028-01-30T18:30:00.000Z,6923ca42385a8494efbb22ac,48.15,40,0,20,pending,,,true,29,1160,31.9,31.9,29,false,2026-04-06T05:00:03.168Z,2026-04-06T05:00:03.169Z,2026-04-13T06:50:12.751Z,0,
69d33dd34ede227dce4c27af,KP85425,69ce437e2b2deb9f9bbb7c2d,5,2026-10-30T18:30:00.000Z,6923ca42385a8494efbb22ac,13.04,100,0,100,pending,,,true,10.2,1020,11.22,11.22,10.2,false,2026-04-06T05:00:03.233Z,2026-04-06T05:00:03.233Z,2026-04-08T08:36:12.294Z,0,
69d33dd34ede227dce4c27b0,IDPHA1513,69ce43352b2deb9f9bbb6c5d,5,2027-07-30T18:30:00.000Z,6923ca42385a8494efbb22ac,25.42,50,0,50,pending,,,true,11,550,12.1,12.1,11,false,2026-04-06T05:00:03.294Z,2026-04-06T05:00:03.294Z,2026-04-08T08:36:12.378Z,0,
69d33dd34ede227dce4c27b1,INGLA1518,69ce43472b2deb9f9bbb702b,5,2027-11-29T18:30:00.000Z,6923ca42385a8494efbb22ac,32.99,100,0,100,pending,,,true,18.4,1840,20.24,20.24,18.4,false,2026-04-06T05:00:03.356Z,2026-04-06T05:00:03.356Z,2026-04-08T08:36:12.461Z,0,
69d33dd34ede227dce4c27b2,L0182505A,69ce435d2b2deb9f9bbb74d2,5,2027-03-30T18:30:00.000Z,6923ca42385a8494efbb22ac,215.61,100,0,100,pending,,,true,26,2600,28.6,28.6,26,false,2026-04-06T05:00:03.416Z,2026-04-06T05:00:03.416Z,2026-04-08T08:36:12.543Z,0,
69d33dd34ede227dce4c27b3,IACNCK524,69ce43572b2deb9f9bbb7379,5,2028-10-30T18:30:00.000Z,6923ca42385a8494efbb22ac,50.48,100,0,100,pending,,,true,17,1700,18.7,18.7,17,false,2026-04-06T05:00:03.476Z,2026-04-06T05:00:03.476Z,2026-04-08T08:36:12.629Z,0,
69d33dd34ede227dce4c27b4,KP247450,68c505d2267e3c8d0ddc2786,5,2027-11-29T18:30:00.000Z,6923ca42385a8494efbb22ac,215.3,100,0,0,pending,,,true,65.2,6520,71.72,71.72,65.2,false,2026-04-06T05:00:03.537Z,2026-04-06T05:00:03.537Z,2026-04-13T06:49:20.536Z,0,
69d33dd34ede227dce4c27b5,IA01627A,68c505d2267e3c8d0ddc2e61,5,2027-09-29T18:30:00.000Z,6923ca43385a8494efbb22e4,16406.25,2,0,0,pending,,,true,5142.86,10285.72,5657.15,5657.15,5142.86,false,2026-04-06T05:00:03.598Z,2026-04-06T05:00:03.598Z,2026-04-15T11:53:55.408Z,0,
69d33dd34ede227dce4c27b6,AN20G25135,69ce431e2b2deb9f9bbb6766,5,2028-10-30T18:30:00.000Z,6923ca43385a8494efbb22e4,9749.88,10,0,10,pending,,,true,4000,40000,4400,4400,4000,false,2026-04-06T05:00:03.655Z,2026-04-06T05:00:03.656Z,2026-04-08T08:36:12.886Z,0,
69d33dd34ede227dce4c27b7,15002732,69ce43202b2deb9f9bbb67e3,5,2027-09-29T18:30:00.000Z,6923ca43385a8494efbb232a,145.31,10,0,10,pending,,,true,110.71,1107.1,121.78,121.78,110.71,false,2026-04-06T05:00:03.711Z,2026-04-06T05:00:03.712Z,2026-04-08T08:36:12.973Z,0,
69d33dd34ede227dce4c27b8,48020589,69ce436c2b2deb9f9bbb7831,5,2028-02-28T18:30:00.000Z,6923ca43385a8494efbb232a,212.81,20,0,20,pending,,,true,162.14,3242.8,178.35,178.35,162.14,false,2026-04-06T05:00:03.769Z,2026-04-06T05:00:03.770Z,2026-04-08T08:36:13.056Z,0,
69d33dd34ede227dce4c27b9,56002038,69251a67496994f2855ca21f,5,2028-09-29T18:30:00.000Z,6923ca43385a8494efbb232a,19.46,50,0,50,pending,,,true,14.82,741,16.3,16.3,14.82,false,2026-04-06T05:00:03.829Z,2026-04-06T05:00:03.830Z,2026-04-08T08:36:13.139Z,0,
69d33dd34ede227dce4c27ba,48020714,69ce43632b2deb9f9bbb765b,5,2027-09-29T18:30:00.000Z,6923ca43385a8494efbb232a,78.52,60,0,55,pending,,,true,59.82,3589.2,65.8,65.8,59.82,false,2026-04-06T05:00:03.887Z,2026-04-06T05:00:03.887Z,2026-04-15T11:51:49.920Z,0,
69d33dd34ede227dce4c27bb,TBF23,69ce43792b2deb9f9bbb7adf,5,2027-07-30T18:30:00.000Z,6923ca43385a8494efbb232a,193.13,10,0,10,pending,,,true,147.14,1471.4,161.85,161.85,147.14,false,2026-04-06T05:00:03.945Z,2026-04-06T05:00:03.945Z,2026-04-08T08:36:13.313Z,0,
69d33dd44ede227dce4c27bc,48020406,69ce436d2b2deb9f9bbb7837,5,2027-12-30T18:30:00.000Z,6923ca43385a8494efbb232a,444.2,10,0,10,pending,,,true,317.32,3173.2,349.05,349.05,317.32,false,2026-04-06T05:00:04.007Z,2026-04-06T05:00:04.007Z,2026-04-08T08:36:13.398Z,0,
69d33dd44ede227dce4c27bd,56001807,68c505d2267e3c8d0ddc2cb4,5,2027-02-27T18:30:00.000Z,6923ca43385a8494efbb232a,5.15,50,0,50,pending,,,true,4.22,211,4.64,4.64,4.22,false,2026-04-06T05:00:04.065Z,2026-04-06T05:00:04.065Z,2026-04-08T08:36:13.480Z,0,
69d33dd44ede227dce4c27be,60002526,69ce43412b2deb9f9bbb6ef4,5,2027-11-29T18:30:00.000Z,6923ca43385a8494efbb232a,180,30,0,13,pending,,,true,137.14,4114.2,150.85,150.85,137.14,false,2026-04-06T05:00:04.120Z,2026-04-06T05:00:04.120Z,2026-04-14T10:44:43.008Z,0,
69d33dd44ede227dce4c27bf,25S2GCB014,692a8c0175a32a66bcf88dad,5,2027-11-29T18:30:00.000Z,6923ca43385a8494efbb232a,144.07,20,0,20,pending,,,true,109.77,2195.4,120.75,120.75,109.77,false,2026-04-06T05:00:04.174Z,2026-04-06T05:00:04.174Z,2026-04-08T08:36:13.650Z,0,
69d33dd44ede227dce4c27c0,MT3098,69317a3e8e39b28fbf9227a5,5,2028-04-29T18:30:00.000Z,6923ca43385a8494efbb232a,89.34,10,0,10,pending,,,true,68.07,680.7,74.88,74.88,68.07,false,2026-04-06T05:00:04.231Z,2026-04-06T05:00:04.231Z,2026-04-08T08:36:13.735Z,0,
69d33dd44ede227dce4c27c1,48020738,69ce436d2b2deb9f9bbb7837,5,2028-03-30T18:30:00.000Z,6923ca43385a8494efbb232a,416.44,9,0,9,pending,,,true,317.32,2855.88,349.05,349.05,317.32,false,2026-04-06T05:00:04.288Z,2026-04-06T05:00:04.288Z,2026-04-08T08:36:13.821Z,0,
69d33dd44ede227dce4c27c2,LAB25019,68c505d2267e3c8d0ddc2c66,5,2027-04-29T18:30:00.000Z,6923ca43385a8494efbb232a,459.5,9,0,0,pending,,,true,350.14,3151.26,385.15,385.15,350.14,false,2026-04-06T05:00:04.348Z,2026-04-06T05:00:04.348Z,2026-04-15T08:06:01.717Z,0,
69d33dd44ede227dce4c27c3,25443871,69ce435e2b2deb9f9bbb752b,5,2027-09-29T18:30:00.000Z,6923ca43385a8494efbb232a,54.85,20,0,20,pending,,,true,41.79,835.8,45.97,45.97,41.79,false,2026-04-06T05:00:04.407Z,2026-04-06T05:00:04.408Z,2026-04-08T08:36:13.994Z,0,
69d33dd44ede227dce4c27c4,48020742,69ce43632b2deb9f9bbb765b,5,2027-09-29T18:30:00.000Z,6923ca43385a8494efbb232a,78.52,50,0,40,pending,,,true,59.82,2991,65.8,65.8,59.82,false,2026-04-06T05:00:04.466Z,2026-04-06T05:00:04.466Z,2026-04-14T10:44:44.889Z,0,
69d33dd44ede227dce4c27c5,15002748,69ce43202b2deb9f9bbb67e3,5,2027-10-30T18:30:00.000Z,6923ca43385a8494efbb232a,145.31,10,0,0,pending,,,true,110.71,1107.1,121.78,121.78,110.71,false,2026-04-06T05:00:04.524Z,2026-04-06T05:00:04.525Z,2026-04-14T10:28:42.945Z,0,
69d33dd44ede227dce4c27c6,TDF27,69ce43792b2deb9f9bbb7ae8,5,2027-08-30T18:30:00.000Z,6923ca43385a8494efbb232a,206.63,20,0,20,pending,,,true,157.43,3148.6,173.17,173.17,157.43,false,2026-04-06T05:00:04.582Z,2026-04-06T05:00:04.583Z,2026-04-08T08:36:14.249Z,0,
69d33dd44ede227dce4c27c7,RDF250920,69ce436d2b2deb9f9bbb7840,5,2027-08-30T18:30:00.000Z,6923ca43385a8494efbb232a,264.89,10,0,10,pending,,,true,201.82,2018.2,222,222,201.82,false,2026-04-06T05:00:04.639Z,2026-04-06T05:00:04.640Z,2026-04-08T08:36:14.336Z,0,
69d33dd44ede227dce4c27c8,ROF22,69ce436d2b2deb9f9bbb7846,5,2027-09-29T18:30:00.000Z,6923ca43385a8494efbb232a,329.53,10,0,8,pending,,,true,251.07,2510.7,276.18,276.18,251.07,false,2026-04-06T05:00:04.696Z,2026-04-06T05:00:04.696Z,2026-04-13T06:31:54.296Z,0,
69d33dd44ede227dce4c27c9,AB01988,68c505d2267e3c8d0ddc2c60,5,2028-08-30T18:30:00.000Z,6923ca43385a8494efbb232a,27.85,12,0,0,pending,,,true,21.22,254.64,23.34,23.34,21.22,false,2026-04-06T05:00:04.754Z,2026-04-06T05:00:04.754Z,2026-04-15T05:00:28.696Z,0,
69d33dd44ede227dce4c27ca,AB04158,69ce436a2b2deb9f9bbb778d,5,2027-08-30T18:30:00.000Z,6923ca43385a8494efbb232a,27.15,30,0,30,pending,,,true,21.72,651.6,23.89,23.89,21.72,false,2026-04-06T05:00:04.815Z,2026-04-06T05:00:04.816Z,2026-04-08T08:36:15.461Z,0,
69d33dd44ede227dce4c27cb,AB05006,68c505d2267e3c8d0ddc2e18,5,2027-09-29T18:30:00.000Z,6923ca43385a8494efbb232a,60.55,17,0,17,pending,,,true,48.44,823.48,53.28,53.28,48.44,false,2026-04-06T05:00:04.894Z,2026-04-06T05:00:04.894Z,2026-04-08T08:36:15.204Z,0,
69d33dd44ede227dce4c27cc,AB01990,68c505d2267e3c8d0ddc2c5f,5,2028-03-30T18:30:00.000Z,6923ca43385a8494efbb232a,12.15,20,0,10,pending,,,true,9.26,185.2,10.19,10.19,9.26,false,2026-04-06T05:00:04.952Z,2026-04-06T05:00:04.952Z,2026-04-13T10:14:54.139Z,0,
69d33dd54ede227dce4c27cd,AB04406,69251a61496994f2855ca135,5,2028-08-30T18:30:00.000Z,6923ca43385a8494efbb232a,43.5,20,0,20,pending,,,true,33.15,663,36.47,36.47,33.15,false,2026-04-06T05:00:05.013Z,2026-04-06T05:00:05.014Z,2026-04-08T08:36:14.857Z,0,
69d33dd54ede227dce4c27ce,AB04884,68c505d2267e3c8d0ddc2e18,5,2027-09-29T18:30:00.000Z,6923ca43385a8494efbb232a,63.5,20,0,20,pending,,,true,48.44,968.8,53.28,53.28,48.44,false,2026-04-06T05:00:05.073Z,2026-04-06T05:00:05.073Z,2026-04-08T08:36:14.943Z,0,
69d33dd54ede227dce4c27cf,AB04894,69ce432e2b2deb9f9bbb6adf,5,2028-09-29T18:30:00.000Z,6923ca43385a8494efbb232a,175.1,20,0,20,pending,,,true,133.41,2668.2,146.75,146.75,133.41,false,2026-04-06T05:00:05.132Z,2026-04-06T05:00:05.133Z,2026-04-08T08:36:15.029Z,0,
69d33dd54ede227dce4c27d0,UC00336,69ce43482b2deb9f9bbb708f,5,2027-12-30T18:30:00.000Z,6923ca43385a8494efbb232a,237.7,20,0,17,pending,,,true,181.1,3622,199.21,199.21,181.1,false,2026-04-06T05:00:05.211Z,2026-04-06T05:00:05.211Z,2026-04-13T11:55:35.745Z,0,
69d33dd54ede227dce4c27d1,EGTC25068,69251a64496994f2855ca19f,5,2027-04-29T18:30:00.000Z,6923ca43385a8494efbb232a,182.44,30,0,30,pending,,,true,145.95,4378.5,160.54,160.54,145.95,false,2026-04-06T05:00:05.270Z,2026-04-06T05:00:05.270Z,2026-04-08T08:36:15.290Z,0,
69d33dd54ede227dce4c27d2,56002065,68c505d2267e3c8d0ddc2cb4,5,2027-10-30T18:30:00.000Z,6923ca43385a8494efbb232a,5.29,50,0,22,pending,,,true,4.34,217,4.77,4.77,4.34,false,2026-04-06T05:00:05.330Z,2026-04-06T05:00:05.330Z,2026-04-15T05:00:29.513Z,0,
69d33dd54ede227dce4c27d3,60002544,69ce43412b2deb9f9bbb6eeb,5,2027-11-29T18:30:00.000Z,6923ca43385a8494efbb232a,123.28,30,0,30,pending,,,true,93.93,2817.9,103.32,103.32,93.93,false,2026-04-06T05:00:05.392Z,2026-04-06T05:00:05.393Z,2026-04-08T08:36:15.550Z,0,
69d33dd54ede227dce4c27d4,60002604,69ce43412b2deb9f9bbb6ef4,5,2027-12-30T18:30:00.000Z,6923ca43385a8494efbb232a,180,30,0,10,pending,,,true,137.14,4114.2,150.85,150.85,137.14,false,2026-04-06T05:00:05.454Z,2026-04-06T05:00:05.454Z,2026-04-14T10:32:44.352Z,0,
69d33dd54ede227dce4c27d5,28027613,69ce43392b2deb9f9bbb6d25,5,2027-05-30T18:30:00.000Z,6923ca43385a8494efbb232a,66.8,50,0,50,pending,,,true,53.44,2672,58.78,58.78,53.44,false,2026-04-06T05:00:05.513Z,2026-04-06T05:00:05.513Z,2026-04-08T08:36:15.721Z,0,
69d33dd54ede227dce4c27d6,H1B/24-021,6932c9718e39b28fbfc812aa,5,2026-11-29T18:30:00.000Z,6923ca44385a8494efbb2338,506.25,20,0,20,pending,,,true,140,2800,154,154,140,false,2026-04-06T05:00:05.574Z,2026-04-06T05:00:05.575Z,2026-04-08T08:36:15.807Z,0,
69d33dd54ede227dce4c27d7,M2B/24-005,6932c9d98e39b28fbfc81e65,5,2027-07-30T18:30:00.000Z,6923ca44385a8494efbb2338,281.25,40,0,40,pending,,,true,180,7200,198,198,180,false,2026-04-06T05:00:05.633Z,2026-04-06T05:00:05.633Z,2026-04-08T08:36:15.894Z,0,
69d33dd54ede227dce4c27d8,BP14KH030,68c505d2267e3c8d0ddc243c,5,2030-01-01T00:00:00.000Z,6923ca44385a8494efbb2377,1310,216,0,216,pending,,,true,736,158976,809.6,809.6,736,false,2026-04-06T05:00:05.693Z,2026-04-06T05:00:05.693Z,2026-04-06T05:00:05.693Z,0,
69d33dd54ede227dce4c27d9,BP15KG017,68c505d2267e3c8d0ddc243f,12,2030-01-01T00:00:00.000Z,6923ca44385a8494efbb2377,1570,108,0,108,pending,,,true,827,89316,909.7,909.7,827,false,2026-04-06T05:00:05.755Z,2026-04-06T05:00:05.755Z,2026-04-06T05:00:05.755Z,0,
69d33dd54ede227dce4c27da,BP14KD001,68c505d2267e3c8d0ddc243c,12,2030-01-01T00:00:00.000Z,6923ca44385a8494efbb2377,1400,540,0,540,pending,,,true,736,397440,809.6,809.6,736,false,2026-04-06T05:00:05.816Z,2026-04-06T05:00:05.816Z,2026-04-06T05:00:05.816Z,0,
69d33dd54ede227dce4c27db,H1XKE0047,68c505d2267e3c8d0ddc2f2b,12,2027-04-29T18:30:00.000Z,6923ca44385a8494efbb2377,50,2100,0,2100,pending,,,true,4,8400,4.4,4.4,4,false,2026-04-06T05:00:05.876Z,2026-04-06T05:00:05.876Z,2026-04-08T08:36:15.985Z,0,
69d33dd54ede227dce4c27dc,AKJ226,68c505d2267e3c8d0ddc260d,5,2030-01-01T00:00:00.000Z,6923ca44385a8494efbb2377,623.44,100,0,100,pending,,,true,350,35000,385,385,350,false,2026-04-06T05:00:05.933Z,2026-04-06T05:00:05.933Z,2026-04-06T05:00:05.933Z,0,
69d33dd54ede227dce4c27dd,BP15KK040,68c505d2267e3c8d0ddc243f,5,2030-01-01T00:00:00.000Z,6923ca44385a8494efbb2377,1471.88,324,0,322,pending,,,true,827,267948,909.7,909.7,827,false,2026-04-06T05:00:05.993Z,2026-04-06T05:00:05.993Z,2026-04-09T03:42:31.699Z,0,
69d33dd64ede227dce4c27de,BP14KL065,68c505d2267e3c8d0ddc243c,5,2030-01-01T00:00:00.000Z,6923ca44385a8494efbb2377,1310,54,0,34,pending,,,true,736,39744,809.6,809.6,736,false,2026-04-06T05:00:06.053Z,2026-04-06T05:00:06.053Z,2026-04-10T08:29:54.103Z,0,
69d33dd64ede227dce4c27df,AXLB01720,69251a67496994f2855ca219,5,2027-07-30T18:30:00.000Z,6923ca44385a8494efbb2377,465,400,0,354,pending,,,true,265,106000,291.5,291.5,265,false,2026-04-06T05:00:06.109Z,2026-04-06T05:00:06.110Z,2026-04-15T11:51:49.070Z,0,
69d33dd64ede227dce4c27e0,BP14KJ050,68c505d2267e3c8d0ddc243c,5,2030-01-01T00:00:00.000Z,6923ca44385a8494efbb2377,1310,162,0,105,pending,,,true,736,119232,809.6,809.6,736,false,2026-04-06T05:00:06.171Z,2026-04-06T05:00:06.171Z,2026-04-14T10:46:01.052Z,0,
69d33dd64ede227dce4c27e1,ALB310,68c505d2267e3c8d0ddc260d,5,2030-01-01T00:00:00.000Z,6923ca44385a8494efbb2377,620,100,0,14,pending,,,true,350,35000,385,385,350,false,2026-04-06T05:00:06.233Z,2026-04-06T05:00:06.233Z,2026-04-14T10:38:53.111Z,0,
69d33dd64ede227dce4c27e2,PL/0825,69ce43402b2deb9f9bbb6ed2,5,2028-07-30T18:30:00.000Z,6923ca44385a8494efbb2377,325,380,0,375,pending,,,true,45,17100,49.5,49.5,45,false,2026-04-06T05:00:06.291Z,2026-04-06T05:00:06.291Z,2026-04-08T08:36:16.158Z,0,
69d33dd64ede227dce4c27e3,MT110KE0004,69251a63496994f2855ca181,18,2030-01-01T00:00:00.000Z,6923ca44385a8494efbb2377,150,3520,0,3375,pending,,,true,42,147840,46.2,46.2,42,false,2026-04-06T05:00:06.355Z,2026-04-06T05:00:06.355Z,2026-04-15T11:51:48.221Z,0,
69d33dd64ede227dce4c27e4,NAVEEN/28/8,69ce436a2b2deb9f9bbb77b2,18,2030-01-01T00:00:00.000Z,6923ca45385a8494efbb23fc,15,5000,0,5000,pending,,,true,7.25,36250,7.98,7.98,7.25,false,2026-04-06T05:00:06.417Z,2026-04-06T05:00:06.417Z,2026-04-06T05:00:06.417Z,0,
69d33dd64ede227dce4c27e5,BGF-2306,68c505d2267e3c8d0ddc2b4e,5,2027-03-30T18:30:00.000Z,6923ca46385a8494efbb2465,205,72,0,62,pending,,,true,155.94,11227.68,171.53,171.53,155.94,false,2026-04-06T05:00:06.477Z,2026-04-06T05:00:06.477Z,2026-04-14T10:46:01.858Z,0,
69d33dd64ede227dce4c27e6,BGF-2704,69ce433d2b2deb9f9bbb6e22,5,2027-10-30T18:30:00.000Z,6923ca46385a8494efbb2465,267,50,0,50,pending,,,true,203.4,10170,223.74,223.74,203.4,false,2026-04-06T05:00:06.534Z,2026-04-06T05:00:06.534Z,2026-04-08T08:36:16.337Z,0,
69d33dd64ede227dce4c27e7,BGF543,68c505d2267e3c8d0ddc2dd9,5,2026-10-30T18:30:00.000Z,6923ca46385a8494efbb2465,222.45,60,0,60,pending,,,true,169.5,10170,186.45,186.45,169.5,false,2026-04-06T05:00:06.597Z,2026-04-06T05:00:06.597Z,2026-04-08T08:36:16.423Z,0,
69d33dd64ede227dce4c27e8,D2500215,69251a5d496994f2855ca08b,12,2027-06-29T18:30:00.000Z,6923ca47385a8494efbb2481,96.25,500,0,500,pending,,,true,52.58,26290,57.84,57.84,52.58,false,2026-04-06T05:00:06.658Z,2026-04-06T05:00:06.658Z,2026-04-08T08:36:16.505Z,0,
69d33dd64ede227dce4c27e9,DRLBE25009,69251a74496994f2855ca452,5,2027-06-29T18:30:00.000Z,6923ca47385a8494efbb2481,348.04,327,0,327,pending,,,true,190.94,62437.38,210.03,210.03,190.94,false,2026-04-06T05:00:06.713Z,2026-04-06T05:00:06.714Z,2026-04-08T08:36:16.677Z,0,
69d33dd64ede227dce4c27ea,TRT00925BR,69ce437a2b2deb9f9bbb7b19,5,2027-03-30T18:30:00.000Z,6923ca47385a8494efbb2481,521,200,0,180,pending,,,true,396.95,79390,436.65,436.65,396.95,false,2026-04-06T05:00:06.772Z,2026-04-06T05:00:06.772Z,2026-04-13T10:50:31.766Z,0,
69d33dd64ede227dce4c27eb,TRT00825BR,69ce437a2b2deb9f9bbb7b19,5,2027-02-27T18:30:00.000Z,6923ca47385a8494efbb2481,521,66,0,66,pending,,,true,396.95,26198.7,436.65,436.65,396.95,false,2026-04-06T05:00:06.831Z,2026-04-06T05:00:06.831Z,2026-04-08T08:36:17.198Z,0,
69d33dd64ede227dce4c27ec,CLX25013,68c505d2267e3c8d0ddc246d,18,2027-06-29T18:30:00.000Z,6923ca47385a8494efbb2481,120,220,0,220,pending,,,true,70.02,15404.4,77.02,77.02,70.02,false,2026-04-06T05:00:06.890Z,2026-04-06T05:00:06.890Z,2026-04-08T08:36:16.932Z,0,
69d33dd64ede227dce4c27ed,E2501771,69251a74496994f2855ca458,5,2027-07-30T18:30:00.000Z,6923ca47385a8494efbb2481,191.25,300,0,300,pending,,,true,111.46,33438,122.61,122.61,111.46,false,2026-04-06T05:00:06.950Z,2026-04-06T05:00:06.950Z,2026-04-08T08:36:17.813Z,0,
69d33dd74ede227dce4c27ee,G1355004,69251a5e496994f2855ca08d,5,2027-01-30T18:30:00.000Z,6923ca47385a8494efbb2481,244.45,50,0,50,pending,,,true,142.47,7123.5,156.72,156.72,142.47,false,2026-04-06T05:00:07.009Z,2026-04-06T05:00:07.009Z,2026-04-08T08:36:17.726Z,0,
69d33dd74ede227dce4c27ef,CLX25014,68c505d2267e3c8d0ddc246d,5,2027-06-29T18:30:00.000Z,6923ca47385a8494efbb2481,120,200,0,200,pending,,,true,70,14000,77,77,70,false,2026-04-06T05:00:07.072Z,2026-04-06T05:00:07.072Z,2026-04-08T08:36:17.284Z,0,
69d33dd74ede227dce4c27f0,FH250602,68c505d2267e3c8d0ddc2cf2,5,2027-05-30T18:30:00.000Z,6923ca47385a8494efbb2481,353.2,100,0,100,pending,,,true,205.85,20585,226.44,226.44,205.85,false,2026-04-06T05:00:07.128Z,2026-04-06T05:00:07.129Z,2026-04-08T08:36:17.373Z,0,
69d33dd74ede227dce4c27f1,DRLBE25014,69251a74496994f2855ca452,5,2027-09-29T18:30:00.000Z,6923ca47385a8494efbb2481,382.84,432,0,332,pending,,,true,210.02,90728.64,231.02,231.02,210.02,false,2026-04-06T05:00:07.187Z,2026-04-06T05:00:07.188Z,2026-04-08T08:36:17.636Z,0,
69d33dd74ede227dce4c27f2,E2500621,69251a74496994f2855ca454,5,2027-02-27T18:30:00.000Z,6923ca47385a8494efbb2481,232.73,250,0,250,pending,,,true,135.64,33910,149.2,149.2,135.64,false,2026-04-06T05:00:07.244Z,2026-04-06T05:00:07.244Z,2026-04-08T08:36:17.551Z,0,
69d33dd74ede227dce4c27f3,E2502047,69251a74496994f2855ca454,5,2027-08-30T18:30:00.000Z,6923ca47385a8494efbb2481,256,200,0,-50,pending,,,true,149.21,29842,164.13,164.13,149.21,false,2026-04-06T05:00:07.299Z,2026-04-06T05:00:07.299Z,2026-04-13T11:01:08.168Z,0,
69d33dd74ede227dce4c27f4,AKS06AIA,68c505d2267e3c8d0ddc2e20,5,2027-10-30T18:30:00.000Z,6923ca47385a8494efbb2481,339.14,300,0,200,pending,,,true,197.66,59298,217.43,217.43,197.66,false,2026-04-06T05:00:07.355Z,2026-04-06T05:00:07.355Z,2026-04-15T05:00:25.694Z,0,
69d33dd74ede227dce4c27f5,DRLBE25019,69251a74496994f2855ca452,5,2027-10-30T18:30:00.000Z,6923ca47385a8494efbb2481,382.84,100,0,100,pending,,,true,210.02,21002,231.02,231.02,210.02,false,2026-04-06T05:00:07.411Z,2026-04-06T05:00:07.411Z,2026-04-08T08:36:18.069Z,0,
69d33dd74ede227dce4c27f6,AKP07ANA,68c505d2267e3c8d0ddc2bc5,5,2027-04-29T18:30:00.000Z,6923ca47385a8494efbb2481,178.59,200,0,200,pending,,,true,104.08,20816,114.49,114.49,104.08,false,2026-04-06T05:00:07.471Z,2026-04-06T05:00:07.471Z,2026-04-08T08:36:18.239Z,0,
69d33dd74ede227dce4c27f7,DRLBE25012,69251a74496994f2855ca452,5,2027-07-30T18:30:00.000Z,6923ca47385a8494efbb2481,348.04,260,0,150,pending,,,true,190.93,49641.8,210.02,210.02,190.93,false,2026-04-06T05:00:07.526Z,2026-04-06T05:00:07.527Z,2026-04-08T08:36:18.329Z,0,
69d33dd74ede227dce4c27f8,DRLBE25015,69251a74496994f2855ca452,5,2027-09-29T18:30:00.000Z,6923ca47385a8494efbb2481,382.84,118,0,8,pending,,,true,210.02,24782.36,231.02,231.02,210.02,false,2026-04-06T05:00:07.586Z,2026-04-06T05:00:07.586Z,2026-04-15T11:51:47.086Z,0,
69d33dd74ede227dce4c27f9,E2502650,69251a74496994f2855ca458,5,2027-11-29T18:30:00.000Z,6923ca47385a8494efbb2481,191.25,500,0,100,pending,,,true,111.47,55735,122.62,122.62,111.47,false,2026-04-06T05:00:07.644Z,2026-04-06T05:00:07.645Z,2026-04-08T08:36:19.406Z,0,
69d33dd74ede227dce4c27fa,CLX25023,68c505d2267e3c8d0ddc246d,5,2027-10-30T18:30:00.000Z,6923ca47385a8494efbb2481,120,149,0,149,pending,,,true,69.95,10422.55,76.95,76.95,69.95,false,2026-04-06T05:00:07.701Z,2026-04-06T05:00:07.702Z,2026-04-08T08:36:18.600Z,0,
69d33dd74ede227dce4c27fb,E2500268,69251a74496994f2855ca456,5,2026-12-30T18:30:00.000Z,6923ca47385a8494efbb2481,145.31,200,0,130,pending,,,true,84.6,16920,93.06,93.06,84.6,false,2026-04-06T05:00:07.760Z,2026-04-06T05:00:07.760Z,2026-04-08T08:36:18.688Z,0,
69d33dd74ede227dce4c27fc,CLX25024,68c505d2267e3c8d0ddc246d,5,2027-10-30T18:30:00.000Z,6923ca47385a8494efbb2481,120,300,0,300,pending,,,true,69.94,20982,76.93,76.93,69.94,false,2026-04-06T05:00:07.816Z,2026-04-06T05:00:07.816Z,2026-04-08T08:36:19.319Z,0,
69d33dd74ede227dce4c27fd,CAG00325,68c505d2267e3c8d0ddc2c39,5,2027-09-29T18:30:00.000Z,6923ca47385a8494efbb2481,1048,300,0,300,pending,,,true,610.83,183249,671.91,671.91,610.83,false,2026-04-06T05:00:07.873Z,2026-04-06T05:00:07.873Z,2026-04-08T08:36:19.491Z,0,
69d33dd74ede227dce4c27fe,DRLBF25003,69251a74496994f2855ca450,5,2027-09-29T18:30:00.000Z,6923ca47385a8494efbb2481,510,200,0,200,pending,,,true,280.31,56062,308.34,308.34,280.31,false,2026-04-06T05:00:07.929Z,2026-04-06T05:00:07.930Z,2026-04-08T08:36:18.949Z,0,
69d33dd74ede227dce4c27ff,AKP14ANA,68c505d2267e3c8d0ddc2bc5,5,2027-09-29T18:30:00.000Z,6923ca47385a8494efbb2481,173.25,300,0,300,pending,,,true,104.08,31224,114.49,114.49,104.08,false,2026-04-06T05:00:07.991Z,2026-04-06T05:00:07.992Z,2026-04-08T08:36:19.034Z,0,
69d33dd84ede227dce4c2800,E2600099,69251a74496994f2855ca454,5,2027-11-29T18:30:00.000Z,6923ca47385a8494efbb2481,256,200,0,-70,pending,,,true,149.21,29842,164.13,164.13,149.21,false,2026-04-06T05:00:08.051Z,2026-04-06T05:00:08.052Z,2026-04-08T08:36:19.120Z,0,
69d33dd84ede227dce4c2801,D2500370,69251a5d496994f2855ca08b,5,2027-10-30T18:30:00.000Z,6923ca47385a8494efbb2481,90.23,500,0,470,pending,,,true,52.58,26290,57.84,57.84,52.58,false,2026-04-06T05:00:08.113Z,2026-04-06T05:00:08.114Z,2026-04-14T05:48:19.625Z,0,
69d33dd84ede227dce4c2802,CLX25025,68c505d2267e3c8d0ddc246d,5,2027-10-30T18:30:00.000Z,6923ca47385a8494efbb2481,120,369,0,369,pending,,,true,69.94,25807.86,76.93,76.93,69.94,false,2026-04-06T05:00:08.188Z,2026-04-06T05:00:08.188Z,2026-04-08T08:36:19.661Z,0,
69d33dd84ede227dce4c2803,DRLBE25011,69251a74496994f2855ca452,5,2027-07-30T18:30:00.000Z,6923ca47385a8494efbb2481,348.04,523,0,503,pending,,,true,190.94,99861.62,210.03,210.03,190.94,false,2026-04-06T05:00:08.250Z,2026-04-06T05:00:08.250Z,2026-04-08T08:36:19.745Z,0,
69d33dd84ede227dce4c2804,CLX25021,68c505d2267e3c8d0ddc246d,5,2027-09-29T18:30:00.000Z,6923ca47385a8494efbb2481,120,1351,0,1351,pending,,,true,69.94,94488.94,76.93,76.93,69.94,false,2026-04-06T05:00:08.310Z,2026-04-06T05:00:08.310Z,2026-04-08T08:36:19.834Z,0,
69d33dd84ede227dce4c2805,MT252944,69ce43562b2deb9f9bbb7344,5,2027-08-30T18:30:00.000Z,6923ca47385a8494efbb2496,158.44,39,9,39,pending,,,true,108.64,3259.2,119.5,119.5,83.57,false,2026-04-06T05:00:08.371Z,2026-04-06T05:00:08.371Z,2026-04-08T08:36:19.918Z,0,
69d33dd84ede227dce4c2806,CBT25020A,68c505d2267e3c8d0ddc2c3d,5,2027-11-29T18:30:00.000Z,6923ca47385a8494efbb2496,540,65,15,65,pending,,,true,370.29,18514.5,407.32,407.32,284.84,false,2026-04-06T05:00:08.432Z,2026-04-06T05:00:08.433Z,2026-04-08T08:36:20.005Z,0,
69d33dd84ede227dce4c2807,ZAT-2343,693d4731812dbc0da499ac04,5,2028-07-30T18:30:00.000Z,6923ca47385a8494efbb2496,281.25,39,9,10,pending,,,true,192.86,5785.8,212.15,212.15,148.35,false,2026-04-06T05:00:08.492Z,2026-04-06T05:00:08.492Z,2026-04-13T06:50:25.888Z,0,
69d33dd84ede227dce4c2808,TB250772H,692d60f60fd6496282eab4a9,5,2027-11-29T18:30:00.000Z,6923ca47385a8494efbb2496,739.69,60,30,30,pending,,,true,507.22,15216.6,557.94,557.94,253.61,false,2026-04-06T05:00:08.551Z,2026-04-06T05:00:08.551Z,2026-04-14T10:38:52.840Z,0,
69d33dd84ede227dce4c2809,ML250502,69ce43742b2deb9f9bbb79e5,5,2027-08-30T18:30:00.000Z,6923ca47385a8494efbb2496,184.69,78,18,43,pending,,,true,126.64,7598.4,139.3,139.3,97.42,false,2026-04-06T05:00:08.611Z,2026-04-06T05:00:08.612Z,2026-04-14T10:28:41.583Z,0,
69d33dd84ede227dce4c280a,CMT250045A,68c505d2267e3c8d0ddc2e40,5,2026-12-30T18:30:00.000Z,6923ca47385a8494efbb2496,195.47,130,30,130,pending,,,true,134.04,13404,147.44,147.44,103.11,false,2026-04-06T05:00:08.671Z,2026-04-06T05:00:08.671Z,2026-04-08T08:36:20.345Z,0,
69d33dd84ede227dce4c280b,N1S25006,69ce436f2b2deb9f9bbb78c4,5,2028-07-30T18:30:00.000Z,6923ca48385a8494efbb24ea,6.93,50,0,50,pending,,,true,5.2,260,5.72,5.72,5.2,false,2026-04-06T05:00:08.732Z,2026-04-06T05:00:08.732Z,2026-04-08T08:36:20.434Z,0,
69d33dd84ede227dce4c280c,250408,69251a68496994f2855ca233,12,2027-03-30T18:30:00.000Z,6923ca4a385a8494efbb25ae,448,3,0,3,pending,,,true,200,600,220,220,200,false,2026-04-06T05:00:08.790Z,2026-04-06T05:00:08.790Z,2026-04-08T08:36:20.521Z,0,
69d33dd84ede227dce4c280d,A65A132MH,69251a68496994f2855ca23d,12,2027-12-30T18:30:00.000Z,6923ca4a385a8494efbb25ae,6000,6,0,6,pending,,,true,1100,6600,1210,1210,1100,false,2026-04-06T05:00:08.850Z,2026-04-06T05:00:08.850Z,2026-04-08T08:36:20.609Z,0,
69d33dd84ede227dce4c280e,250510,69251a68496994f2855ca235,12,2027-04-29T18:30:00.000Z,6923ca4a385a8494efbb25ae,448,5,0,5,pending,,,true,200,1000,220,220,200,false,2026-04-06T05:00:08.907Z,2026-04-06T05:00:08.908Z,2026-04-08T08:36:20.692Z,0,
69d33dd84ede227dce4c280f,250515,69251a68496994f2855ca237,12,2027-03-30T18:30:00.000Z,6923ca4a385a8494efbb25ae,448,12,0,12,pending,,,true,200,2400,220,220,200,false,2026-04-06T05:00:08.965Z,2026-04-06T05:00:08.965Z,2026-04-08T08:36:20.780Z,0,
69d33dd94ede227dce4c2810,PDI25066,69251a68496994f2855ca22d,12,2027-05-30T18:30:00.000Z,6923ca4a385a8494efbb25bc,299,200,0,200,pending,,,true,38,7600,41.8,41.8,38,false,2026-04-06T05:00:09.023Z,2026-04-06T05:00:09.024Z,2026-04-08T08:36:20.869Z,0,
69d33dd94ede227dce4c2811,25GH20O,69ce43402b2deb9f9bbb6eaa,5,2027-07-30T18:30:00.000Z,6923ca4a385a8494efbb25c3,2109.37,10,0,10,pending,,,true,250,2500,275,275,250,false,2026-04-06T05:00:09.081Z,2026-04-06T05:00:09.081Z,2026-04-08T08:36:20.957Z,0,
69d33dd94ede227dce4c2812,25LE34A,69ce43222b2deb9f9bbb6835,5,2027-04-29T18:30:00.000Z,6923ca4a385a8494efbb25c3,5,10,0,10,pending,,,true,0,0,0,0,0,false,2026-04-06T05:00:09.139Z,2026-04-06T05:00:09.139Z,2026-04-08T08:36:21.041Z,0,
69d33dd94ede227dce4c2813,25GE03B,69ce43402b2deb9f9bbb6eaa,5,2027-04-29T18:30:00.000Z,6923ca4a385a8494efbb25c3,2109.38,10,0,10,pending,,,true,220,2200,242,242,220,false,2026-04-06T05:00:09.205Z,2026-04-06T05:00:09.205Z,2026-04-08T08:36:21.131Z,0,
69d33dd94ede227dce4c2814,25DE18H,68c505d2267e3c8d0ddc26fd,12,2027-04-29T18:30:00.000Z,6923ca4a385a8494efbb25c3,5499,20,0,20,pending,,,true,200,4000,220,220,200,false,2026-04-06T05:00:09.262Z,2026-04-06T05:00:09.262Z,2026-04-08T08:36:21.658Z,0,
69d33dd94ede227dce4c2815,25GE04A,68fdfb22f4ae89bffe159af3,5,2027-04-29T18:30:00.000Z,6923ca4a385a8494efbb25c3,498.2,50,0,50,pending,,,true,110,5500,121,121,110,false,2026-04-06T05:00:09.322Z,2026-04-06T05:00:09.322Z,2026-04-08T08:36:21.395Z,0,
69d33dd94ede227dce4c2816,AK250026A,68c505d2267e3c8d0ddc26fd,12,2027-01-30T18:30:00.000Z,6923ca4a385a8494efbb25c3,5499,30,0,30,pending,,,true,200,6000,220,220,200,false,2026-04-06T05:00:09.384Z,2026-04-06T05:00:09.384Z,2026-04-08T08:36:21.569Z,0,
69d33dd94ede227dce4c2817,LLIN5006,69ce431d2b2deb9f9bbb6756,5,2027-07-30T18:30:00.000Z,6923ca4a385a8494efbb25c3,917.81,100,0,100,pending,,,true,66,6600,72.6,72.6,66,false,2026-04-06T05:00:09.445Z,2026-04-06T05:00:09.446Z,2026-04-08T08:36:21.745Z,0,
69d33dd94ede227dce4c2818,24DL38A,68ecbdfb7a6c43b6ca1d369d,5,2026-11-29T18:30:00.000Z,6923ca4a385a8494efbb25c3,1865.52,100,0,100,pending,,,true,310,31000,341,341,310,false,2026-04-06T05:00:09.505Z,2026-04-06T05:00:09.506Z,2026-04-08T08:36:21.832Z,0,
69d33dd94ede227dce4c2819,25DH22A,68ecbdfb7a6c43b6ca1d369d,5,2027-07-30T18:30:00.000Z,6923ca4a385a8494efbb25c3,1865.52,50,0,50,pending,,,true,310,15500,341,341,310,false,2026-04-06T05:00:09.565Z,2026-04-06T05:00:09.565Z,2026-04-08T08:36:21.916Z,0,
69d33dd94ede227dce4c281a,UGD25217B,69251a67496994f2855ca20b,5,2027-11-29T18:30:00.000Z,6923ca4a385a8494efbb25c3,48.78,300,0,300,pending,,,true,25,7500,27.5,27.5,25,false,2026-04-06T05:00:09.627Z,2026-04-06T05:00:09.627Z,2026-04-08T08:36:22.004Z,0,
69d33dd94ede227dce4c281b,DPCM6002,69251a74496994f2855ca43c,5,2027-12-30T18:30:00.000Z,6923ca4a385a8494efbb25c3,708.75,500,0,370,pending,,,true,20,10000,22,22,20,false,2026-04-06T05:00:09.683Z,2026-04-06T05:00:09.683Z,2026-04-13T11:55:35.295Z,0,
69d33dd94ede227dce4c281c,DT251255B,69251a72496994f2855ca3fe,5,2027-07-30T18:30:00.000Z,6923ca4a385a8494efbb25d1,232,13,3,13,pending,,,true,149.14,1491.4,164.05,164.05,114.72,false,2026-04-06T05:00:09.739Z,2026-04-06T05:00:09.740Z,2026-04-08T08:36:22.181Z,0,
69d33dd94ede227dce4c281d,MT253910,695cf1f86c01633bcfc62738,5,2027-02-27T18:30:00.000Z,6923ca4a385a8494efbb25d1,328.13,13,3,13,pending,,,true,225,2250,247.5,247.5,173.08,false,2026-04-06T05:00:09.802Z,2026-04-06T05:00:09.802Z,2026-04-08T08:36:22.267Z,0,
69d33dd94ede227dce4c281e,CMT251338,68c505d2267e3c8d0ddc2e55,5,2027-06-29T18:30:00.000Z,6923ca4a385a8494efbb25d1,210.94,65,15,45,pending,,,true,144.64,7232,159.1,159.1,111.26,false,2026-04-06T05:00:09.863Z,2026-04-06T05:00:09.863Z,2026-04-14T10:38:52.033Z,0,
69d33dd94ede227dce4c281f,CMT242108B,68c505d2267e3c8d0ddc2da7,12,2026-09-29T18:30:00.000Z,6923ca4a385a8494efbb25d1,171.6,65,15,65,pending,,,true,110.31,5515.5,121.34,121.34,84.85,false,2026-04-06T05:00:09.920Z,2026-04-06T05:00:09.920Z,2026-04-08T08:36:22.441Z,0,
69d33dd94ede227dce4c2820,1177622,69251a7d496994f2855ca5c5,5,2030-01-01T00:00:00.000Z,6923ca4c385a8494efbb26e8,1087,2,0,2,pending,,,true,1087,2174,1195.7,1195.7,1087,false,2026-04-06T05:00:09.980Z,2026-04-06T05:00:09.980Z,2026-04-06T05:00:09.980Z,0,
69d33dda4ede227dce4c2821,CM-1261,69ce43372b2deb9f9bbb6caf,18,2027-03-30T18:30:00.000Z,6923ca4c385a8494efbb26e8,108,5,0,5,pending,,,true,40,200,44,44,40,false,2026-04-06T05:00:10.043Z,2026-04-06T05:00:10.043Z,2026-04-08T08:36:22.530Z,0,
69d33dda4ede227dce4c2822,G25A011088,69251a78496994f2855ca4f2,5,2029-12-30T18:30:00.000Z,6923ca4c385a8494efbb26e8,83.44,10,0,10,pending,,,true,8,80,8.8,8.8,8,false,2026-04-06T05:00:10.103Z,2026-04-06T05:00:10.103Z,2026-04-08T08:36:22.615Z,0,
69d33dda4ede227dce4c2823,1007,69ce43292b2deb9f9bbb69b5,5,2030-03-30T18:30:00.000Z,6923ca4c385a8494efbb26e8,65.63,7,0,7,pending,,,true,17,119,18.7,18.7,17,false,2026-04-06T05:00:10.164Z,2026-04-06T05:00:10.165Z,2026-04-08T08:36:22.703Z,0,
69d33dda4ede227dce4c2824,54033G,69ce43492b2deb9f9bbb70bb,5,2030-09-29T18:30:00.000Z,6923ca4c385a8494efbb26e8,202.55,300,0,300,pending,,,true,6.75,2025,7.43,7.43,6.75,false,2026-04-06T05:00:10.222Z,2026-04-06T05:00:10.222Z,2026-04-08T08:36:22.791Z,0,
69d33dda4ede227dce4c2825,RATRA/003,69ce436d2b2deb9f9bbb7855,12,2030-01-01T00:00:00.000Z,6923ca4d385a8494efbb2712,300,5,0,5,pending,,,true,260,1300,286,286,260,false,2026-04-06T05:00:10.279Z,2026-04-06T05:00:10.279Z,2026-04-06T05:00:10.279Z,0,
69d33dda4ede227dce4c2826,.,69ce436b2b2deb9f9bbb77c4,18,2030-01-01T00:00:00.000Z,6923ca4d385a8494efbb2712,200,1,0,-10,pending,,,true,155,155,170.5,170.5,155,false,2026-04-06T05:00:10.336Z,2026-04-06T05:00:10.336Z,2026-04-15T05:05:00.132Z,0,
69d33dda4ede227dce4c2827,480,69ce435c2b2deb9f9bbb74ba,12,2030-01-01T00:00:00.000Z,6923ca4d385a8494efbb2712,350,24,0,24,pending,,,true,158,3792,173.8,173.8,158,false,2026-04-06T05:00:10.393Z,2026-04-06T05:00:10.393Z,2026-04-06T05:00:10.393Z,0,
69d33dda4ede227dce4c2828,RATRA/002,69ce43742b2deb9f9bbb79c6,18,2030-01-01T00:00:00.000Z,6923ca4d385a8494efbb2712,60,5,0,0,pending,,,true,25,125,27.5,27.5,25,false,2026-04-06T05:00:10.453Z,2026-04-06T05:00:10.453Z,2026-04-15T05:05:00.688Z,0,
69d33dda4ede227dce4c2829,2416368M,69ce436d2b2deb9f9bbb785f,5,2029-10-30T18:30:00.000Z,6923ca4d385a8494efbb273c,84,20,0,20,pending,,,true,8.6,172,9.46,9.46,8.6,false,2026-04-06T05:00:10.513Z,2026-04-06T05:00:10.513Z,2026-04-08T08:36:26.949Z,0,
69d33dda4ede227dce4c282a,2513684F,69ce431e2b2deb9f9bbb675c,5,2030-05-30T18:30:00.000Z,6923ca4d385a8494efbb273c,129.38,1,0,1,pending,,,true,22,22,24.2,24.2,22,false,2026-04-06T05:00:10.571Z,2026-04-06T05:00:10.571Z,2026-04-08T08:36:22.968Z,0,
69d33dda4ede227dce4c282b,2515618K,69ce43442b2deb9f9bbb6fa1,5,2030-08-30T18:30:00.000Z,6923ca4d385a8494efbb273c,148,10,0,10,pending,,,true,22,220,24.2,24.2,22,false,2026-04-06T05:00:10.626Z,2026-04-06T05:00:10.626Z,2026-04-08T08:36:23.054Z,0,
69d33dda4ede227dce4c282c,8077123C,69ce43652b2deb9f9bbb76a1,5,2028-02-28T18:30:00.000Z,6923ca4d385a8494efbb273c,240,7,0,7,pending,,,true,29.5,206.5,32.45,32.45,29.5,false,2026-04-06T05:00:10.680Z,2026-04-06T05:00:10.680Z,2026-04-08T08:36:23.141Z,0,
69d33dda4ede227dce4c282d,8301322N,6982f57a5b128366b763a2d0,5,2027-11-29T18:30:00.000Z,6923ca4d385a8494efbb273c,327,1,0,1,pending,,,true,48,48,52.8,52.8,48,false,2026-04-06T05:00:10.738Z,2026-04-06T05:00:10.739Z,2026-04-08T08:36:23.232Z,0,
69d33dda4ede227dce4c282e,8083524B,6982f57a5b128366b763a2d0,5,2029-01-30T18:30:00.000Z,6923ca4d385a8494efbb273c,334,1,0,1,pending,,,true,48,48,52.8,52.8,48,false,2026-04-06T05:00:10.799Z,2026-04-06T05:00:10.799Z,2026-04-08T08:36:23.317Z,0,
69d33dda4ede227dce4c282f,8118824C,6956108d639e1da529159030,5,2029-02-27T18:30:00.000Z,6923ca4d385a8494efbb273c,366,1,0,1,pending,,,true,48,48,52.8,52.8,48,false,2026-04-06T05:00:10.859Z,2026-04-06T05:00:10.859Z,2026-04-08T08:36:23.405Z,0,
69d33dda4ede227dce4c2830,8382824H,6956108d639e1da529159030,5,2029-07-30T18:30:00.000Z,6923ca4d385a8494efbb273c,366,1,0,1,pending,,,true,48,48,52.8,52.8,48,false,2026-04-06T05:00:10.920Z,2026-04-06T05:00:10.920Z,2026-04-08T08:36:23.494Z,0,
69d33dda4ede227dce4c2831,8016625A,69ce433b2b2deb9f9bbb6d8e,5,2029-12-30T18:30:00.000Z,6923ca4d385a8494efbb273c,366,6,0,6,pending,,,true,48,288,52.8,52.8,48,false,2026-04-06T05:00:10.979Z,2026-04-06T05:00:10.979Z,2026-04-08T08:36:23.583Z,0,
69d33ddb4ede227dce4c2832,8303024K,69ce433b2b2deb9f9bbb6d8e,5,2029-05-30T18:30:00.000Z,6923ca4d385a8494efbb273c,366,1,0,1,pending,,,true,48,48,52.8,52.8,48,false,2026-04-06T05:00:11.037Z,2026-04-06T05:00:11.038Z,2026-04-08T08:36:23.668Z,0,
69d33ddb4ede227dce4c2833,8501424K,69ce433b2b2deb9f9bbb6d8e,5,2029-08-30T18:30:00.000Z,6923ca4d385a8494efbb273c,366,1,0,1,pending,,,true,48,48,52.8,52.8,48,false,2026-04-06T05:00:11.095Z,2026-04-06T05:00:11.095Z,2026-04-08T08:36:23.756Z,0,
69d33ddb4ede227dce4c2834,340426,69904d7fa814781cc5fb6632,5,2027-03-30T18:30:00.000Z,6923ca4d385a8494efbb273c,1500,3,0,3,pending,,,true,565,1695,621.5,621.5,565,false,2026-04-06T05:00:11.153Z,2026-04-06T05:00:11.153Z,2026-04-08T08:36:23.844Z,0,
69d33ddb4ede227dce4c2835,013681C260,69ce436b2b2deb9f9bbb77f4,5,2026-03-30T18:30:00.000Z,6923ca4d385a8494efbb273c,1584,5,0,5,pending,,,true,450,2250,495,495,450,false,2026-04-06T05:00:11.210Z,2026-04-06T05:00:11.210Z,2026-04-08T08:36:23.934Z,0,
69d33ddb4ede227dce4c2836,B250415,69251a5d496994f2855ca07f,5,2030-06-29T18:30:00.000Z,6923ca4d385a8494efbb273c,2317,1,0,1,pending,,,true,618,618,679.8,679.8,618,false,2026-04-06T05:00:11.268Z,2026-04-06T05:00:11.268Z,2026-04-08T08:36:24.022Z,0,
69d33ddb4ede227dce4c2837,A230374,69251a77496994f2855ca4da,12,2028-05-30T18:30:00.000Z,6923ca4d385a8494efbb273c,2340,1,0,1,pending,,,true,760.32,760.32,836.35,836.35,760.32,false,2026-04-06T05:00:11.327Z,2026-04-06T05:00:11.327Z,2026-04-08T08:36:24.109Z,0,
69d33ddb4ede227dce4c2838,B250078,69251a77496994f2855ca4e0,12,2030-01-30T18:30:00.000Z,6923ca4d385a8494efbb273c,2928,2,0,2,pending,,,true,732,1464,805.2,805.2,732,false,2026-04-06T05:00:11.386Z,2026-04-06T05:00:11.387Z,2026-04-08T08:36:24.195Z,0,
69d33ddb4ede227dce4c2839,B240809,69251a77496994f2855ca4e0,12,2029-11-29T18:30:00.000Z,6923ca4d385a8494efbb273c,2928,2,0,2,pending,,,true,732,1464,805.2,805.2,732,false,2026-04-06T05:00:11.444Z,2026-04-06T05:00:11.444Z,2026-04-08T08:36:24.280Z,0,
69d33ddb4ede227dce4c283a,2214092K,69ce43442b2deb9f9bbb6f9d,5,2027-08-30T18:30:00.000Z,6923ca4d385a8494efbb273c,122,10,0,10,pending,,,true,22,220,24.2,24.2,22,false,2026-04-06T05:00:11.506Z,2026-04-06T05:00:11.506Z,2026-04-08T08:36:24.368Z,0,
69d33ddb4ede227dce4c283b,4096122F,6982db435d1e31cd644bbb96,5,2027-05-30T18:30:00.000Z,6923ca4d385a8494efbb273c,241,2,0,2,pending,,,true,21.4,42.8,23.54,23.54,21.4,false,2026-04-06T05:00:11.566Z,2026-04-06T05:00:11.566Z,2026-04-08T08:36:24.453Z,0,
69d33ddb4ede227dce4c283c,8666525M,695613bd45da17fad994ed4e,5,2030-10-30T18:30:00.000Z,6923ca4d385a8494efbb273c,334,2,0,0,pending,,,true,48,96,52.8,52.8,48,false,2026-04-06T05:00:11.625Z,2026-04-06T05:00:11.626Z,2026-04-13T07:13:57.559Z,0,
69d33ddb4ede227dce4c283d,8453925H,69560fce639e1da529158406,5,2030-07-30T18:30:00.000Z,6923ca4d385a8494efbb273c,366,7,0,5,pending,,,true,48,336,52.8,52.8,48,false,2026-04-06T05:00:11.683Z,2026-04-06T05:00:11.683Z,2026-04-13T06:28:00.781Z,0,
69d33ddb4ede227dce4c283e,8559724L,69ce433b2b2deb9f9bbb6d8e,5,2029-09-29T18:30:00.000Z,6923ca4d385a8494efbb273c,366,2,0,2,pending,,,true,48,96,52.8,52.8,48,false,2026-04-06T05:00:11.742Z,2026-04-06T05:00:11.742Z,2026-04-08T08:36:24.803Z,0,
69d33ddb4ede227dce4c283f,8512025H,69ce433b2b2deb9f9bbb6d92,5,2030-07-30T18:30:00.000Z,6923ca4d385a8494efbb273c,366,2,0,2,pending,,,true,48,96,52.8,52.8,48,false,2026-04-06T05:00:11.803Z,2026-04-06T05:00:11.804Z,2026-04-08T08:36:24.888Z,0,
69d33ddb4ede227dce4c2840,8390725G,69ce433b2b2deb9f9bbb6d92,5,2030-06-29T18:30:00.000Z,6923ca4d385a8494efbb273c,366,10,0,10,pending,,,true,48,480,52.8,52.8,48,false,2026-04-06T05:00:11.859Z,2026-04-06T05:00:11.860Z,2026-04-08T08:36:24.976Z,0,
69d33ddb4ede227dce4c2841,8453825H,6956137b45da17fad994e124,5,2030-07-30T18:30:00.000Z,6923ca4d385a8494efbb273c,367,2,0,0,pending,,,true,48,96,52.8,52.8,48,false,2026-04-06T05:00:11.917Z,2026-04-06T05:00:11.917Z,2026-04-13T07:14:02.911Z,0,
69d33ddb4ede227dce4c2842,20230801,69ce43702b2deb9f9bbb7901,5,2026-08-30T18:30:00.000Z,6923ca4d385a8494efbb273c,459.38,2,0,2,pending,,,true,340,680,374,374,340,false,2026-04-06T05:00:11.977Z,2026-04-06T05:00:11.977Z,2026-04-08T08:36:25.145Z,0,
69d33ddc4ede227dce4c2843,392240,69904dbbd470ea62a8bd522a,5,2027-06-29T18:30:00.000Z,6923ca4d385a8494efbb273c,1500,2,0,2,pending,,,true,565,1130,621.5,621.5,565,false,2026-04-06T05:00:12.037Z,2026-04-06T05:00:12.037Z,2026-04-08T08:36:25.233Z,0,
69d33ddc4ede227dce4c2844,B240724,69251a77496994f2855ca4e2,5,2029-10-30T18:30:00.000Z,6923ca4d385a8494efbb273c,3150,2,0,2,pending,,,true,924,1848,1016.4,1016.4,924,false,2026-04-06T05:00:12.096Z,2026-04-06T05:00:12.096Z,2026-04-08T08:36:25.322Z,0,
69d33ddc4ede227dce4c2845,C250283,69251a79496994f2855ca520,12,2030-04-29T18:30:00.000Z,6923ca4d385a8494efbb273c,4452,2,0,2,pending,,,true,1113,2226,1224.3,1224.3,1113,false,2026-04-06T05:00:12.155Z,2026-04-06T05:00:12.156Z,2026-04-08T08:36:25.410Z,0,
69d33ddc4ede227dce4c2846,A241140,69251a79496994f2855ca524,12,2029-11-29T18:30:00.000Z,6923ca4d385a8494efbb273c,4668,2,0,2,pending,,,true,1493.76,2987.52,1643.14,1643.14,1493.76,false,2026-04-06T05:00:12.214Z,2026-04-06T05:00:12.215Z,2026-04-08T08:36:25.497Z,0,
69d33ddc4ede227dce4c2847,E210758P,69251a79496994f2855ca51a,12,2026-06-29T18:30:00.000Z,6923ca4d385a8494efbb273c,6069,2,0,2,pending,,,true,1517.25,3034.5,1668.98,1668.98,1517.25,false,2026-04-06T05:00:12.275Z,2026-04-06T05:00:12.275Z,2026-04-08T08:36:25.585Z,0,
69d33ddc4ede227dce4c2848,H25001,69251a77496994f2855ca4de,12,2030-01-30T18:30:00.000Z,6923ca4d385a8494efbb273c,26376,3,0,3,pending,,,true,6594,19782,7253.4,7253.4,6594,false,2026-04-06T05:00:12.337Z,2026-04-06T05:00:12.338Z,2026-04-08T08:36:25.670Z,0,
69d33ddc4ede227dce4c2849,T250113,695fa30517aa50edcc375a84,5,2030-02-27T18:30:00.000Z,6923ca4d385a8494efbb273c,636,3,0,3,pending,,,true,190,570,209,209,190,false,2026-04-06T05:00:12.400Z,2026-04-06T05:00:12.401Z,2026-04-08T08:36:25.758Z,0,
69d33ddc4ede227dce4c284a,395403,69904defa814781cc5fb7437,5,2026-06-29T18:30:00.000Z,6923ca4d385a8494efbb273c,21.56,3,0,3,pending,,,true,565,1695,621.5,621.5,565,false,2026-04-06T05:00:12.462Z,2026-04-06T05:00:12.462Z,2026-04-08T08:36:25.845Z,0,
69d33ddc4ede227dce4c284b,3063723C,69251a68496994f2855ca245,12,2028-02-28T18:30:00.000Z,6923ca4d385a8494efbb273c,799,10,0,10,pending,,,true,210,2100,231,231,210,false,2026-04-06T05:00:12.523Z,2026-04-06T05:00:12.523Z,2026-04-08T08:36:25.931Z,0,
69d33ddc4ede227dce4c284c,O19601C275,69251a74496994f2855ca446,5,2028-04-29T18:30:00.000Z,6923ca4d385a8494efbb273c,1383,1,0,1,pending,,,true,450,450,495,495,450,false,2026-04-06T05:00:12.586Z,2026-04-06T05:00:12.587Z,2026-04-08T08:36:27.559Z,0,
69d33ddc4ede227dce4c284d,O20941C275,69251a74496994f2855ca446,5,2028-09-29T18:30:00.000Z,6923ca4d385a8494efbb273c,1383,9,0,9,pending,,,true,450,4050,495,495,450,false,2026-04-06T05:00:12.648Z,2026-04-06T05:00:12.648Z,2026-04-08T08:36:26.111Z,0,
69d33ddc4ede227dce4c284e,250804031,69251a7e496994f2855ca617,5,2030-07-30T18:30:00.000Z,6923ca4d385a8494efbb273c,1650,10,0,10,pending,,,true,315,3150,346.5,346.5,315,false,2026-04-06T05:00:12.707Z,2026-04-06T05:00:12.708Z,2026-04-08T08:36:26.201Z,0,
69d33ddc4ede227dce4c284f,8362323L,6982f57a5b128366b763a2d0,5,2028-09-29T18:30:00.000Z,6923ca4d385a8494efbb273c,334,5,0,0,pending,,,true,48,240,52.8,52.8,48,false,2026-04-06T05:00:12.768Z,2026-04-06T05:00:12.768Z,2026-04-13T07:13:52.220Z,0,
69d33ddc4ede227dce4c2850,8664424F,69ce433b2b2deb9f9bbb6d8a,5,2029-05-30T18:30:00.000Z,6923ca4d385a8494efbb273c,366,7,0,2,pending,,,true,48,336,52.8,52.8,48,false,2026-04-06T05:00:12.824Z,2026-04-06T05:00:12.825Z,2026-04-13T07:14:05.569Z,0,
69d33ddc4ede227dce4c2851,8559824L,69ce433b2b2deb9f9bbb6d92,5,2029-09-29T18:30:00.000Z,6923ca4d385a8494efbb273c,366,10,0,5,pending,,,true,48,480,52.8,52.8,48,false,2026-04-06T05:00:12.883Z,2026-04-06T05:00:12.883Z,2026-04-13T07:13:54.909Z,0,
69d33ddc4ede227dce4c2852,020941C270,69ce436b2b2deb9f9bbb77cb,5,2028-09-29T18:30:00.000Z,6923ca4d385a8494efbb273c,1584,6,0,6,pending,,,true,475,2850,522.5,522.5,475,false,2026-04-06T05:00:12.942Z,2026-04-06T05:00:12.943Z,2026-04-08T08:36:26.603Z,0,
69d33ddd4ede227dce4c2853,4222624M,6982db435d1e31cd644bbb96,5,2029-10-30T18:30:00.000Z,6923ca4d385a8494efbb273c,241,8,0,8,pending,,,true,21.4,171.2,23.54,23.54,21.4,false,2026-04-06T05:00:13.002Z,2026-04-06T05:00:13.002Z,2026-04-08T08:36:26.689Z,0,
69d33ddd4ede227dce4c2854,K240098,69ce437b2b2deb9f9bbb7b73,5,2029-02-27T18:30:00.000Z,6923ca4d385a8494efbb273c,1993,8,0,8,pending,,,true,498.25,3986,548.08,548.08,498.25,false,2026-04-06T05:00:13.059Z,2026-04-06T05:00:13.059Z,2026-04-08T08:36:26.774Z,0,
69d33ddd4ede227dce4c2855,2512091D,69636c4f9e79681a67f96740,5,2030-03-30T18:30:00.000Z,6923ca4d385a8494efbb273c,81,10,0,0,pending,,,true,7,70,7.7,7.7,7,false,2026-04-06T05:00:13.114Z,2026-04-06T05:00:13.114Z,2026-04-13T11:55:35.321Z,0,
69d33ddd4ede227dce4c2856,2416639M,69ce436d2b2deb9f9bbb7865,5,2029-10-30T18:30:00.000Z,6923ca4d385a8494efbb273c,84,20,0,20,pending,,,true,8.6,172,9.46,9.46,8.6,false,2026-04-06T05:00:13.171Z,2026-04-06T05:00:13.172Z,2026-04-08T08:36:27.037Z,0,
69d33ddd4ede227dce4c2857,2514277G,69ce43652b2deb9f9bbb76b3,5,2030-06-29T18:30:00.000Z,6923ca4d385a8494efbb273c,92,20,0,20,pending,,,true,8.6,172,9.46,9.46,8.6,false,2026-04-06T05:00:13.233Z,2026-04-06T05:00:13.233Z,2026-04-08T08:36:27.122Z,0,
69d33ddd4ede227dce4c2858,8511925H,69ce433b2b2deb9f9bbb6d8e,5,2030-07-30T18:30:00.000Z,6923ca4d385a8494efbb273c,366,10,0,5,pending,,,true,48,480,52.8,52.8,48,false,2026-04-06T05:00:13.288Z,2026-04-06T05:00:13.288Z,2026-04-13T07:14:00.214Z,0,
69d33ddd4ede227dce4c2859,2514312G,69ce43652b2deb9f9bbb7699,5,2030-06-29T18:30:00.000Z,6923ca4d385a8494efbb273c,569,20,0,20,pending,,,true,54,1080,59.4,59.4,54,false,2026-04-06T05:00:13.344Z,2026-04-06T05:00:13.344Z,2026-04-08T08:36:27.294Z,0,
69d33ddd4ede227dce4c285a,25041502,69636b869e79681a67f95af8,5,2028-04-29T18:30:00.000Z,6923ca4d385a8494efbb273c,1313,10,0,10,pending,,,true,270,2700,297,297,270,false,2026-04-06T05:00:13.401Z,2026-04-06T05:00:13.401Z,2026-04-08T08:36:27.381Z,0,
69d33ddd4ede227dce4c285b,020941C280,69ce436b2b2deb9f9bbb77d1,5,2028-09-29T18:30:00.000Z,6923ca4d385a8494efbb273c,1584,10,0,10,pending,,,true,475,4750,522.5,522.5,475,false,2026-04-06T05:00:13.456Z,2026-04-06T05:00:13.456Z,2026-04-08T08:36:27.647Z,0,
69d33ddd4ede227dce4c285c,8559624L,6956108d639e1da529159030,5,2029-09-29T18:30:00.000Z,6923ca4d385a8494efbb273c,366,18,0,18,pending,,,true,48,864,52.8,52.8,48,false,2026-04-06T05:00:13.517Z,2026-04-06T05:00:13.517Z,2026-04-08T08:36:27.736Z,0,
69d33ddd4ede227dce4c285d,2511607C,69ce433d2b2deb9f9bbb6e14,5,2030-02-27T18:30:00.000Z,6923ca4d385a8494efbb273c,178.13,50,0,50,pending,,,true,24,1200,26.4,26.4,24,false,2026-04-06T05:00:13.573Z,2026-04-06T05:00:13.573Z,2026-04-08T08:36:27.822Z,0,
69d33ddd4ede227dce4c285e,2515616K,696b660a26351e91a3c0aed8,5,2030-08-30T18:30:00.000Z,6923ca4d385a8494efbb273c,664,20,0,20,pending,,,true,78,1560,85.8,85.8,78,false,2026-04-06T05:00:13.631Z,2026-04-06T05:00:13.631Z,2026-04-08T08:36:28.174Z,0,
69d33ddd4ede227dce4c285f,255201761,69ce43302b2deb9f9bbb6b3e,5,2030-11-29T18:30:00.000Z,6923ca4d385a8494efbb273c,82.5,60,0,50,pending,,,true,33.42,2005.2,36.76,36.76,33.42,false,2026-04-06T05:00:13.689Z,2026-04-06T05:00:13.689Z,2026-04-13T11:55:35.470Z,0,
69d33ddd4ede227dce4c2860,2414973K,68c505d2267e3c8d0ddc2951,5,2029-08-30T18:30:00.000Z,6923ca4d385a8494efbb273c,343,50,0,50,pending,,,true,27,1350,29.7,29.7,27,false,2026-04-06T05:00:13.743Z,2026-04-06T05:00:13.743Z,2026-04-08T08:36:28.085Z,0,
69d33ddd4ede227dce4c2861,24110502,69ce43802b2deb9f9bbb7c87,5,2027-11-29T18:30:00.000Z,6923ca4d385a8494efbb273c,1200,20,0,20,pending,,,true,240,4800,264,264,240,false,2026-04-06T05:00:13.799Z,2026-04-06T05:00:13.799Z,2026-04-08T08:36:28.260Z,0,
69d33ddd4ede227dce4c2862,2510622A,69ce43662b2deb9f9bbb76bf,5,2029-12-30T18:30:00.000Z,6923ca4d385a8494efbb273c,81,20,0,20,pending,,,true,7,140,7.7,7.7,7,false,2026-04-06T05:00:13.854Z,2026-04-06T05:00:13.855Z,2026-04-08T08:36:28.346Z,0,
69d33ddd4ede227dce4c2863,2516238M,69ce43662b2deb9f9bbb76c7,5,2030-10-30T18:30:00.000Z,6923ca4d385a8494efbb273c,75,50,0,50,pending,,,true,7,350,7.7,7.7,7,false,2026-04-06T05:00:13.912Z,2026-04-06T05:00:13.912Z,2026-04-08T08:36:28.434Z,0,
69d33ddd4ede227dce4c2864,2416259M,69ce43662b2deb9f9bbb76c3,5,2029-10-30T18:30:00.000Z,6923ca4d385a8494efbb273c,81,50,0,50,pending,,,true,7,350,7.7,7.7,7,false,2026-04-06T05:00:13.971Z,2026-04-06T05:00:13.972Z,2026-04-08T08:36:28.523Z,0,
69d33dde4ede227dce4c2865,TSFSMA8A26,69ce43752b2deb9f9bbb7a16,5,2030-12-30T18:30:00.000Z,6923ca4d385a8494efbb273c,105,100,0,100,pending,,,true,18,1800,19.8,19.8,18,false,2026-04-06T05:00:14.030Z,2026-04-06T05:00:14.030Z,2026-04-08T08:36:28.613Z,0,
69d33dde4ede227dce4c2866,TSFSMA8126,69ce43752b2deb9f9bbb7a1c,5,2030-12-30T18:30:00.000Z,6923ca4d385a8494efbb273c,105,100,0,100,pending,,,true,18,1800,19.8,19.8,18,false,2026-04-06T05:00:14.089Z,2026-04-06T05:00:14.089Z,2026-04-08T08:36:28.700Z,0,
69d33dde4ede227dce4c2867,1087725K,69ce43582b2deb9f9bbb73d4,5,2030-08-30T18:30:00.000Z,6923ca4d385a8494efbb273c,642,80,0,60,pending,,,true,43,3440,47.3,47.3,43,false,2026-04-06T05:00:14.154Z,2026-04-06T05:00:14.155Z,2026-04-13T11:55:35.180Z,0,
69d33dde4ede227dce4c2868,HA0346,69251a78496994f2855ca500,5,2028-12-30T18:30:00.000Z,6923ca4d385a8494efbb273c,5.16,200,0,200,pending,,,true,2.3,460,2.53,2.53,2.3,false,2026-04-06T05:00:14.215Z,2026-04-06T05:00:14.215Z,2026-04-08T08:36:28.956Z,0,
69d33dde4ede227dce4c2869,GA0253,69251a78496994f2855ca504,5,2028-01-30T18:30:00.000Z,6923ca4d385a8494efbb273c,5.16,200,0,100,pending,,,true,2.3,460,2.53,2.53,2.3,false,2026-04-06T05:00:14.270Z,2026-04-06T05:00:14.270Z,2026-04-09T11:39:39.986Z,0,
69d33dde4ede227dce4c286a,HA0324,69251a78496994f2855ca4fe,5,2028-12-30T18:30:00.000Z,6923ca4d385a8494efbb273c,5.16,500,0,500,pending,,,true,2.3,1150,2.53,2.53,2.3,false,2026-04-06T05:00:14.328Z,2026-04-06T05:00:14.328Z,2026-04-08T08:36:29.131Z,0,
69d33dde4ede227dce4c286b,R10250917,69ce43772b2deb9f9bbb7a72,5,2028-09-29T18:30:00.000Z,6923ca4e385a8494efbb27a5,815,50,0,50,pending,,,true,345,17250,379.5,379.5,345,false,2026-04-06T05:00:14.388Z,2026-04-06T05:00:14.388Z,2026-04-08T08:36:29.215Z,0,
69d33dde4ede227dce4c286c,346xn5,69ce431c2b2deb9f9bbb66f7,5,2027-10-30T18:30:00.000Z,6923ca4e385a8494efbb27a5,1462.5,20,0,20,pending,,,true,525,10500,577.5,577.5,525,false,2026-04-06T05:00:14.448Z,2026-04-06T05:00:14.448Z,2026-04-08T08:36:29.300Z,0,
69d33dde4ede227dce4c286d,R02250914,69251a79496994f2855ca535,5,2028-01-30T18:30:00.000Z,6923ca4e385a8494efbb27a5,207,100,0,100,pending,,,true,65,6500,71.5,71.5,65,false,2026-04-06T05:00:14.506Z,2026-04-06T05:00:14.506Z,2026-04-08T08:36:29.389Z,0,
69d33dde4ede227dce4c286e,R06250904,69ce43772b2deb9f9bbb7a78,5,2028-05-30T18:30:00.000Z,6923ca4e385a8494efbb27a5,127.5,200,0,200,pending,,,true,27,5400,29.7,29.7,27,false,2026-04-06T05:00:14.564Z,2026-04-06T05:00:14.564Z,2026-04-08T08:36:29.472Z,0,
69d33dde4ede227dce4c286f,R11250904,69ce43772b2deb9f9bbb7a7c,5,2028-10-30T18:30:00.000Z,6923ca4e385a8494efbb27a5,127.5,200,0,200,pending,,,true,37.5,7500,41.25,41.25,37.5,false,2026-04-06T05:00:14.622Z,2026-04-06T05:00:14.622Z,2026-04-08T08:36:29.559Z,0,
69d33dde4ede227dce4c2870,2502066X,69ce43262b2deb9f9bbb6926,18,2030-04-29T18:30:00.000Z,6923ca4f385a8494efbb27cf,1100,3,0,3,pending,,,true,540,1620,594,594,540,false,2026-04-06T05:00:14.679Z,2026-04-06T05:00:14.679Z,2026-04-08T08:36:29.647Z,0,
69d33dde4ede227dce4c2871,12919317,69ce43502b2deb9f9bbb7227,5,2028-07-30T18:30:00.000Z,6923ca4f385a8494efbb27cf,780,10,0,10,pending,,,true,335,3350,368.5,368.5,335,false,2026-04-06T05:00:14.732Z,2026-04-06T05:00:14.732Z,2026-04-08T08:36:29.735Z,0,
69d33dde4ede227dce4c2872,12911521,69ce43502b2deb9f9bbb722b,5,2028-07-30T18:30:00.000Z,6923ca4f385a8494efbb27cf,674,20,0,20,pending,,,true,300,6000,330,330,300,false,2026-04-06T05:00:14.787Z,2026-04-06T05:00:14.787Z,2026-04-08T08:36:29.824Z,0,
69d33dde4ede227dce4c2873,IB9045425,69251a68496994f2855ca257,12,2027-03-30T18:30:00.000Z,6923ca4f385a8494efbb282a,1476.56,10,0,10,pending,,,true,550,5500,605,605,550,false,2026-04-06T05:00:14.845Z,2026-04-06T05:00:14.845Z,2026-04-08T08:36:29.908Z,0,
69d33dde4ede227dce4c2874,AXS15625,69251a5f496994f2855ca0c1,12,2030-05-30T18:30:00.000Z,6923ca4f385a8494efbb282a,372,125,0,125,pending,,,true,22,2750,24.2,24.2,22,false,2026-04-06T05:00:14.904Z,2026-04-06T05:00:14.904Z,2026-04-08T08:36:29.998Z,0,
69d33dde4ede227dce4c2875,AXS10825,69251a5f496994f2855ca0bf,12,2030-07-30T18:30:00.000Z,6923ca4f385a8494efbb282a,252,150,0,150,pending,,,true,17,2550,18.7,18.7,17,false,2026-04-06T05:00:14.962Z,2026-04-06T05:00:14.962Z,2026-04-08T08:36:30.084Z,0,
69d33ddf4ede227dce4c2876,G25F010358,68c505d2267e3c8d0ddc2ff6,5,2030-05-30T18:30:00.000Z,6923ca53385a8494efbb29ce,1063,6,0,6,pending,,,true,175,1050,192.5,192.5,175,false,2026-04-06T05:00:15.021Z,2026-04-06T05:00:15.022Z,2026-04-08T08:36:30.173Z,0,
69d33ddf4ede227dce4c2877,P5D1148,6982d8e0be77b4245838f478,5,2030-03-30T18:30:00.000Z,6923ca53385a8494efbb29ce,35771,1,0,1,pending,,,true,16000,16000,17600,17600,16000,false,2026-04-06T05:00:15.082Z,2026-04-06T05:00:15.082Z,2026-04-08T08:36:30.260Z,0,
69d33ddf4ede227dce4c2878,G25F010767,68c505d2267e3c8d0ddc2ff6,5,2030-05-30T18:30:00.000Z,6923ca53385a8494efbb29ce,1063,4,0,4,pending,,,true,175,700,192.5,192.5,175,false,2026-04-06T05:00:15.141Z,2026-04-06T05:00:15.141Z,2026-04-08T08:36:30.347Z,0,
69d33ddf4ede227dce4c2879,G25K010527,68c505d2267e3c8d0ddc2ff4,5,2030-10-30T18:30:00.000Z,6923ca53385a8494efbb29ce,1063,10,0,10,pending,,,true,175,1750,192.5,192.5,175,false,2026-04-06T05:00:15.199Z,2026-04-06T05:00:15.199Z,2026-04-08T08:36:30.434Z,0,
69d33ddf4ede227dce4c287a,J5H2461LY,69ce43712b2deb9f9bbb7925,5,2030-07-30T18:30:00.000Z,6923ca53385a8494efbb29ce,1225.31,48,0,36,pending,,,true,435,20880,478.5,478.5,435,false,2026-04-06T05:00:15.259Z,2026-04-06T05:00:15.259Z,2026-04-13T06:46:13.230Z,0,
69d33ddf4ede227dce4c287b,G25L010402,69267d2df8330e39a5923673,5,2030-11-29T18:30:00.000Z,6923ca53385a8494efbb29ce,543,160,0,160,pending,,,true,80,12800,88,88,80,false,2026-04-06T05:00:15.316Z,2026-04-06T05:00:15.317Z,2026-04-08T08:36:30.612Z,0,
69d33ddf4ede227dce4c287c,25080196LC,69ce435f2b2deb9f9bbb7544,5,2028-09-29T18:30:00.000Z,6923ca53385a8494efbb29ce,129,200,0,200,pending,,,true,47,9400,51.7,51.7,47,false,2026-04-06T05:00:15.378Z,2026-04-06T05:00:15.378Z,2026-04-08T08:36:30.696Z,0,
69d33ddf4ede227dce4c287d,*,69ce43532b2deb9f9bbb72ab,5,2030-01-01T00:00:00.000Z,6923ca53385a8494efbb29ea,320,3,0,2,pending,,,true,320,960,352,352,320,false,2026-04-06T05:00:15.438Z,2026-04-06T05:00:15.438Z,2026-04-15T07:04:15.542Z,0,
69d33ddf4ede227dce4c287e,..,69251a6f496994f2855ca35d,5,2030-01-01T00:00:00.000Z,6923ca53385a8494efbb29ea,850,2,0,2,pending,,,true,850,1700,935,935,850,false,2026-04-06T05:00:15.503Z,2026-04-06T05:00:15.503Z,2026-04-06T05:00:15.503Z,0,
69d33ddf4ede227dce4c287f,ZO5DN25003,6901e3e7f4ae89bffe230f84,12,2027-06-29T18:30:00.000Z,6923ca56385a8494efbb2b25,53.3,20,2,20,pending,,,true,34.26,616.68,37.69,37.69,30.83,false,2026-04-06T05:00:15.565Z,2026-04-06T05:00:15.566Z,2026-04-08T08:36:30.805Z,0,
69d33ddf4ede227dce4c2880,CZA25002,68fe0e06f4ae89bffe170d48,12,2026-10-30T18:30:00.000Z,6923ca56385a8494efbb2b25,53.9,11,0,11,pending,,,true,34.65,381.15,38.12,38.12,34.65,false,2026-04-06T05:00:15.622Z,2026-04-06T05:00:15.622Z,2026-04-08T08:36:30.894Z,0,
69d33ddf4ede227dce4c2881,ZLE3BD5010,69251a6a496994f2855ca2a5,12,2027-05-30T18:30:00.000Z,6923ca56385a8494efbb2b25,160.4,120,20,120,pending,,,true,103.11,10311,113.42,113.42,85.92,false,2026-04-06T05:00:15.677Z,2026-04-06T05:00:15.677Z,2026-04-08T08:36:30.982Z,0,
69d33ddf4ede227dce4c2882,ZPP4AA5020,69251a60496994f2855ca0ed,12,2026-12-30T18:30:00.000Z,6923ca56385a8494efbb2b25,58.9,120,20,120,pending,,,true,37.86,3786,41.65,41.65,31.55,false,2026-04-06T05:00:15.736Z,2026-04-06T05:00:15.737Z,2026-04-08T08:36:31.065Z,0,
69d33ddf4ede227dce4c2883,ZLB6AD5010,69251a5e496994f2855ca0b1,5,2027-08-30T18:30:00.000Z,6923ca56385a8494efbb2b25,151.3,256,0,256,pending,,,true,50,12800,55,55,50,false,2026-04-06T05:00:15.793Z,2026-04-06T05:00:15.794Z,2026-04-08T08:36:32.104Z,0,
69d33ddf4ede227dce4c2884,ELF8BM5003,69608b2f17aa50edcc37dc67,5,2027-05-30T18:30:00.000Z,6923ca56385a8494efbb2b25,6060,2,0,2,pending,,,true,3739.88,7479.76,4113.87,4113.87,3739.88,false,2026-04-06T05:00:15.852Z,2026-04-06T05:00:15.853Z,2026-04-08T08:36:31.240Z,0,
69d33ddf4ede227dce4c2885,NMZF2506,69251a7f496994f2855ca61d,12,2026-11-29T18:30:00.000Z,6923ca56385a8494efbb2b25,75.5,240,40,240,pending,,,true,48.54,9708,53.39,53.39,40.45,false,2026-04-06T05:00:15.914Z,2026-04-06T05:00:15.915Z,2026-04-08T08:36:31.327Z,0,
69d33ddf4ede227dce4c2886,Z06AD25018,69251a6b496994f2855ca2b1,12,2027-05-30T18:30:00.000Z,6923ca56385a8494efbb2b25,127.45,600,100,597,pending,,,true,81.93,40965,90.12,90.12,68.28,false,2026-04-06T05:00:15.974Z,2026-04-06T05:00:15.974Z,2026-04-13T09:53:36.655Z,0,
69d33de04ede227dce4c2887,Z06AH25046,69251a60496994f2855ca0e9,12,2026-11-29T18:30:00.000Z,6923ca56385a8494efbb2b25,201.4,600,100,594,pending,,,true,129.47,64735,142.42,142.42,107.89,false,2026-04-06T05:00:16.036Z,2026-04-06T05:00:16.037Z,2026-04-13T06:17:47.926Z,0,
69d33de04ede227dce4c2888,ELF8BL5007,69608c0717aa50edcc37e8a5,5,2027-08-30T18:30:00.000Z,6923ca56385a8494efbb2b25,1866.55,4,0,4,pending,,,true,1279.93,5119.72,1407.92,1407.92,1279.93,false,2026-04-06T05:00:16.093Z,2026-04-06T05:00:16.093Z,2026-04-08T08:36:31.587Z,0,
69d33de04ede227dce4c2889,ELF8BM5004,69608b2f17aa50edcc37dc67,5,2027-06-29T18:30:00.000Z,6923ca56385a8494efbb2b25,6060,4,0,4,pending,,,true,3739.88,14959.52,4113.87,4113.87,3739.88,false,2026-04-06T05:00:16.153Z,2026-04-06T05:00:16.153Z,2026-04-08T08:36:31.671Z,0,
69d33de04ede227dce4c288a,ZLB6AA5005,69ce43232b2deb9f9bbb6868,5,2027-08-30T18:30:00.000Z,6923ca56385a8494efbb2b25,67.55,39,9,39,pending,,,true,46.32,1389.6,50.95,50.95,35.63,false,2026-04-06T05:00:16.209Z,2026-04-06T05:00:16.209Z,2026-04-08T08:36:35.137Z,0,
69d33de04ede227dce4c288b,AGT10ABA,69ce434e2b2deb9f9bbb71b5,5,2027-08-30T18:30:00.000Z,6923ca56385a8494efbb2b25,92.7,5,0,5,pending,,,true,58.68,293.4,64.55,64.55,58.68,false,2026-04-06T05:00:16.267Z,2026-04-06T05:00:16.267Z,2026-04-08T08:36:31.846Z,0,
69d33de04ede227dce4c288c,Z05BC25014,69ce433a2b2deb9f9bbb6d63,5,2029-02-27T18:30:00.000Z,6923ca56385a8494efbb2b25,103.35,20,0,20,pending,,,true,65.08,1301.6,71.59,71.59,65.08,false,2026-04-06T05:00:16.323Z,2026-04-06T05:00:16.323Z,2026-04-08T08:36:31.930Z,0,
69d33de04ede227dce4c288d,Z06AM25007,69251a6b496994f2855ca2ad,12,2027-06-29T18:30:00.000Z,6923ca56385a8494efbb2b25,131.6,240,40,237,pending,,,true,84.6,16920,93.06,93.06,70.5,false,2026-04-06T05:00:16.381Z,2026-04-06T05:00:16.381Z,2026-04-08T08:36:32.018Z,0,
69d33de04ede227dce4c288e,ZPF2AB5022,69251a68496994f2855ca251,5,2027-08-30T18:30:00.000Z,6923ca56385a8494efbb2b25,752.5,24,4,24,pending,,,true,516,10320,567.6,567.6,430,false,2026-04-06T05:00:16.438Z,2026-04-06T05:00:16.438Z,2026-04-08T08:36:32.195Z,0,
69d33de04ede227dce4c288f,ZLS60X5004,69251a73496994f2855ca408,5,2026-08-30T18:30:00.000Z,6923ca56385a8494efbb2b25,2253.25,6,0,6,pending,,,true,1404.65,8427.9,1545.12,1545.12,1404.65,false,2026-04-06T05:00:16.492Z,2026-04-06T05:00:16.492Z,2026-04-08T08:36:32.281Z,0,
69d33de04ede227dce4c2890,ENSL00225,69251a64496994f2855ca1af,5,2027-10-30T18:30:00.000Z,6923ca56385a8494efbb2b25,478.52,100,0,96,pending,,,true,190,19000,209,209,190,false,2026-04-06T05:00:16.549Z,2026-04-06T05:00:16.549Z,2026-04-14T10:36:29.599Z,0,
69d33de04ede227dce4c2891,E29AA25008,69ce433d2b2deb9f9bbb6e04,5,2028-07-30T18:30:00.000Z,6923ca56385a8494efbb2b25,232.35,24,4,24,pending,,,true,159.33,3186.6,175.26,175.26,132.78,false,2026-04-06T05:00:16.606Z,2026-04-06T05:00:16.606Z,2026-04-08T08:36:32.458Z,0,
69d33de04ede227dce4c2892,Z05BC25016,69ce433a2b2deb9f9bbb6d63,5,2029-04-29T18:30:00.000Z,6923ca56385a8494efbb2b25,103.35,20,0,20,pending,,,true,65.08,1301.6,71.59,71.59,65.08,false,2026-04-06T05:00:16.665Z,2026-04-06T05:00:16.665Z,2026-04-08T08:36:33.840Z,0,
69d33de04ede227dce4c2893,Z06BB25012,69251a7f496994f2855ca629,5,2028-04-29T18:30:00.000Z,6923ca56385a8494efbb2b25,131.6,24,4,15,pending,,,true,90.24,1804.8,99.26,99.26,75.2,false,2026-04-06T05:00:16.724Z,2026-04-06T05:00:16.725Z,2026-04-13T09:53:39.259Z,0,
69d33de04ede227dce4c2894,ZPID250007,69ce43332b2deb9f9bbb6bdb,5,2028-11-29T18:30:00.000Z,6923ca56385a8494efbb2b25,180.8,10,1,10,pending,,,true,123.98,1115.82,136.38,136.38,111.58,false,2026-04-06T05:00:16.784Z,2026-04-06T05:00:16.784Z,2026-04-08T08:36:32.727Z,0,
69d33de04ede227dce4c2895,ZPN5AM5002,69ce43252b2deb9f9bbb68e5,5,2026-10-30T18:30:00.000Z,6923ca56385a8494efbb2b25,276.55,10,1,10,pending,,,true,189.63,1706.67,208.59,208.59,170.67,false,2026-04-06T05:00:16.859Z,2026-04-06T05:00:16.859Z,2026-04-08T08:36:32.814Z,0,
69d33de04ede227dce4c2896,AM066,69ce43622b2deb9f9bbb7600,18,2027-10-30T18:30:00.000Z,6923ca56385a8494efbb2b25,332,10,1,10,pending,,,true,202.58,1823.22,222.84,222.84,182.32,false,2026-04-06T05:00:16.920Z,2026-04-06T05:00:16.920Z,2026-04-08T08:36:32.897Z,0,
69d33de04ede227dce4c2897,BDVB24005,69251a60496994f2855ca0fd,5,2026-10-30T18:30:00.000Z,6923ca56385a8494efbb2b25,1678.1,20,0,16,pending,,,true,800,16000,880,880,800,false,2026-04-06T05:00:16.983Z,2026-04-06T05:00:16.983Z,2026-04-13T06:34:08.557Z,0,
69d33de14ede227dce4c2898,Z05EO25006,6901e0f6f4ae89bffe228410,12,2027-04-29T18:30:00.000Z,6923ca56385a8494efbb2b25,121.1,180,30,180,pending,,,true,77.85,11677.5,85.64,85.64,64.88,false,2026-04-06T05:00:17.043Z,2026-04-06T05:00:17.043Z,2026-04-08T08:36:33.067Z,0,
69d33de14ede227dce4c2899,ZPID260001,69ce43332b2deb9f9bbb6bdb,5,2029-01-30T18:30:00.000Z,6923ca56385a8494efbb2b25,180.8,24,4,24,pending,,,true,123.98,2479.6,136.38,136.38,103.32,false,2026-04-06T05:00:17.103Z,2026-04-06T05:00:17.103Z,2026-04-08T08:36:33.155Z,0,
69d33de14ede227dce4c289a,ZPF2AB5027,69251a68496994f2855ca251,5,2027-10-30T18:30:00.000Z,6923ca56385a8494efbb2b25,752.5,12,2,12,pending,,,true,516,5160,567.6,567.6,430,false,2026-04-06T05:00:17.164Z,2026-04-06T05:00:17.164Z,2026-04-08T08:36:33.241Z,0,
69d33de14ede227dce4c289b,Z01CL25042,6902ee8bf4ae89bffe2dbc5e,12,2027-11-29T18:30:00.000Z,6923ca56385a8494efbb2b25,531.4,115,15,115,pending,,,true,341.61,34161,375.77,375.77,297.05,false,2026-04-06T05:00:17.226Z,2026-04-06T05:00:17.226Z,2026-04-08T08:36:33.326Z,0,
69d33de14ede227dce4c289c,Z06AM25016,69251a6b496994f2855ca2ad,5,2027-10-30T18:30:00.000Z,6923ca56385a8494efbb2b25,123.35,24,4,10,pending,,,true,84.59,1691.8,93.05,93.05,70.49,false,2026-04-06T05:00:17.286Z,2026-04-06T05:00:17.286Z,2026-04-08T08:36:33.413Z,0,
69d33de14ede227dce4c289d,H251335,6902effbf4ae89bffe2dde57,12,2027-10-30T18:30:00.000Z,6923ca56385a8494efbb2b25,700,150,50,150,pending,,,true,450,45000,495,495,300,false,2026-04-06T05:00:17.347Z,2026-04-06T05:00:17.347Z,2026-04-08T08:36:33.500Z,0,
69d33de14ede227dce4c289e,ZLP4AE5018,69251a6b496994f2855ca2ab,5,2027-10-30T18:30:00.000Z,6923ca56385a8494efbb2b25,117.55,36,6,36,pending,,,true,80.6,2418,88.66,88.66,67.17,false,2026-04-06T05:00:17.409Z,2026-04-06T05:00:17.409Z,2026-04-08T08:36:33.584Z,0,
69d33de14ede227dce4c289f,NND0259A,69251a6b496994f2855ca2af,5,2028-08-30T18:30:00.000Z,6923ca56385a8494efbb2b25,51.89,120,20,120,pending,,,true,35.55,3555,39.1,39.1,29.63,false,2026-04-06T05:00:17.469Z,2026-04-06T05:00:17.469Z,2026-04-08T08:36:33.668Z,0,
69d33de14ede227dce4c28a0,Z05BI25013,69ce43832b2deb9f9bbb7d24,12,2027-11-29T18:30:00.000Z,6923ca56385a8494efbb2b25,73,360,60,360,pending,,,true,46.93,14079,51.62,51.62,39.11,false,2026-04-06T05:00:17.526Z,2026-04-06T05:00:17.526Z,2026-04-08T08:36:33.754Z,0,
69d33de14ede227dce4c28a1,ZB05P2501,6904a998759f4027f5808700,5,2028-10-30T18:30:00.000Z,6923ca56385a8494efbb2b25,829.65,20,0,10,pending,,,true,400,8000,440,440,400,false,2026-04-06T05:00:17.583Z,2026-04-06T05:00:17.583Z,2026-04-11T06:36:38.905Z,0,
69d33de14ede227dce4c28a2,ZB10P2601,69251a60496994f2855ca0fd,5,2028-01-30T18:30:00.000Z,6923ca56385a8494efbb2b25,1678.1,40,0,40,pending,,,true,800,32000,880,880,800,false,2026-04-06T05:00:17.641Z,2026-04-06T05:00:17.641Z,2026-04-08T08:36:34.012Z,0,
69d33de14ede227dce4c28a3,ZLB6AC5008,69251a5e496994f2855ca0b5,5,2027-10-30T18:30:00.000Z,6923ca56385a8494efbb2b25,108.23,30,0,30,pending,,,true,49.09,1472.7,54,54,49.09,false,2026-04-06T05:00:17.698Z,2026-04-06T05:00:17.698Z,2026-04-08T08:36:34.096Z,0,
69d33de14ede227dce4c28a4,VNA25030,69251a7f496994f2855ca61b,5,2027-04-29T18:30:00.000Z,6923ca56385a8494efbb2b25,113.85,24,4,14,pending,,,true,78.07,1561.4,85.88,85.88,65.06,false,2026-04-06T05:00:17.756Z,2026-04-06T05:00:17.756Z,2026-04-13T12:38:40.728Z,0,
69d33de14ede227dce4c28a5,P514982A,69251a60496994f2855ca0eb,5,2027-08-30T18:30:00.000Z,6923ca56385a8494efbb2b25,162.1,24,4,24,pending,,,true,111.15,2223,122.27,122.27,92.63,false,2026-04-06T05:00:17.814Z,2026-04-06T05:00:17.814Z,2026-04-08T08:36:34.531Z,0,
69d33de14ede227dce4c28a6,ZLE3BD6002,69251a6a496994f2855ca2a5,5,2027-12-30T18:30:00.000Z,6923ca56385a8494efbb2b25,165.2,24,4,14,pending,,,true,113.28,2265.6,124.61,124.61,94.4,false,2026-04-06T05:00:17.872Z,2026-04-06T05:00:17.872Z,2026-04-13T09:53:34.038Z,0,
69d33de14ede227dce4c28a7,ZMLPP25008,6904a998759f4027f58086e4,5,2027-04-29T18:30:00.000Z,6923ca56385a8494efbb2b25,213.5,24,4,24,pending,,,true,146.4,2928,161.04,161.04,122,false,2026-04-06T05:00:17.928Z,2026-04-06T05:00:17.928Z,2026-04-08T08:36:34.442Z,0,
69d33de14ede227dce4c28a8,ZLB6AB5010,69251a5e496994f2855ca0b3,5,2027-09-29T18:30:00.000Z,6923ca56385a8494efbb2b25,106.55,30,0,30,pending,,,true,36.36,1090.8,40,40,36.36,false,2026-04-06T05:00:17.995Z,2026-04-06T05:00:17.995Z,2026-04-08T08:36:34.620Z,0,
69d33de24ede227dce4c28a9,Z05BD24008,69ce433a2b2deb9f9bbb6d69,5,2027-11-29T18:30:00.000Z,6923ca56385a8494efbb2b25,153.1,30,0,30,pending,,,true,96.43,2892.9,106.07,106.07,96.43,false,2026-04-06T05:00:18.051Z,2026-04-06T05:00:18.051Z,2026-04-08T08:36:34.709Z,0,
69d33de24ede227dce4c28aa,Z05BE25005,69ce433a2b2deb9f9bbb6d6f,5,2028-10-30T18:30:00.000Z,6923ca56385a8494efbb2b25,156.85,30,0,30,pending,,,true,98.79,2963.7,108.67,108.67,98.79,false,2026-04-06T05:00:18.107Z,2026-04-06T05:00:18.107Z,2026-04-08T08:36:34.798Z,0,
69d33de24ede227dce4c28ab,Z05BU25084,6904a998759f4027f58086f5,5,2027-08-30T18:30:00.000Z,6923ca56385a8494efbb2b25,278.77,20,0,0,pending,,,true,175.05,1750.5,192.56,192.56,175.05,false,2026-04-06T05:00:18.163Z,2026-04-06T05:00:18.163Z,2026-04-13T10:21:18.222Z,0,
69d33de24ede227dce4c28ac,ZLE3AK5001,69251a6b496994f2855ca2ab,5,2027-11-29T18:30:00.000Z,6923ca56385a8494efbb2b25,117.55,36,6,36,pending,,,true,80.6,2418,88.66,88.66,67.17,false,2026-04-06T05:00:18.222Z,2026-04-06T05:00:18.222Z,2026-04-08T08:36:34.969Z,0,
69d33de24ede227dce4c28ad,Z06AK25008,6904a998759f4027f5808705,5,2027-09-29T18:30:00.000Z,6923ca56385a8494efbb2b25,204.25,120,20,120,pending,,,true,140.05,14005,154.06,154.06,116.71,false,2026-04-06T05:00:18.280Z,2026-04-06T05:00:18.280Z,2026-04-08T08:36:35.053Z,0,
69d33de24ede227dce4c28ae,Z05BU25101,6904a998759f4027f58086f5,5,2027-11-29T18:30:00.000Z,6923ca56385a8494efbb2b25,306.35,60,10,30,pending,,,true,210.07,10503.5,231.08,231.08,175.06,false,2026-04-06T05:00:18.336Z,2026-04-06T05:00:18.336Z,2026-04-08T08:36:35.307Z,0,
69d33de24ede227dce4c28af,Z01AI25009,69ce43302b2deb9f9bbb6b37,5,2028-02-28T18:30:00.000Z,6923ca56385a8494efbb2b25,147.52,100,0,100,pending,,,true,43.65,4365,48.02,48.02,43.65,false,2026-04-06T05:00:18.391Z,2026-04-06T05:00:18.391Z,2026-04-08T08:36:35.396Z,0,
69d33de24ede227dce4c28b0,ZLB6AD5013,69251a5e496994f2855ca0b1,5,2027-10-30T18:30:00.000Z,6923ca56385a8494efbb2b25,151.3,128,0,-99,pending,,,true,50,6400,55,55,50,false,2026-04-06T05:00:18.451Z,2026-04-06T05:00:18.452Z,2026-04-15T11:53:55.958Z,0,
69d33de24ede227dce4c28b1,SB1024G015,69ce431f2b2deb9f9bbb67a7,5,2026-12-30T18:30:00.000Z,692429a031185c93746d91ef,62.81,6,0,6,pending,,,true,39.88,239.28,43.87,43.87,39.88,false,2026-04-06T05:00:18.512Z,2026-04-06T05:00:18.512Z,2026-04-08T08:36:35.651Z,0,
69d33de24ede227dce4c28b2,2ADW2502,69ce43262b2deb9f9bbb6943,12,2026-05-30T18:30:00.000Z,692429a031185c93746d91ef,79.69,3,0,3,pending,,,true,51.43,154.29,56.57,56.57,51.43,false,2026-04-06T05:00:18.572Z,2026-04-06T05:00:18.573Z,2026-04-08T08:36:35.737Z,0,
69d33de24ede227dce4c28b3,4L60148,68c505d2267e3c8d0ddc2780,12,2026-04-29T18:30:00.000Z,692429a031185c93746d91ef,84.17,50,0,50,pending,,,true,40.74,2037,44.81,44.81,40.74,false,2026-04-06T05:00:18.632Z,2026-04-06T05:00:18.632Z,2026-04-08T08:36:35.823Z,0,
69d33de24ede227dce4c28b4,MC250016,68c505d2267e3c8d0ddc2468,12,2026-06-29T18:30:00.000Z,692429a031185c93746d91ef,93.75,60,0,60,pending,,,true,59.53,3571.8,65.48,65.48,59.53,false,2026-04-06T05:00:18.690Z,2026-04-06T05:00:18.690Z,2026-04-08T08:36:35.908Z,0,
69d33de24ede227dce4c28b5,ZACD2525,690485ca31811f2ae2d23cdc,5,2027-11-29T18:30:00.000Z,692429a031185c93746d91ef,107.81,11,0,11,pending,,,true,65.71,722.81,72.28,72.28,65.71,false,2026-04-06T05:00:18.746Z,2026-04-06T05:00:18.747Z,2026-04-08T08:36:35.995Z,0,
69d33de24ede227dce4c28b6,ZJU2505,69ce432a2b2deb9f9bbb6a0f,5,2027-02-27T18:30:00.000Z,692429a031185c93746d91ef,145.31,10,0,10,pending,,,true,110.1,1101,121.11,121.11,110.1,false,2026-04-06T05:00:18.803Z,2026-04-06T05:00:18.803Z,2026-04-08T08:36:36.080Z,0,
69d33de24ede227dce4c28b7,11241316,68c505d2267e3c8d0ddc2b34,12,2026-09-29T18:30:00.000Z,692429a031185c93746d91ef,154.5,20,0,20,pending,,,true,103,2060,113.3,113.3,103,false,2026-04-06T05:00:18.865Z,2026-04-06T05:00:18.865Z,2026-04-08T08:36:36.164Z,0,
69d33de24ede227dce4c28b8,MRD25024,69251a70496994f2855ca39b,5,2027-09-29T18:30:00.000Z,692429a031185c93746d91ef,158.66,5,0,0,pending,,,true,108.79,543.95,119.67,119.67,108.79,false,2026-04-06T05:00:18.924Z,2026-04-06T05:00:18.924Z,2026-04-14T10:28:42.396Z,0,
69d33de24ede227dce4c28b9,4E60049,68c505d2267e3c8d0ddc2ad4,12,2026-06-29T18:30:00.000Z,692429a031185c93746d91ef,257.95,6,0,6,pending,,,true,196.54,1179.24,216.19,216.19,196.54,false,2026-04-06T05:00:18.985Z,2026-04-06T05:00:18.985Z,2026-04-08T08:36:44.861Z,0,
69d33de34ede227dce4c28ba,YPIBF12,68c505d2267e3c8d0ddc2e99,12,2026-11-29T18:30:00.000Z,692429a031185c93746d91ef,263.25,10,0,10,pending,,,true,188.04,1880.4,206.84,206.84,188.04,false,2026-04-06T05:00:19.051Z,2026-04-06T05:00:19.051Z,2026-04-08T08:36:36.432Z,0,
69d33de34ede227dce4c28bb,LFR24012,68c505d2267e3c8d0ddc29d0,12,2026-06-29T18:30:00.000Z,692429a031185c93746d91ef,333.05,8,0,8,pending,,,true,253.75,2030,279.13,279.13,253.75,false,2026-04-06T05:00:19.137Z,2026-04-06T05:00:19.137Z,2026-04-08T08:36:36.605Z,0,
69d33de34ede227dce4c28bc,5SA1985,69ce43502b2deb9f9bbb723b,5,2028-08-30T18:30:00.000Z,692429a031185c93746d91ef,542.57,3,0,3,pending,,,true,413.39,1240.17,454.73,454.73,413.39,false,2026-04-06T05:00:19.207Z,2026-04-06T05:00:19.207Z,2026-04-08T08:36:36.690Z,0,
69d33de34ede227dce4c28bd,4SN2113,69ce433e2b2deb9f9bbb6e2f,5,2027-03-30T18:30:00.000Z,692429a031185c93746d91ef,883.54,3,0,3,pending,,,true,673.17,2019.51,740.49,740.49,673.17,false,2026-04-06T05:00:19.264Z,2026-04-06T05:00:19.264Z,2026-04-08T08:36:36.777Z,0,
69d33de34ede227dce4c28be,5BA2874,68c505d2267e3c8d0ddc2463,5,2029-10-30T18:30:00.000Z,692429a031185c93746d91ef,906.79,10,0,10,pending,,,true,690.89,6908.9,759.98,759.98,690.89,false,2026-04-06T05:00:19.324Z,2026-04-06T05:00:19.324Z,2026-04-08T08:36:36.860Z,0,
69d33de34ede227dce4c28bf,B10825003,69ce43462b2deb9f9bbb7008,5,2027-07-30T18:30:00.000Z,692429a031185c93746d91ef,991.66,3,0,3,pending,,,true,462.38,1387.14,508.62,508.62,462.38,false,2026-04-06T05:00:19.381Z,2026-04-06T05:00:19.381Z,2026-04-08T08:36:36.946Z,0,
69d33de34ede227dce4c28c0,AFT251024,68c505d2267e3c8d0ddc2e8d,5,2027-09-29T18:30:00.000Z,692429a031185c93746d91ef,1397.04,1,0,1,pending,,,true,801.25,801.25,881.38,881.38,801.25,false,2026-04-06T05:00:19.438Z,2026-04-06T05:00:19.438Z,2026-04-08T08:36:37.033Z,0,
69d33de34ede227dce4c28c1,L-2503,6929343da6f059dedd3ea860,5,2027-06-29T18:30:00.000Z,692429a031185c93746d91ef,31.31,200,0,200,pending,,,true,19.09,3818,21,21,19.09,false,2026-04-06T05:00:19.495Z,2026-04-06T05:00:19.495Z,2026-04-08T08:36:58.649Z,0,
69d33de34ede227dce4c28c2,CHB1003,68c505d2267e3c8d0ddc265f,5,2027-07-30T18:30:00.000Z,692429a031185c93746d91ef,38.91,48,0,48,pending,,,true,14.82,711.36,16.3,16.3,14.82,false,2026-04-06T05:00:19.555Z,2026-04-06T05:00:19.555Z,2026-04-08T08:36:55.681Z,0,
69d33de34ede227dce4c28c3,ZACD2521,69ce437b2b2deb9f9bbb7b69,5,2027-09-29T18:30:00.000Z,692429a031185c93746d91ef,107.81,5,0,5,pending,,,true,65.71,328.55,72.28,72.28,65.71,false,2026-04-06T05:00:19.613Z,2026-04-06T05:00:19.613Z,2026-04-08T08:36:37.293Z,0,
69d33de34ede227dce4c28c4,MPJ253583,68c505d2267e3c8d0ddc2b90,5,2027-02-27T18:30:00.000Z,692429a031185c93746d91ef,117.18,5,0,0,pending,,,true,74.4,372,81.84,81.84,74.4,false,2026-04-06T05:00:19.674Z,2026-04-06T05:00:19.674Z,2026-04-13T06:35:13.099Z,0,
69d33de34ede227dce4c28c5,5BA1048,696392502557351e343d8955,5,2027-03-30T18:30:00.000Z,692429a031185c93746d91ef,121.97,5,0,5,pending,,,true,83.63,418.15,91.99,91.99,83.63,false,2026-04-06T05:00:19.731Z,2026-04-06T05:00:19.731Z,2026-04-08T08:36:37.466Z,0,
69d33de34ede227dce4c28c6,VAB2510,69ce43502b2deb9f9bbb7219,5,2026-12-30T18:30:00.000Z,692429a031185c93746d91ef,135.93,5,0,5,pending,,,true,93.21,466.05,102.53,102.53,93.21,false,2026-04-06T05:00:19.791Z,2026-04-06T05:00:19.791Z,2026-04-08T08:36:37.554Z,0,
69d33de34ede227dce4c28c7,PLZ260101,68c505d2267e3c8d0ddc2df3,5,2028-06-29T18:30:00.000Z,692429a031185c93746d91ef,168.54,10,0,10,pending,,,true,141.25,1412.5,155.38,155.38,141.25,false,2026-04-06T05:00:19.851Z,2026-04-06T05:00:19.852Z,2026-04-08T08:36:37.729Z,0,
69d33de34ede227dce4c28c8,5BA1789,68c505d2267e3c8d0ddc2a01,5,2027-06-29T18:30:00.000Z,692429a031185c93746d91ef,183.32,3,0,3,pending,,,true,139.67,419.01,153.64,153.64,139.67,false,2026-04-06T05:00:19.911Z,2026-04-06T05:00:19.912Z,2026-04-08T08:36:39.653Z,0,
69d33de34ede227dce4c28c9,4BA1981,68e794925ce49336968f8620,12,2026-06-29T18:30:00.000Z,692429a031185c93746d91ef,184.5,5,0,5,pending,,,true,127.79,638.95,140.57,140.57,127.79,false,2026-04-06T05:00:19.972Z,2026-04-06T05:00:19.972Z,2026-04-08T08:36:44.776Z,0,
69d33de44ede227dce4c28ca,K2501693,69251a64496994f2855ca1a9,5,2027-06-29T18:30:00.000Z,692429a031185c93746d91ef,187.11,10,0,8,pending,,,true,142.56,1425.6,156.82,156.82,142.56,false,2026-04-06T05:00:20.030Z,2026-04-06T05:00:20.030Z,2026-04-10T11:42:19.490Z,0,
69d33de44ede227dce4c28cb,FT52725003,6943ea47609c8b24f49f030c,5,2027-01-30T18:30:00.000Z,692429a031185c93746d91ef,187.5,12,0,12,pending,,,true,142.86,1714.32,157.15,157.15,142.86,false,2026-04-06T05:00:20.084Z,2026-04-06T05:00:20.085Z,2026-04-08T08:36:38.073Z,0,
69d33de44ede227dce4c28cc,N2500455,694cfc56b0398ee9744978de,5,2028-01-30T18:30:00.000Z,692429a031185c93746d91ef,196.88,10,0,10,pending,,,true,150,1500,165,165,150,false,2026-04-06T05:00:20.141Z,2026-04-06T05:00:20.141Z,2026-04-08T08:36:38.160Z,0,
69d33de44ede227dce4c28cd,N2502862,694cfc56b0398ee9744978de,5,2028-07-30T18:30:00.000Z,692429a031185c93746d91ef,216.56,5,0,5,pending,,,true,165,825,181.5,181.5,165,false,2026-04-06T05:00:20.200Z,2026-04-06T05:00:20.200Z,2026-04-08T08:36:38.248Z,0,
69d33de44ede227dce4c28ce,5SA0871,69ce43562b2deb9f9bbb733f,5,2027-03-30T18:30:00.000Z,692429a031185c93746d91ef,220.42,10,0,10,pending,,,true,151.15,1511.5,166.27,166.27,151.15,false,2026-04-06T05:00:20.260Z,2026-04-06T05:00:20.261Z,2026-04-08T08:36:38.336Z,0,
69d33de44ede227dce4c28cf,DXM2549,69638faf2557351e343ce98c,5,2028-10-30T18:30:00.000Z,692429a031185c93746d91ef,285.84,3,0,0,pending,,,true,217.79,653.37,239.57,239.57,217.79,false,2026-04-06T05:00:20.316Z,2026-04-06T05:00:20.316Z,2026-04-15T08:06:03.361Z,0,
69d33de44ede227dce4c28d0,A24013SD,68c505d2267e3c8d0ddc2b74,12,2026-06-29T18:30:00.000Z,692429a031185c93746d91ef,438.28,7,0,7,pending,,,true,333.93,2337.51,367.32,367.32,333.93,false,2026-04-06T05:00:20.372Z,2026-04-06T05:00:20.372Z,2026-04-08T08:36:38.513Z,0,
69d33de44ede227dce4c28d1,SPKY25018,6901fabaf4ae89bffe288823,12,2027-05-30T18:30:00.000Z,692429a031185c93746d91ef,444,6,0,6,pending,,,true,317.14,1902.84,348.85,348.85,317.14,false,2026-04-06T05:00:20.429Z,2026-04-06T05:00:20.429Z,2026-04-08T08:36:38.600Z,0,
69d33de44ede227dce4c28d2,5BA1804,68c505d2267e3c8d0ddc2b33,5,2027-05-30T18:30:00.000Z,692429a031185c93746d91ef,467.7,2,0,2,pending,,,true,356.34,712.68,391.97,391.97,356.34,false,2026-04-06T05:00:20.490Z,2026-04-06T05:00:20.490Z,2026-04-08T08:36:38.687Z,0,
69d33de44ede227dce4c28d3,62250389,698335e12f3f0efe03ff8286,5,2027-07-30T18:30:00.000Z,692429a031185c93746d91ef,479.06,2,0,2,pending,,,true,365,730,401.5,401.5,365,false,2026-04-06T05:00:20.549Z,2026-04-06T05:00:20.549Z,2026-04-08T08:36:40.426Z,0,
69d33de44ede227dce4c28d4,5SA1379,69ce43722b2deb9f9bbb7969,5,2027-05-30T18:30:00.000Z,692429a031185c93746d91ef,670.36,10,0,10,pending,,,true,510.75,5107.5,561.83,561.83,510.75,false,2026-04-06T05:00:20.607Z,2026-04-06T05:00:20.607Z,2026-04-08T08:36:38.863Z,0,
69d33de44ede227dce4c28d5,1250090,68c505d2267e3c8d0ddc264a,5,2027-04-29T18:30:00.000Z,692429a031185c93746d91ef,4988.54,4,0,0,pending,,,true,1774,7096,1951.4,1951.4,1774,false,2026-04-06T05:00:20.664Z,2026-04-06T05:00:20.664Z,2026-04-13T10:14:35.379Z,0,
69d33de44ede227dce4c28d6,4L80646,68c505d2267e3c8d0ddc259b,5,2026-11-29T18:30:00.000Z,692429a031185c93746d91ef,24.89,10,0,7,pending,,,true,18.01,180.1,19.81,19.81,18.01,false,2026-04-06T05:00:20.722Z,2026-04-06T05:00:20.722Z,2026-04-14T10:44:45.425Z,0,
69d33de44ede227dce4c28d7,GTF1739A,69251a64496994f2855ca1ad,5,2026-05-30T18:30:00.000Z,692429a031185c93746d91ef,35.38,30,0,30,pending,,,true,26.96,808.8,29.66,29.66,26.96,false,2026-04-06T05:00:20.785Z,2026-04-06T05:00:20.785Z,2026-04-08T08:36:55.769Z,0,
69d33de44ede227dce4c28d8,JKCG25001,68c505d2267e3c8d0ddc248a,5,2027-10-30T18:30:00.000Z,692429a031185c93746d91ef,62.84,6,0,6,pending,,,true,47.88,287.28,52.67,52.67,47.88,false,2026-04-06T05:00:20.846Z,2026-04-06T05:00:20.846Z,2026-04-08T08:36:44.605Z,0,
69d33de44ede227dce4c28d9,FZ2560,68c505d2267e3c8d0ddc2b78,5,2027-08-30T18:30:00.000Z,692429a031185c93746d91ef,93.75,10,0,10,pending,,,true,57.14,571.4,62.85,62.85,57.14,false,2026-04-06T05:00:20.906Z,2026-04-06T05:00:20.906Z,2026-04-08T08:36:39.300Z,0,
69d33de44ede227dce4c28da,FZFZ2560,68c505d2267e3c8d0ddc2b78,5,2027-08-30T18:30:00.000Z,692429a031185c93746d91ef,93.75,10,0,10,pending,,,true,57.14,571.4,62.85,62.85,57.14,false,2026-04-06T05:00:20.965Z,2026-04-06T05:00:20.966Z,2026-04-08T08:36:39.389Z,0,
69d33de54ede227dce4c28db,N2502944,69ce432d2b2deb9f9bbb6a9a,5,2027-08-30T18:30:00.000Z,692429a031185c93746d91ef,106.78,5,0,5,pending,,,true,81.36,406.8,89.5,89.5,81.36,false,2026-04-06T05:00:21.027Z,2026-04-06T05:00:21.027Z,2026-04-08T08:36:39.473Z,0,
69d33de54ede227dce4c28dc,5SB0215,68c505d2267e3c8d0ddc2cab,12,2027-01-30T18:30:00.000Z,692429a031185c93746d91ef,118.85,5,0,5,pending,,,true,84.89,424.45,93.38,93.38,84.89,false,2026-04-06T05:00:21.085Z,2026-04-06T05:00:21.085Z,2026-04-08T08:36:39.566Z,0,
69d33de54ede227dce4c28dd,03J25039,693aa6654f89925262af2fa7,5,2030-04-29T18:30:00.000Z,692429a031185c93746d91ef,190.5,3,0,0,pending,,,true,145.14,435.42,159.65,159.65,145.14,false,2026-04-06T05:00:21.143Z,2026-04-06T05:00:21.143Z,2026-04-14T10:28:42.667Z,0,
69d33de54ede227dce4c28de,SIG1933A,692ffedfc9be211d89d6afb4,5,2027-08-30T18:30:00.000Z,692429a031185c93746d91ef,204.38,5,0,5,pending,,,true,155.72,778.6,171.29,171.29,155.72,false,2026-04-06T05:00:21.202Z,2026-04-06T05:00:21.203Z,2026-04-08T08:36:39.830Z,0,
69d33de54ede227dce4c28df,5SN2233,69ce433d2b2deb9f9bbb6dfd,5,2027-10-30T18:30:00.000Z,692429a031185c93746d91ef,293.37,5,0,5,pending,,,true,223.52,1117.6,245.87,245.87,223.52,false,2026-04-06T05:00:21.260Z,2026-04-06T05:00:21.260Z,2026-04-08T08:36:39.914Z,0,
69d33de54ede227dce4c28e0,11260127,68c505d2267e3c8d0ddc2535,5,2028-12-30T18:30:00.000Z,692429a031185c93746d91ef,314.07,3,0,1,pending,,,true,232.14,696.42,255.35,255.35,232.14,false,2026-04-06T05:00:21.320Z,2026-04-06T05:00:21.321Z,2026-04-13T06:46:41.589Z,0,
69d33de54ede227dce4c28e1,N2502127,693fc0e4dff3f5256b721003,5,2027-05-30T18:30:00.000Z,692429a031185c93746d91ef,408.75,8,0,8,pending,,,true,311.43,2491.44,342.57,342.57,311.43,false,2026-04-06T05:00:21.382Z,2026-04-06T05:00:21.382Z,2026-04-08T08:36:40.087Z,0,
69d33de54ede227dce4c28e2,L1525086,68c505d2267e3c8d0ddc2ad8,12,2027-12-30T18:30:00.000Z,692429a031185c93746d91ef,444.56,3,0,3,pending,,,true,317.54,952.62,349.29,349.29,317.54,false,2026-04-06T05:00:21.441Z,2026-04-06T05:00:21.442Z,2026-04-08T08:36:40.171Z,0,
69d33de54ede227dce4c28e3,ENSG06524,69ce43202b2deb9f9bbb67d9,5,2026-06-29T18:30:00.000Z,692429a031185c93746d91ef,470.33,10,0,10,pending,,,true,150.01,1500.1,165.01,165.01,150.01,false,2026-04-06T05:00:21.499Z,2026-04-06T05:00:21.499Z,2026-04-08T08:36:50.484Z,0,
69d33de54ede227dce4c28e4,GTG0348A,69ce434c2b2deb9f9bbb714c,12,2026-12-30T18:30:00.000Z,692429a031185c93746d91ef,675,6,0,6,pending,,,true,482.14,2892.84,530.35,530.35,482.14,false,2026-04-06T05:00:21.556Z,2026-04-06T05:00:21.556Z,2026-04-08T08:36:40.516Z,0,
69d33de54ede227dce4c28e5,SB1024J025,69ce431f2b2deb9f9bbb67a7,5,2026-12-30T18:30:00.000Z,692429a031185c93746d91ef,62.81,4,0,4,pending,,,true,39.88,159.52,43.87,43.87,39.88,false,2026-04-06T05:00:21.615Z,2026-04-06T05:00:21.616Z,2026-04-08T08:36:40.603Z,0,
69d33de54ede227dce4c28e6,JKCG25002,68c505d2267e3c8d0ddc248a,5,2027-12-30T18:30:00.000Z,692429a031185c93746d91ef,62.84,10,0,10,pending,,,true,47.88,478.8,52.67,52.67,47.88,false,2026-04-06T05:00:21.676Z,2026-04-06T05:00:21.676Z,2026-04-08T08:36:47.552Z,0,
69d33de54ede227dce4c28e7,11240089,68c505d2267e3c8d0ddc2520,5,2026-12-30T18:30:00.000Z,692429a031185c93746d91ef,94.5,10,0,10,pending,,,true,65.45,654.5,72,72,65.45,false,2026-04-06T05:00:21.735Z,2026-04-06T05:00:21.735Z,2026-04-08T08:36:48.163Z,0,
69d33de54ede227dce4c28e8,N2503322,68c505d2267e3c8d0ddc2d01,5,2028-09-29T18:30:00.000Z,692429a031185c93746d91ef,392.34,10,0,5,pending,,,true,298.93,2989.3,328.82,328.82,298.93,false,2026-04-06T05:00:21.792Z,2026-04-06T05:00:21.792Z,2026-04-15T10:16:00.453Z,0,
69d33de54ede227dce4c28e9,L1525033,68c505d2267e3c8d0ddc2ad8,12,2027-12-30T18:30:00.000Z,692429a031185c93746d91ef,444.56,4,0,4,pending,,,true,317.54,1270.16,349.29,349.29,317.54,false,2026-04-06T05:00:21.849Z,2026-04-06T05:00:21.849Z,2026-04-08T08:36:40.976Z,0,
69d33de54ede227dce4c28ea,D4HD0345A,6943e8eb609c8b24f49edf40,5,2026-07-30T18:30:00.000Z,692429a031185c93746d91ef,2580.32,15,0,15,pending,,,true,950,14250,1045,1045,950,false,2026-04-06T05:00:21.903Z,2026-04-06T05:00:21.904Z,2026-04-08T08:36:41.061Z,0,
69d33de54ede227dce4c28eb,YMS25184,69251a6b496994f2855ca2bd,5,2028-06-29T18:30:00.000Z,692429a031185c93746d91ef,48.75,10,0,10,pending,,,true,29.71,297.1,32.68,32.68,29.71,false,2026-04-06T05:00:21.960Z,2026-04-06T05:00:21.960Z,2026-04-08T08:36:41.149Z,0,
69d33de64ede227dce4c28ec,ZQL2577,68c505d2267e3c8d0ddc2b76,5,2027-06-29T18:30:00.000Z,692429a031185c93746d91ef,61.88,10,0,5,pending,,,true,42.43,424.3,46.67,46.67,42.43,false,2026-04-06T05:00:22.022Z,2026-04-06T05:00:22.022Z,2026-04-14T10:28:42.126Z,0,
69d33de64ede227dce4c28ed,DPL251751,69ce431f2b2deb9f9bbb67a7,5,2026-12-30T18:30:00.000Z,692429a031185c93746d91ef,62.81,5,0,5,pending,,,true,39.88,199.4,43.87,43.87,39.88,false,2026-04-06T05:00:22.081Z,2026-04-06T05:00:22.081Z,2026-04-08T08:36:41.324Z,0,
69d33de64ede227dce4c28ee,GTG3574A,69ce43322b2deb9f9bbb6bbf,5,2028-10-30T18:30:00.000Z,692429a031185c93746d91ef,64.88,5,0,0,pending,,,true,49.43,247.15,54.37,54.37,49.43,false,2026-04-06T05:00:22.141Z,2026-04-06T05:00:22.141Z,2026-04-14T10:34:19.585Z,0,
69d33de64ede227dce4c28ef,DBB1055,69251a71496994f2855ca3b3,5,2028-10-30T18:30:00.000Z,692429a031185c93746d91ef,66.36,10,0,8,pending,,,true,44.24,442.4,48.66,48.66,44.24,false,2026-04-06T05:00:22.200Z,2026-04-06T05:00:22.200Z,2026-04-13T06:31:59.622Z,0,
69d33de64ede227dce4c28f0,5SD0405,68c505d2267e3c8d0ddc2d59,5,2028-08-30T18:30:00.000Z,692429a031185c93746d91ef,66.51,20,0,10,pending,,,true,45.6,912,50.16,50.16,45.6,false,2026-04-06T05:00:22.258Z,2026-04-06T05:00:22.258Z,2026-04-13T06:31:56.970Z,0,
69d33de64ede227dce4c28f1,SIG0644B,6904a998759f4027f5808708,12,2027-02-27T18:30:00.000Z,692429a031185c93746d91ef,84.33,5,0,5,pending,,,true,60.23,301.15,66.25,66.25,60.23,false,2026-04-06T05:00:22.314Z,2026-04-06T05:00:22.314Z,2026-04-08T08:36:41.671Z,0,
69d33de64ede227dce4c28f2,SIG0112C,69ce43552b2deb9f9bbb732d,5,2026-12-30T18:30:00.000Z,692429a031185c93746d91ef,99.38,10,0,10,pending,,,true,75.71,757.1,83.28,83.28,75.71,false,2026-04-06T05:00:22.372Z,2026-04-06T05:00:22.372Z,2026-04-08T08:36:41.758Z,0,
69d33de64ede227dce4c28f3,ZWR2516,69ce434d2b2deb9f9bbb718c,5,2027-09-29T18:30:00.000Z,692429a031185c93746d91ef,102.18,10,0,10,pending,,,true,77.85,778.5,85.64,85.64,77.85,false,2026-04-06T05:00:22.429Z,2026-04-06T05:00:22.430Z,2026-04-08T08:36:41.845Z,0,
69d33de64ede227dce4c28f4,CJ25004,68c505d2267e3c8d0ddc2d6a,5,2027-04-29T18:30:00.000Z,692429a031185c93746d91ef,108.75,10,0,10,pending,,,true,69.05,690.5,75.95,75.95,69.05,false,2026-04-06T05:00:22.488Z,2026-04-06T05:00:22.488Z,2026-04-08T08:36:41.931Z,0,
69d33de64ede227dce4c28f5,05250074A,68c505d2267e3c8d0ddc2b35,5,2026-12-30T18:30:00.000Z,692429a031185c93746d91ef,114,10,0,10,pending,,,true,73.89,738.9,81.28,81.28,73.89,false,2026-04-06T05:00:22.545Z,2026-04-06T05:00:22.545Z,2026-04-08T08:36:42.017Z,0,
69d33de64ede227dce4c28f6,60051294,68c505d2267e3c8d0ddc2c11,5,2028-01-30T18:30:00.000Z,692429a031185c93746d91ef,116.25,10,0,10,pending,,,true,93,930,102.3,102.3,93,false,2026-04-06T05:00:22.602Z,2026-04-06T05:00:22.602Z,2026-04-08T08:36:45.633Z,0,
69d33de64ede227dce4c28f7,K2500764,68c505d2267e3c8d0ddc2e24,12,2026-09-29T18:30:00.000Z,692429a031185c93746d91ef,128,5,0,5,pending,,,true,91.43,457.15,100.57,100.57,91.43,false,2026-04-06T05:00:22.661Z,2026-04-06T05:00:22.661Z,2026-04-08T08:36:42.360Z,0,
69d33de64ede227dce4c28f8,K2503015,69251a64496994f2855ca1a7,5,2027-11-29T18:30:00.000Z,692429a031185c93746d91ef,136.08,5,0,5,pending,,,true,103.68,518.4,114.05,114.05,103.68,false,2026-04-06T05:00:22.719Z,2026-04-06T05:00:22.720Z,2026-04-08T08:36:42.447Z,0,
69d33de64ede227dce4c28f9,K2501690,69251a64496994f2855ca1a7,5,2027-06-29T18:30:00.000Z,692429a031185c93746d91ef,136.08,20,0,20,pending,,,true,103.68,2073.6,114.05,114.05,103.68,false,2026-04-06T05:00:22.779Z,2026-04-06T05:00:22.780Z,2026-04-08T08:36:42.534Z,0,
69d33de64ede227dce4c28fa,11251481,68c505d2267e3c8d0ddc2b36,5,2027-10-30T18:30:00.000Z,692429a031185c93746d91ef,158.43,10,0,10,pending,,,true,109.96,1099.6,120.96,120.96,109.96,false,2026-04-06T05:00:22.837Z,2026-04-06T05:00:22.837Z,2026-04-08T08:36:42.620Z,0,
69d33de64ede227dce4c28fb,JKEB24002,68c505d2267e3c8d0ddc2dae,5,2028-03-30T18:30:00.000Z,692429a031185c93746d91ef,160.4,30,0,30,pending,,,true,111.1,3333,122.21,122.21,111.1,false,2026-04-06T05:00:22.893Z,2026-04-06T05:00:22.893Z,2026-04-08T08:36:42.797Z,0,
69d33de64ede227dce4c28fc,GKG1096A,69ce435a2b2deb9f9bbb743b,5,2027-06-29T18:30:00.000Z,692429a031185c93746d91ef,165.94,5,0,5,pending,,,true,126.43,632.15,139.07,139.07,126.43,false,2026-04-06T05:00:22.953Z,2026-04-06T05:00:22.954Z,2026-04-08T08:36:42.882Z,0,
69d33de74ede227dce4c28fd,11250331,68c505d2267e3c8d0ddc28bf,5,2028-02-28T18:30:00.000Z,692429a031185c93746d91ef,177.66,10,0,4,pending,,,true,135.36,1353.6,148.9,148.9,135.36,false,2026-04-06T05:00:23.011Z,2026-04-06T05:00:23.011Z,2026-04-14T10:44:45.694Z,0,
69d33de74ede227dce4c28fe,K2502495,69251a64496994f2855ca1a9,5,2027-09-29T18:30:00.000Z,692429a031185c93746d91ef,187.11,5,0,4,pending,,,true,142.56,712.8,156.82,156.82,142.56,false,2026-04-06T05:00:23.071Z,2026-04-06T05:00:23.071Z,2026-04-10T11:42:22.176Z,0,
69d33de74ede227dce4c28ff,K2502458,69251a64496994f2855ca1a9,5,2027-09-29T18:30:00.000Z,692429a031185c93746d91ef,187.11,5,0,0,pending,,,true,142.56,712.8,156.82,156.82,142.56,false,2026-04-06T05:00:23.127Z,2026-04-06T05:00:23.127Z,2026-04-10T11:42:24.838Z,0,
69d33de74ede227dce4c2900,37225050,6944ce21609c8b24f4a0cecc,5,2027-04-29T18:30:00.000Z,692429a031185c93746d91ef,198.75,9,0,9,pending,,,true,151.43,1362.87,166.57,166.57,151.43,false,2026-04-06T05:00:23.183Z,2026-04-06T05:00:23.184Z,2026-04-08T08:36:46.498Z,0,
69d33de74ede227dce4c2901,5R30087,69251a61496994f2855ca115,5,2027-07-30T18:30:00.000Z,692429a031185c93746d91ef,267.59,5,0,2,pending,,,true,203.88,1019.4,224.27,224.27,203.88,false,2026-04-06T05:00:23.242Z,2026-04-06T05:00:23.242Z,2026-04-13T06:27:55.464Z,0,
69d33de74ede227dce4c2902,SIG2101A,6944d3f9609c8b24f4a13042,5,2028-03-30T18:30:00.000Z,692429a031185c93746d91ef,277.5,15,0,15,pending,,,true,211.43,3171.45,232.57,232.57,211.43,false,2026-04-06T05:00:23.298Z,2026-04-06T05:00:23.298Z,2026-04-08T08:36:43.394Z,0,
69d33de74ede227dce4c2903,5SN1533,68c505d2267e3c8d0ddc2e3b,5,2027-12-30T18:30:00.000Z,692429a031185c93746d91ef,331.47,10,0,10,pending,,,true,252.55,2525.5,277.81,277.81,252.55,false,2026-04-06T05:00:23.353Z,2026-04-06T05:00:23.353Z,2026-04-08T08:36:43.480Z,0,
69d33de74ede227dce4c2904,VSB240902,69ce437f2b2deb9f9bbb7c4c,5,2026-08-30T18:30:00.000Z,692429a031185c93746d91ef,349.38,10,0,10,pending,,,true,266.19,2661.9,292.81,292.81,266.19,false,2026-04-06T05:00:23.410Z,2026-04-06T05:00:23.410Z,2026-04-08T08:36:50.227Z,0,
69d33de74ede227dce4c2905,N2503102,69251a73496994f2855ca42c,5,2028-08-30T18:30:00.000Z,692429a031185c93746d91ef,409.69,30,0,30,pending,,,true,312.14,9364.2,343.35,343.35,312.14,false,2026-04-06T05:00:23.470Z,2026-04-06T05:00:23.470Z,2026-04-08T08:36:43.659Z,0,
69d33de74ede227dce4c2906,2GC251015A,69ce433d2b2deb9f9bbb6e0e,5,2030-10-30T18:30:00.000Z,692429a031185c93746d91ef,505.31,5,0,0,pending,,,true,320.79,1603.95,352.87,352.87,320.79,false,2026-04-06T05:00:23.527Z,2026-04-06T05:00:23.527Z,2026-04-10T12:24:41.441Z,0,
69d33de74ede227dce4c2907,24S2HTA671,68c505d2267e3c8d0ddc2c6b,0,2026-07-30T18:30:00.000Z,692429a031185c93746d91ef,544.53,10,0,10,pending,,,true,435.62,4356.2,479.18,479.18,435.62,false,2026-04-06T05:00:23.586Z,2026-04-06T05:00:23.586Z,2026-04-08T08:36:43.833Z,0,
69d33de74ede227dce4c2908,5SA1960,68c505d2267e3c8d0ddc2aba,5,2027-08-30T18:30:00.000Z,692429a031185c93746d91ef,551.41,5,0,0,pending,,,true,420.12,2100.6,462.13,462.13,420.12,false,2026-04-06T05:00:23.646Z,2026-04-06T05:00:23.646Z,2026-04-14T10:36:29.874Z,0,
69d33de74ede227dce4c2909,GKG1726A,69ce43502b2deb9f9bbb7232,5,2027-09-29T18:30:00.000Z,692429a031185c93746d91ef,571.88,5,0,5,pending,,,true,435.7,2178.5,479.27,479.27,435.7,false,2026-04-06T05:00:23.703Z,2026-04-06T05:00:23.703Z,2026-04-08T08:36:44.006Z,0,
69d33de74ede227dce4c290a,18250225,693ceb114f8992526293a9a0,5,2027-11-29T18:30:00.000Z,692429a031185c93746d91ef,617.81,5,0,5,pending,,,true,470.71,2353.55,517.78,517.78,470.71,false,2026-04-06T05:00:23.761Z,2026-04-06T05:00:23.761Z,2026-04-08T08:36:44.091Z,0,
69d33de74ede227dce4c290b,18240830,693ceb114f8992526293a9a0,5,2027-11-29T18:30:00.000Z,692429a031185c93746d91ef,617.81,15,0,15,pending,,,true,470.71,7060.65,517.78,517.78,470.71,false,2026-04-06T05:00:23.820Z,2026-04-06T05:00:23.821Z,2026-04-08T08:36:44.178Z,0,
69d33de74ede227dce4c290c,GTG2972A,6944d2f7609c8b24f4a12436,5,2027-09-29T18:30:00.000Z,692429a031185c93746d91ef,688.13,15,0,15,pending,,,true,524.29,7864.35,576.72,576.72,524.29,false,2026-04-06T05:00:23.878Z,2026-04-06T05:00:23.879Z,2026-04-08T08:36:44.261Z,0,
69d33de74ede227dce4c290d,ABB1041,69251a69496994f2855ca27f,5,2026-11-29T18:30:00.000Z,692429a031185c93746d91ef,761.86,10,0,5,pending,,,true,96.13,961.3,105.74,105.74,96.13,false,2026-04-06T05:00:23.935Z,2026-04-06T05:00:23.936Z,2026-04-14T05:48:20.174Z,0,
69d33de74ede227dce4c290e,5C25003,69251a61496994f2855ca11d,5,2026-09-29T18:30:00.000Z,692429a031185c93746d91ef,5133.75,10,0,10,pending,,,true,900,9000,990,990,900,false,2026-04-06T05:00:23.997Z,2026-04-06T05:00:23.998Z,2026-04-08T08:36:51.072Z,0,
69d33de84ede227dce4c290f,K2500464,6904a996759f4027f5808618,12,2028-01-30T18:30:00.000Z,692429a031185c93746d91ef,21.47,10,0,4,pending,,,true,15.34,153.4,16.87,16.87,15.34,false,2026-04-06T05:00:24.059Z,2026-04-06T05:00:24.059Z,2026-04-13T06:32:18.023Z,0,
69d33de84ede227dce4c2910,11250278,69251a60496994f2855ca10f,5,2027-02-27T18:30:00.000Z,692429a031185c93746d91ef,170.63,20,0,20,pending,,,true,118.18,2363.6,130,130,118.18,false,2026-04-06T05:00:24.123Z,2026-04-06T05:00:24.123Z,2026-04-08T08:36:44.691Z,0,
69d33de84ede227dce4c2911,HA250143A,69251a7e496994f2855ca613,5,2027-07-30T18:30:00.000Z,692429a031185c93746d91ef,339.32,30,0,30,pending,,,true,136.63,4098.9,150.29,150.29,136.63,false,2026-04-06T05:00:24.192Z,2026-04-06T05:00:24.192Z,2026-04-08T08:36:44.945Z,0,
69d33de84ede227dce4c2912,60052434,69ce43272b2deb9f9bbb6976,5,2028-09-29T18:30:00.000Z,692429a031185c93746d91ef,554.06,16,0,16,pending,,,true,422.14,6754.24,464.35,464.35,422.14,false,2026-04-06T05:00:24.252Z,2026-04-06T05:00:24.252Z,2026-04-08T08:36:45.033Z,0,
69d33de84ede227dce4c2913,AT24504A,69ce43512b2deb9f9bbb7242,5,2026-09-29T18:30:00.000Z,692429a031185c93746d91ef,22,10,0,3,pending,,,true,11.86,118.6,13.05,13.05,11.86,false,2026-04-06T05:00:24.310Z,2026-04-06T05:00:24.310Z,2026-04-15T05:00:27.606Z,0,
69d33de84ede227dce4c2914,5D290,68c505d2267e3c8d0ddc2518,5,2028-10-30T18:30:00.000Z,692429a031185c93746d91ef,182.68,10,0,10,pending,,,true,139.18,1391.8,153.1,153.1,139.18,false,2026-04-06T05:00:24.366Z,2026-04-06T05:00:24.366Z,2026-04-08T08:36:45.202Z,0,
69d33de84ede227dce4c2915,EMV251556A,68c505d2267e3c8d0ddc2ec9,12,2027-05-30T18:30:00.000Z,692429a031185c93746d91ef,2394,7,0,7,pending,,,true,1282.9,8980.3,1411.19,1411.19,1282.9,false,2026-04-06T05:00:24.428Z,2026-04-06T05:00:24.429Z,2026-04-08T08:36:45.288Z,0,
69d33de84ede227dce4c2916,ML25198,69ce435d2b2deb9f9bbb74fd,5,2027-03-30T18:30:00.000Z,692429a031185c93746d91ef,68.5,10,0,10,pending,,,true,46.97,469.7,51.67,51.67,46.97,false,2026-04-06T05:00:24.486Z,2026-04-06T05:00:24.486Z,2026-04-08T08:36:45.375Z,0,
69d33de84ede227dce4c2917,N2502612,68c505d2267e3c8d0ddc2cde,5,2028-07-30T18:30:00.000Z,692429a031185c93746d91ef,69.61,30,0,30,pending,,,true,53.04,1591.2,58.34,58.34,53.04,false,2026-04-06T05:00:24.546Z,2026-04-06T05:00:24.546Z,2026-04-08T08:36:45.458Z,0,
69d33de84ede227dce4c2918,5SB0769,68c505d2267e3c8d0ddc2cab,5,2027-08-30T18:30:00.000Z,692429a031185c93746d91ef,111.42,20,0,20,pending,,,true,84.89,1697.8,93.38,93.38,84.89,false,2026-04-06T05:00:24.603Z,2026-04-06T05:00:24.603Z,2026-04-08T08:36:45.546Z,0,
69d33de84ede227dce4c2919,ATS12BBA,68c505d2267e3c8d0ddc2569,5,2027-03-30T18:30:00.000Z,692429a031185c93746d91ef,123.93,10,0,5,pending,,,true,84.98,849.8,93.48,93.48,84.98,false,2026-04-06T05:00:24.660Z,2026-04-06T05:00:24.660Z,2026-04-13T12:38:41.001Z,0,
69d33de84ede227dce4c291a,K2301060,69ce437b2b2deb9f9bbb7b53,5,2026-04-29T18:30:00.000Z,692429a031185c93746d91ef,127.01,10,0,10,pending,,,true,90.72,907.2,99.79,99.79,90.72,false,2026-04-06T05:00:24.716Z,2026-04-06T05:00:24.716Z,2026-04-08T08:36:56.549Z,0,
69d33de84ede227dce4c291b,5SN0960,68c505d2267e3c8d0ddc2bcb,12,2028-03-30T18:30:00.000Z,692429a031185c93746d91ef,155.68,10,0,10,pending,,,true,111.2,1112,122.32,122.32,111.2,false,2026-04-06T05:00:24.772Z,2026-04-06T05:00:24.772Z,2026-04-08T08:36:45.895Z,0,
69d33de84ede227dce4c291c,5BA2225,68e794925ce49336968f8620,5,2027-06-29T18:30:00.000Z,692429a031185c93746d91ef,184.5,10,0,10,pending,,,true,140.57,1405.7,154.63,154.63,140.57,false,2026-04-06T05:00:24.830Z,2026-04-06T05:00:24.830Z,2026-04-08T08:36:45.982Z,0,
69d33de84ede227dce4c291d,GTG2558A,69ce434a2b2deb9f9bbb70ee,5,2027-02-27T18:30:00.000Z,692429a031185c93746d91ef,202.5,5,0,5,pending,,,true,154.29,771.45,169.72,169.72,154.29,false,2026-04-06T05:00:24.887Z,2026-04-06T05:00:24.887Z,2026-04-08T08:36:46.065Z,0,
69d33de84ede227dce4c291e,823MLBQ5,69ce433f2b2deb9f9bbb6e75,5,2026-09-29T18:30:00.000Z,692429a031185c93746d91ef,372.45,20,0,20,pending,,,true,283.77,5675.4,312.15,312.15,283.77,false,2026-04-06T05:00:24.943Z,2026-04-06T05:00:24.943Z,2026-04-08T08:36:46.153Z,0,
69d33de94ede227dce4c291f,GTG2787A,694d05fdb0398ee9744ac689,5,2027-08-30T18:30:00.000Z,692429a031185c93746d91ef,407.81,5,0,5,pending,,,true,310.71,1553.55,341.78,341.78,310.71,false,2026-04-06T05:00:25.001Z,2026-04-06T05:00:25.001Z,2026-04-08T08:36:46.238Z,0,
69d33de94ede227dce4c2920,CLU250517,69ce43282b2deb9f9bbb6992,5,2027-04-29T18:30:00.000Z,692429a031185c93746d91ef,462.52,8,0,8,pending,,,true,317.16,2537.28,348.88,348.88,317.16,false,2026-04-06T05:00:25.060Z,2026-04-06T05:00:25.060Z,2026-04-08T08:36:46.324Z,0,
69d33de94ede227dce4c2921,GTG1713A,69ce43282b2deb9f9bbb6988,5,2027-04-29T18:30:00.000Z,692429a031185c93746d91ef,514.69,10,0,10,pending,,,true,392.14,3921.4,431.35,431.35,392.14,false,2026-04-06T05:00:25.118Z,2026-04-06T05:00:25.118Z,2026-04-08T08:36:46.413Z,0,
69d33de94ede227dce4c2922,5SA2453,68c505d2267e3c8d0ddc2dd2,5,2027-10-30T18:30:00.000Z,692429a031185c93746d91ef,206.39,20,0,11,pending,,,true,131.04,2620.8,144.14,144.14,131.04,false,2026-04-06T05:00:25.179Z,2026-04-06T05:00:25.179Z,2026-04-14T10:28:43.216Z,0,
69d33de94ede227dce4c2923,18250325,69251a79496994f2855ca537,5,2028-05-30T18:30:00.000Z,692429a031185c93746d91ef,315.47,40,0,30,pending,,,true,240.35,9614,264.38,264.38,240.35,false,2026-04-06T05:00:25.237Z,2026-04-06T05:00:25.237Z,2026-04-15T07:04:10.264Z,0,
69d33de94ede227dce4c2924,5GH0387,69251a7e496994f2855ca60f,5,2027-05-30T18:30:00.000Z,692429a031185c93746d91ef,626.19,10,0,10,pending,,,true,477.1,4771,524.81,524.81,477.1,false,2026-04-06T05:00:25.297Z,2026-04-06T05:00:25.297Z,2026-04-08T08:36:46.762Z,0,
69d33de94ede227dce4c2925,K2501400,6925363df8330e39a591acc3,5,2027-10-30T18:30:00.000Z,692429a031185c93746d91ef,504.61,10,0,10,pending,,,true,384.46,3844.6,422.91,422.91,384.46,false,2026-04-06T05:00:25.356Z,2026-04-06T05:00:25.356Z,2026-04-08T08:36:46.849Z,0,
69d33de94ede227dce4c2926,GTG1345A,68c505d2267e3c8d0ddc2c0e,5,2027-03-30T18:30:00.000Z,692429a031185c93746d91ef,13.96,10,0,10,pending,,,true,10.64,106.4,11.7,11.7,10.64,false,2026-04-06T05:00:25.411Z,2026-04-06T05:00:25.411Z,2026-04-08T08:36:46.935Z,0,
69d33de94ede227dce4c2927,5L81088,69ce432c2b2deb9f9bbb6a81,5,2027-09-29T18:30:00.000Z,692429a031185c93746d91ef,16.48,10,0,6,pending,,,true,11.3,113,12.43,12.43,11.3,false,2026-04-06T05:00:25.469Z,2026-04-06T05:00:25.469Z,2026-04-14T10:44:45.157Z,0,
69d33de94ede227dce4c2928,KLLO5030,69ce434e2b2deb9f9bbb71c5,5,2027-08-30T18:30:00.000Z,692429a031185c93746d91ef,17.29,20,0,20,pending,,,true,13.16,263.2,14.48,14.48,13.16,false,2026-04-06T05:00:25.527Z,2026-04-06T05:00:25.527Z,2026-04-08T08:36:47.111Z,0,
69d33de94ede227dce4c2929,K2501665,6904a996759f4027f5808618,5,2028-06-29T18:30:00.000Z,692429a031185c93746d91ef,20.48,10,0,0,pending,,,true,15.6,156,17.16,17.16,15.6,false,2026-04-06T05:00:25.585Z,2026-04-06T05:00:25.585Z,2026-04-15T07:04:15.266Z,0,
69d33de94ede227dce4c292a,FA00063A,697d5dea7650d5ea2b3c90af,12,2027-04-29T18:30:00.000Z,692429a031185c93746d91ef,27.77,50,0,50,pending,,,true,15.25,762.5,16.78,16.78,15.25,false,2026-04-06T05:00:25.642Z,2026-04-06T05:00:25.642Z,2026-04-08T08:36:47.287Z,0,
69d33de94ede227dce4c292b,ATS02AQA,69ce43262b2deb9f9bbb692d,5,2027-11-29T18:30:00.000Z,692429a031185c93746d91ef,56.71,10,0,0,pending,,,true,43.21,432.1,47.53,47.53,43.21,false,2026-04-06T05:00:25.697Z,2026-04-06T05:00:25.698Z,2026-04-13T07:05:15.639Z,0,
69d33de94ede227dce4c292c,5SN1585,6933d05c88513009880898ec,5,2028-06-29T18:30:00.000Z,692429a031185c93746d91ef,58.16,20,0,20,pending,,,true,44.31,886.2,48.74,48.74,44.31,false,2026-04-06T05:00:25.759Z,2026-04-06T05:00:25.759Z,2026-04-08T08:36:47.462Z,0,
69d33de94ede227dce4c292d,26442501,69ce43582b2deb9f9bbb73b3,5,2028-03-30T18:30:00.000Z,692429a031185c93746d91ef,72.66,30,0,30,pending,,,true,51.25,1537.5,56.38,56.38,51.25,false,2026-04-06T05:00:25.816Z,2026-04-06T05:00:25.816Z,2026-04-08T08:36:47.815Z,0,
69d33de94ede227dce4c292e,60051499,68c505d2267e3c8d0ddc2c10,5,2028-02-28T18:30:00.000Z,692429a031185c93746d91ef,76.12,20,0,20,pending,,,true,60.96,1219.2,67.06,67.06,60.96,false,2026-04-06T05:00:25.872Z,2026-04-06T05:00:25.872Z,2026-04-08T08:36:47.903Z,0,
69d33de94ede227dce4c292f,ATS01APA,69ce43262b2deb9f9bbb6933,5,2027-09-29T18:30:00.000Z,692429a031185c93746d91ef,82.5,10,0,0,pending,,,true,62.86,628.6,69.15,69.15,62.86,false,2026-04-06T05:00:25.931Z,2026-04-06T05:00:25.931Z,2026-04-13T07:05:18.308Z,0,
69d33de94ede227dce4c2930,ZVT25275,68c505d2267e3c8d0ddc2ee2,5,2027-04-29T18:30:00.000Z,692429a031185c93746d91ef,107.67,10,0,10,pending,,,true,82.03,820.3,90.23,90.23,82.03,false,2026-04-06T05:00:25.989Z,2026-04-06T05:00:25.989Z,2026-04-08T08:36:48.334Z,0,
69d33dea4ede227dce4c2931,05260044A,68c505d2267e3c8d0ddc2b3c,5,2027-06-29T18:30:00.000Z,692429a031185c93746d91ef,108.75,10,0,10,pending,,,true,77.33,773.3,85.06,85.06,77.33,false,2026-04-06T05:00:26.052Z,2026-04-06T05:00:26.052Z,2026-04-08T08:36:48.422Z,0,
69d33dea4ede227dce4c2932,SIG2474A,69ce435a2b2deb9f9bbb7442,5,2027-10-30T18:30:00.000Z,692429a031185c93746d91ef,127.5,20,0,20,pending,,,true,97.14,1942.8,106.85,106.85,97.14,false,2026-04-06T05:00:26.110Z,2026-04-06T05:00:26.110Z,2026-04-08T08:36:53.154Z,0,
69d33dea4ede227dce4c2933,25S2HTB280,69292742a6f059dedd3e6b18,5,2027-10-30T18:30:00.000Z,692429a031185c93746d91ef,152.81,10,0,10,pending,,,true,98.97,989.7,108.87,108.87,98.97,false,2026-04-06T05:00:26.168Z,2026-04-06T05:00:26.168Z,2026-04-08T08:36:48.597Z,0,
69d33dea4ede227dce4c2934,GTH0107A,68c505d2267e3c8d0ddc2d32,5,2027-12-30T18:30:00.000Z,692429a031185c93746d91ef,168,40,0,-5,pending,,,true,128,5120,140.8,140.8,128,false,2026-04-06T05:00:26.226Z,2026-04-06T05:00:26.226Z,2026-04-14T10:38:51.764Z,0,
69d33dea4ede227dce4c2935,GTG1912B,68c505d2267e3c8d0ddc2ec4,5,2027-11-29T18:30:00.000Z,692429a031185c93746d91ef,190.31,20,0,20,pending,,,true,145,2900,159.5,159.5,145,false,2026-04-06T05:00:26.284Z,2026-04-06T05:00:26.284Z,2026-04-08T08:36:48.853Z,0,
69d33dea4ede227dce4c2936,LFC25002,69251a69496994f2855ca277,5,2026-10-30T18:30:00.000Z,692429a031185c93746d91ef,199.36,10,0,10,pending,,,true,121.49,1214.9,133.64,133.64,121.49,false,2026-04-06T05:00:26.345Z,2026-04-06T05:00:26.345Z,2026-04-08T08:36:48.937Z,0,
69d33dea4ede227dce4c2937,GTG3525A,69ce434a2b2deb9f9bbb70ee,5,2027-04-29T18:30:00.000Z,692429a031185c93746d91ef,202.5,10,0,0,pending,,,true,154.29,1542.9,169.72,169.72,154.29,false,2026-04-06T05:00:26.405Z,2026-04-06T05:00:26.405Z,2026-04-14T10:32:44.077Z,0,
69d33dea4ede227dce4c2938,GTG3583A,69ce434a2b2deb9f9bbb70ee,5,2027-05-30T18:30:00.000Z,692429a031185c93746d91ef,202.5,10,0,10,pending,,,true,154.29,1542.9,169.72,169.72,154.29,false,2026-04-06T05:00:26.461Z,2026-04-06T05:00:26.461Z,2026-04-08T08:36:49.109Z,0,
69d33dea4ede227dce4c2939,SCPP25096,69ce43752b2deb9f9bbb7a02,5,2027-11-29T18:30:00.000Z,692429a031185c93746d91ef,215,20,0,20,pending,,,true,163.81,3276.2,180.19,180.19,163.81,false,2026-04-06T05:00:26.516Z,2026-04-06T05:00:26.517Z,2026-04-08T08:36:53.938Z,0,
69d33dea4ede227dce4c293a,25S2GTA029,68c505d2267e3c8d0ddc2e0b,12,2026-12-30T18:30:00.000Z,692429a031185c93746d91ef,232,10,0,10,pending,,,true,165.71,1657.1,182.28,182.28,165.71,false,2026-04-06T05:00:26.572Z,2026-04-06T05:00:26.572Z,2026-04-08T08:36:49.285Z,0,
69d33dea4ede227dce4c293b,GKG1813A,69ce434f2b2deb9f9bbb71ee,5,2027-09-29T18:30:00.000Z,692429a031185c93746d91ef,242.81,20,0,20,pending,,,true,185,3700,203.5,203.5,185,false,2026-04-06T05:00:26.627Z,2026-04-06T05:00:26.627Z,2026-04-08T08:36:49.367Z,0,
69d33dea4ede227dce4c293c,VST240802,69ce437f2b2deb9f9bbb7c43,5,2026-07-30T18:30:00.000Z,692429a031185c93746d91ef,249.56,10,0,10,pending,,,true,190.14,1901.4,209.15,209.15,190.14,false,2026-04-06T05:00:26.685Z,2026-04-06T05:00:26.685Z,2026-04-08T08:36:49.451Z,0,
69d33dea4ede227dce4c293d,N2503672,68c505d2267e3c8d0ddc2da0,5,2027-10-30T18:30:00.000Z,692429a031185c93746d91ef,255.94,10,0,10,pending,,,true,195,1950,214.5,214.5,195,false,2026-04-06T05:00:26.741Z,2026-04-06T05:00:26.741Z,2026-04-08T08:36:49.538Z,0,
69d33dea4ede227dce4c293e,CTA1072,69251a65496994f2855ca1c9,5,2026-06-29T18:30:00.000Z,692429a031185c93746d91ef,256.95,10,0,10,pending,,,true,50.82,508.2,55.9,55.9,50.82,false,2026-04-06T05:00:26.798Z,2026-04-06T05:00:26.798Z,2026-04-08T08:36:49.625Z,0,
69d33dea4ede227dce4c293f,GTG3803A,69251a78496994f2855ca4e6,5,2027-11-29T18:30:00.000Z,692429a031185c93746d91ef,262.5,20,0,0,pending,,,true,200,4000,220,220,200,false,2026-04-06T05:00:26.852Z,2026-04-06T05:00:26.853Z,2026-04-13T06:32:10.059Z,0,
69d33dea4ede227dce4c2940,MDTM25210,69660e80b6f2a316d88357b1,5,2028-04-29T18:30:00.000Z,692429a031185c93746d91ef,276.56,30,0,30,pending,,,true,210.71,6321.3,231.78,231.78,210.71,false,2026-04-06T05:00:26.911Z,2026-04-06T05:00:26.911Z,2026-04-08T08:36:56.289Z,0,
69d33dea4ede227dce4c2941,18240272,697f09606ecbf4102a6923c4,5,2027-02-27T18:30:00.000Z,692429a031185c93746d91ef,279.37,10,0,10,pending,,,true,212.86,2128.6,234.15,234.15,212.86,false,2026-04-06T05:00:26.967Z,2026-04-06T05:00:26.967Z,2026-04-08T08:36:49.886Z,0,
69d33deb4ede227dce4c2942,GKG0942A,68c505d2267e3c8d0ddc2da5,5,2027-11-29T18:30:00.000Z,692429a031185c93746d91ef,288.75,30,0,20,pending,,,true,220,6600,242,242,220,false,2026-04-06T05:00:27.024Z,2026-04-06T05:00:27.024Z,2026-04-13T06:46:46.859Z,0,
69d33deb4ede227dce4c2943,25S3GTB301,68c505d2267e3c8d0ddc2df9,5,2027-10-30T18:30:00.000Z,692429a031185c93746d91ef,289.69,10,0,10,pending,,,true,220.71,2207.1,242.78,242.78,220.71,false,2026-04-06T05:00:27.083Z,2026-04-06T05:00:27.083Z,2026-04-08T08:36:50.056Z,0,
69d33deb4ede227dce4c2944,N2502245,68c505d2267e3c8d0ddc2d02,5,2027-06-29T18:30:00.000Z,692429a031185c93746d91ef,334.69,10,0,10,pending,,,true,255,2550,280.5,280.5,255,false,2026-04-06T05:00:27.143Z,2026-04-06T05:00:27.143Z,2026-04-08T08:36:50.143Z,0,
69d33deb4ede227dce4c2945,GTF3595A,69ce43552b2deb9f9bbb7339,12,2026-10-30T18:30:00.000Z,692429a031185c93746d91ef,390,20,0,20,pending,,,true,278.57,5571.4,306.43,306.43,278.57,false,2026-04-06T05:00:27.200Z,2026-04-06T05:00:27.201Z,2026-04-08T08:36:50.314Z,0,
69d33deb4ede227dce4c2946,PXC0036,69251a5e496994f2855ca091,5,2027-05-30T18:30:00.000Z,692429a031185c93746d91ef,454.69,20,0,20,pending,,,true,346.43,6928.6,381.07,381.07,346.43,false,2026-04-06T05:00:27.260Z,2026-04-06T05:00:27.260Z,2026-04-08T08:36:50.398Z,0,
69d33deb4ede227dce4c2947,5R30089,692ec538c9be211d89bdf816,5,2027-07-30T18:30:00.000Z,692429a031185c93746d91ef,564.52,20,0,20,pending,,,true,358.51,7170.2,394.36,394.36,358.51,false,2026-04-06T05:00:27.321Z,2026-04-06T05:00:27.322Z,2026-04-08T08:36:50.572Z,0,
69d33deb4ede227dce4c2948,7015015A,69251a5f496994f2855ca0c5,5,2027-05-30T18:30:00.000Z,692429a031185c93746d91ef,668.48,10,0,10,pending,,,true,270,2700,297,297,270,false,2026-04-06T05:00:27.378Z,2026-04-06T05:00:27.379Z,2026-04-08T08:36:50.654Z,0,
69d33deb4ede227dce4c2949,GTG3536A,6944d2f7609c8b24f4a12436,5,2027-10-30T18:30:00.000Z,692429a031185c93746d91ef,688.13,10,0,10,pending,,,true,524.29,5242.9,576.72,576.72,524.29,false,2026-04-06T05:00:27.436Z,2026-04-06T05:00:27.436Z,2026-04-08T08:36:50.738Z,0,
69d33deb4ede227dce4c294a,X25C006,68c505d2267e3c8d0ddc2487,5,2027-02-27T18:30:00.000Z,692429a031185c93746d91ef,1067.11,20,4,20,pending,,,true,812.88,13006.08,894.17,894.17,650.3,false,2026-04-06T05:00:27.493Z,2026-04-06T05:00:27.494Z,2026-04-08T08:36:54.988Z,0,
69d33deb4ede227dce4c294b,AB240087A,69251a67496994f2855ca217,5,2027-02-27T18:30:00.000Z,692429a031185c93746d91ef,3181.92,10,0,10,pending,,,true,250,2500,275,275,250,false,2026-04-06T05:00:27.550Z,2026-04-06T05:00:27.551Z,2026-04-08T08:36:50.902Z,0,
69d33deb4ede227dce4c294c,K2501596,68c505d2267e3c8d0ddc2dec,5,2028-06-29T18:30:00.000Z,692429a031185c93746d91ef,338.63,20,0,20,pending,,,true,258,5160,283.8,283.8,258,false,2026-04-06T05:00:27.609Z,2026-04-06T05:00:27.609Z,2026-04-08T08:36:51.246Z,0,
69d33deb4ede227dce4c294d,5SA0417,68c505d2267e3c8d0ddc2cf8,5,2027-02-27T18:30:00.000Z,692429a031185c93746d91ef,50.64,25,0,15,pending,,,true,34.73,868.25,38.2,38.2,34.73,false,2026-04-06T05:00:27.666Z,2026-04-06T05:00:27.667Z,2026-04-13T06:31:51.529Z,0,
69d33deb4ede227dce4c294e,5SN2119,68c505d2267e3c8d0ddc2be9,5,2028-10-30T18:30:00.000Z,692429a031185c93746d91ef,80,60,0,60,pending,,,true,60.95,3657,67.05,67.05,60.95,false,2026-04-06T05:00:27.723Z,2026-04-06T05:00:27.723Z,2026-04-08T08:36:51.421Z,0,
69d33deb4ede227dce4c294f,ZAEA2604,69251a7a496994f2855ca55d,5,2029-11-29T18:30:00.000Z,692429a031185c93746d91ef,103.12,60,0,30,pending,,,true,62.86,3771.6,69.15,69.15,62.86,false,2026-04-06T05:00:27.778Z,2026-04-06T05:00:27.778Z,2026-04-14T10:44:41.132Z,0,
69d33deb4ede227dce4c2950,C2VBM48,69251a68496994f2855ca24f,12,2026-07-30T18:30:00.000Z,692429a031185c93746d91ef,149.6,25,0,25,pending,,,true,73.91,1847.75,81.3,81.3,73.91,false,2026-04-06T05:00:27.837Z,2026-04-06T05:00:27.837Z,2026-04-08T08:36:51.598Z,0,
69d33deb4ede227dce4c2951,SA00497A,693d06234f899252629c2469,5,2027-09-29T18:30:00.000Z,692429a031185c93746d91ef,184.9,18,0,5,pending,,,true,140.88,2535.84,154.97,154.97,140.88,false,2026-04-06T05:00:27.894Z,2026-04-06T05:00:27.894Z,2026-04-15T05:00:27.333Z,0,
69d33deb4ede227dce4c2952,K2502957,6925363df8330e39a591acc3,5,2027-10-30T18:30:00.000Z,692429a031185c93746d91ef,504.61,10,0,10,pending,,,true,384.46,3844.6,422.91,422.91,384.46,false,2026-04-06T05:00:27.952Z,2026-04-06T05:00:27.952Z,2026-04-08T08:36:51.775Z,0,
69d33dec4ede227dce4c2953,AQW01AAA,68c505d2267e3c8d0ddc27e4,5,2026-12-30T18:30:00.000Z,692429a031185c93746d91ef,104.62,40,0,40,pending,,,true,60.77,2430.8,66.85,66.85,60.77,false,2026-04-06T05:00:28.012Z,2026-04-06T05:00:28.013Z,2026-04-08T08:36:51.863Z,0,
69d33dec4ede227dce4c2954,73230095,69292574a6f059dedd3e6ad3,5,2026-11-29T18:30:00.000Z,692429a031185c93746d91ef,110.63,20,0,10,pending,,,true,77.27,1545.4,85,85,77.27,false,2026-04-06T05:00:28.072Z,2026-04-06T05:00:28.072Z,2026-04-14T10:44:41.926Z,0,
69d33dec4ede227dce4c2955,K2502837,69ce43582b2deb9f9bbb73bc,5,2027-10-30T18:30:00.000Z,692429a031185c93746d91ef,87.66,20,0,20,pending,,,true,66.79,1335.8,73.47,73.47,66.79,false,2026-04-06T05:00:28.129Z,2026-04-06T05:00:28.129Z,2026-04-08T08:36:52.036Z,0,
69d33dec4ede227dce4c2956,25S2GTB411,69251a74496994f2855ca434,5,2027-05-30T18:30:00.000Z,692429a031185c93746d91ef,377.34,30,0,20,pending,,,true,287.5,8625,316.25,316.25,287.5,false,2026-04-06T05:00:28.189Z,2026-04-06T05:00:28.189Z,2026-04-14T10:34:20.140Z,0,
69d33dec4ede227dce4c2957,5SN1620,68c505d2267e3c8d0ddc2c04,5,2028-06-29T18:30:00.000Z,692429a031185c93746d91ef,125.88,20,0,10,pending,,,true,79.93,1598.6,87.92,87.92,79.93,false,2026-04-06T05:00:28.247Z,2026-04-06T05:00:28.248Z,2026-04-11T05:42:46.792Z,0,
69d33dec4ede227dce4c2958,FA00151A,697d5dea7650d5ea2b3c90af,5,2027-06-29T18:30:00.000Z,692429a031185c93746d91ef,26.03,100,0,100,pending,,,true,15.25,1525,16.78,16.78,15.25,false,2026-04-06T05:00:28.306Z,2026-04-06T05:00:28.306Z,2026-04-08T08:36:52.380Z,0,
69d33dec4ede227dce4c2959,5R30109,68c505d2267e3c8d0ddc276c,5,2027-08-30T18:30:00.000Z,692429a031185c93746d91ef,50.5,50,0,30,pending,,,true,38.48,1924,42.33,42.33,38.48,false,2026-04-06T05:00:28.364Z,2026-04-06T05:00:28.365Z,2026-04-13T06:46:05.244Z,0,
69d33dec4ede227dce4c295a,52693,68c505d2267e3c8d0ddc2d8a,5,2027-06-29T18:30:00.000Z,692429a031185c93746d91ef,65.62,20,0,20,pending,,,true,50,1000,55,55,50,false,2026-04-06T05:00:28.421Z,2026-04-06T05:00:28.421Z,2026-04-08T08:36:52.552Z,0,
69d33dec4ede227dce4c295b,N2502359,69ce43832b2deb9f9bbb7d33,5,2027-06-29T18:30:00.000Z,692429a031185c93746d91ef,92.89,20,0,20,pending,,,true,70.77,1415.4,77.85,77.85,70.77,false,2026-04-06T05:00:28.478Z,2026-04-06T05:00:28.478Z,2026-04-08T08:36:52.641Z,0,
69d33dec4ede227dce4c295c,5SD0418,68c505d2267e3c8d0ddc2d58,5,2028-09-29T18:30:00.000Z,692429a031185c93746d91ef,96.06,20,0,20,pending,,,true,65.87,1317.4,72.46,72.46,65.87,false,2026-04-06T05:00:28.542Z,2026-04-06T05:00:28.542Z,2026-04-08T08:36:52.729Z,0,
69d33dec4ede227dce4c295d,5SD0286,68c505d2267e3c8d0ddc2dd1,5,2028-04-29T18:30:00.000Z,692429a031185c93746d91ef,100.46,30,0,30,pending,,,true,69.58,2087.4,76.54,76.54,69.58,false,2026-04-06T05:00:28.597Z,2026-04-06T05:00:28.597Z,2026-04-08T08:36:52.815Z,0,
69d33dec4ede227dce4c295e,DX25226,69251a7a496994f2855ca55d,5,2027-09-29T18:30:00.000Z,692429a031185c93746d91ef,103.12,20,0,10,pending,,,true,62.86,1257.2,69.15,69.15,62.86,false,2026-04-06T05:00:28.655Z,2026-04-06T05:00:28.655Z,2026-04-15T07:04:09.708Z,0,
69d33dec4ede227dce4c295f,CJ25006,68c505d2267e3c8d0ddc2d6a,5,2027-04-29T18:30:00.000Z,692429a031185c93746d91ef,108.75,20,0,20,pending,,,true,69.05,1381,75.95,75.95,69.05,false,2026-04-06T05:00:28.713Z,2026-04-06T05:00:28.713Z,2026-04-08T08:36:52.985Z,0,
69d33dec4ede227dce4c2960,K2301684,69ce437b2b2deb9f9bbb7b53,5,2026-07-30T18:30:00.000Z,692429a031185c93746d91ef,119.07,20,0,10,pending,,,true,90.72,1814.4,99.79,99.79,90.72,false,2026-04-06T05:00:28.771Z,2026-04-06T05:00:28.772Z,2026-04-14T05:48:19.351Z,0,
69d33dec4ede227dce4c2961,5SN2037,69ce43372b2deb9f9bbb6ca8,5,2027-09-29T18:30:00.000Z,692429a031185c93746d91ef,145.2,20,0,20,pending,,,true,110.63,2212.6,121.69,121.69,110.63,false,2026-04-06T05:00:28.831Z,2026-04-06T05:00:28.831Z,2026-04-08T08:36:53.243Z,0,
69d33dec4ede227dce4c2962,24250014,69ce43282b2deb9f9bbb6999,5,2026-12-30T18:30:00.000Z,692429a031185c93746d91ef,163.13,20,0,20,pending,,,true,118.08,2361.6,129.89,129.89,118.08,false,2026-04-06T05:00:28.888Z,2026-04-06T05:00:28.888Z,2026-04-08T08:36:53.329Z,0,
69d33dec4ede227dce4c2963,6C10045,68c505d2267e3c8d0ddc2df3,5,2027-02-27T18:30:00.000Z,692429a031185c93746d91ef,185.39,20,0,0,pending,,,true,141.25,2825,155.38,155.38,141.25,false,2026-04-06T05:00:28.944Z,2026-04-06T05:00:28.944Z,2026-04-13T06:46:38.952Z,0,
69d33ded4ede227dce4c2964,N2504096,69ce433f2b2deb9f9bbb6e65,5,2027-11-29T18:30:00.000Z,692429a031185c93746d91ef,198.52,20,0,0,pending,,,true,151.25,3025,166.38,166.38,151.25,false,2026-04-06T05:00:29.001Z,2026-04-06T05:00:29.002Z,2026-04-15T08:06:03.085Z,0,
69d33ded4ede227dce4c2965,5SN2392,69ce43222b2deb9f9bbb6847,5,2028-11-29T18:30:00.000Z,692429a031185c93746d91ef,201.28,20,0,10,pending,,,true,153.36,3067.2,168.7,168.7,153.36,false,2026-04-06T05:00:29.061Z,2026-04-06T05:00:29.061Z,2026-04-13T07:05:35.527Z,0,
69d33ded4ede227dce4c2966,4SN1927,68c505d2267e3c8d0ddc2ca9,12,2027-09-29T18:30:00.000Z,692429a031185c93746d91ef,202.81,20,0,20,pending,,,true,144.86,2897.2,159.35,159.35,144.86,false,2026-04-06T05:00:29.135Z,2026-04-06T05:00:29.135Z,2026-04-08T08:36:53.680Z,0,
69d33ded4ede227dce4c2967,AQW06AEA,69638dfe2557351e343c9ed2,5,2027-07-30T18:30:00.000Z,692429a031185c93746d91ef,204.61,20,0,20,pending,,,true,106.79,2135.8,117.47,117.47,106.79,false,2026-04-06T05:00:29.203Z,2026-04-06T05:00:29.204Z,2026-04-08T08:36:53.765Z,0,
69d33ded4ede227dce4c2968,5SN2331,69ce43222b2deb9f9bbb684d,5,2028-11-29T18:30:00.000Z,692429a031185c93746d91ef,206.21,20,0,10,pending,,,true,157.11,3142.2,172.82,172.82,157.11,false,2026-04-06T05:00:29.260Z,2026-04-06T05:00:29.260Z,2026-04-13T07:05:32.882Z,0,
69d33ded4ede227dce4c2969,5SA1297,69ce43562b2deb9f9bbb733f,5,2027-05-30T18:30:00.000Z,692429a031185c93746d91ef,220.42,20,0,20,pending,,,true,151.15,3023,166.27,166.27,151.15,false,2026-04-06T05:00:29.320Z,2026-04-06T05:00:29.320Z,2026-04-08T08:36:54.026Z,0,
69d33ded4ede227dce4c296a,IB00254A,69251a79496994f2855ca53f,5,2028-12-30T18:30:00.000Z,692429a031185c93746d91ef,236.8,30,0,20,pending,,,true,157.87,4736.1,173.66,173.66,157.87,false,2026-04-06T05:00:29.376Z,2026-04-06T05:00:29.376Z,2026-04-14T10:38:52.302Z,0,
69d33ded4ede227dce4c296b,GKG0480A,68c505d2267e3c8d0ddc2e31,12,2027-02-27T18:30:00.000Z,692429a031185c93746d91ef,244,40,0,40,pending,,,true,174.29,6971.6,191.72,191.72,174.29,false,2026-04-06T05:00:29.434Z,2026-04-06T05:00:29.434Z,2026-04-08T08:36:54.201Z,0,
69d33ded4ede227dce4c296c,C5064108,69ce432b2b2deb9f9bbb6a28,5,2026-06-29T18:30:00.000Z,692429a031185c93746d91ef,257.42,20,0,20,pending,,,true,39,780,42.9,42.9,39,false,2026-04-06T05:00:29.496Z,2026-04-06T05:00:29.496Z,2026-04-08T08:36:54.287Z,0,
69d33ded4ede227dce4c296d,5C80282,693fbd5cdff3f5256b71c7d0,5,2028-06-29T18:30:00.000Z,692429a031185c93746d91ef,259.06,120,0,120,pending,,,true,98.14,11776.8,107.95,107.95,98.14,false,2026-04-06T05:00:29.554Z,2026-04-06T05:00:29.554Z,2026-04-08T08:36:54.374Z,0,
69d33ded4ede227dce4c296e,GTG3801A,69251a78496994f2855ca4e6,5,2027-11-29T18:30:00.000Z,692429a031185c93746d91ef,262.5,20,0,20,pending,,,true,200,4000,220,220,200,false,2026-04-06T05:00:29.612Z,2026-04-06T05:00:29.612Z,2026-04-08T08:36:54.460Z,0,
69d33ded4ede227dce4c296f,VBT250802,69251a69496994f2855ca263,5,2027-07-30T18:30:00.000Z,692429a031185c93746d91ef,291.35,20,0,5,pending,,,true,221.98,4439.6,244.18,244.18,221.98,false,2026-04-06T05:00:29.668Z,2026-04-06T05:00:29.668Z,2026-04-14T10:36:29.324Z,0,
69d33ded4ede227dce4c2970,18240884,69ce43782b2deb9f9bbb7aa4,5,2027-10-30T18:30:00.000Z,692429a031185c93746d91ef,344.53,20,0,15,pending,,,true,262.5,5250,288.75,288.75,262.5,false,2026-04-06T05:00:29.725Z,2026-04-06T05:00:29.725Z,2026-04-13T11:55:35.928Z,0,
69d33ded4ede227dce4c2971,N2503891,69251a73496994f2855ca42c,5,2028-11-29T18:30:00.000Z,692429a031185c93746d91ef,409.69,20,0,0,pending,,,true,312.14,6242.8,343.35,343.35,312.14,false,2026-04-06T05:00:29.785Z,2026-04-06T05:00:29.785Z,2026-04-14T10:29:55.224Z,0,
69d33ded4ede227dce4c2972,TDTY25059,69ce43782b2deb9f9bbb7ab4,5,2027-10-30T18:30:00.000Z,692429a031185c93746d91ef,444.92,20,0,0,pending,,,true,338.92,6778.4,372.81,372.81,338.92,false,2026-04-06T05:00:29.842Z,2026-04-06T05:00:29.843Z,2026-04-14T10:44:42.738Z,0,
69d33ded4ede227dce4c2973,UTB5C01A,69ce437e2b2deb9f9bbb7c1d,5,2027-05-30T18:30:00.000Z,692429a031185c93746d91ef,599,20,0,20,pending,,,true,456.44,9128.8,502.08,502.08,456.44,false,2026-04-06T05:00:29.897Z,2026-04-06T05:00:29.897Z,2026-04-08T08:36:54.900Z,0,
69d33ded4ede227dce4c2974,V2401271,69ce43822b2deb9f9bbb7d0e,12,2027-10-30T18:30:00.000Z,692429a031185c93746d91ef,11.93,50,0,50,pending,,,true,8.52,426,9.37,9.37,8.52,false,2026-04-06T05:00:29.953Z,2026-04-06T05:00:29.953Z,2026-04-08T08:36:55.071Z,0,
69d33dee4ede227dce4c2975,K2500725,6903377931811f2ae2b9c5d4,12,2028-02-28T18:30:00.000Z,692429a031185c93746d91ef,52.19,50,0,50,pending,,,true,37.28,1864,41.01,41.01,37.28,false,2026-04-06T05:00:30.012Z,2026-04-06T05:00:30.012Z,2026-04-08T08:36:55.158Z,0,
69d33dee4ede227dce4c2976,GKG1648A,68c505d2267e3c8d0ddc2efa,5,2029-09-29T18:30:00.000Z,692429a031185c93746d91ef,41.18,50,0,50,pending,,,true,31.38,1569,34.52,34.52,31.38,false,2026-04-06T05:00:30.072Z,2026-04-06T05:00:30.072Z,2026-04-08T08:36:55.247Z,0,
69d33dee4ede227dce4c2977,FA00066A,692ec6b1c9be211d89be0c26,5,2027-04-29T18:30:00.000Z,692429a031185c93746d91ef,42.67,100,0,100,pending,,,true,25.01,2501,27.51,27.51,25.01,false,2026-04-06T05:00:30.129Z,2026-04-06T05:00:30.129Z,2026-04-08T08:36:55.335Z,0,
69d33dee4ede227dce4c2978,FA00148A,692ec6b1c9be211d89be0c26,5,2027-05-30T18:30:00.000Z,692429a031185c93746d91ef,42.67,25,0,25,pending,,,true,25.01,625.25,27.51,27.51,25.01,false,2026-04-06T05:00:30.187Z,2026-04-06T05:00:30.187Z,2026-04-08T08:36:55.423Z,0,
69d33dee4ede227dce4c2979,SIG2492A,6904a996759f4027f58085ba,5,2028-04-29T18:30:00.000Z,692429a031185c93746d91ef,131.25,50,0,50,pending,,,true,100,5000,110,110,100,false,2026-04-06T05:00:30.246Z,2026-04-06T05:00:30.246Z,2026-04-08T08:36:55.511Z,0,
69d33dee4ede227dce4c297a,DPJ251378,692a93c575a32a66bcf99555,5,2028-08-30T18:30:00.000Z,692429a031185c93746d91ef,35.25,30,0,30,pending,,,true,25.52,765.6,28.07,28.07,25.52,false,2026-04-06T05:00:30.306Z,2026-04-06T05:00:30.306Z,2026-04-08T08:36:55.596Z,0,
69d33dee4ede227dce4c297b,FA00331A,697d5dea7650d5ea2b3c90b3,5,2027-10-30T18:30:00.000Z,692429a031185c93746d91ef,18.92,50,0,50,pending,,,true,11.08,554,12.19,12.19,11.08,false,2026-04-06T05:00:30.362Z,2026-04-06T05:00:30.363Z,2026-04-08T08:36:55.856Z,0,
69d33dee4ede227dce4c297c,5SN1238,69251a5e496994f2855ca0a9,5,2026-10-30T18:30:00.000Z,692429a031185c93746d91ef,28.65,30,0,30,pending,,,true,21.83,654.9,24.01,24.01,21.83,false,2026-04-06T05:00:30.420Z,2026-04-06T05:00:30.420Z,2026-04-08T08:36:57.069Z,0,
69d33dee4ede227dce4c297d,VLM2502,68c505d2267e3c8d0ddc27fa,5,2027-01-30T18:30:00.000Z,692429a031185c93746d91ef,29.02,50,0,50,pending,,,true,18.43,921.5,20.27,20.27,18.43,false,2026-04-06T05:00:30.475Z,2026-04-06T05:00:30.475Z,2026-04-08T08:36:56.029Z,0,
69d33dee4ede227dce4c297e,18250126,68c505d2267e3c8d0ddc2e7f,5,2028-03-30T18:30:00.000Z,692429a031185c93746d91ef,106.47,40,0,0,pending,,,true,82.56,3302.4,90.82,90.82,82.56,false,2026-04-06T05:00:30.532Z,2026-04-06T05:00:30.532Z,2026-04-15T05:00:30.063Z,0,
69d33dee4ede227dce4c297f,C2VAX37,68c505d2267e3c8d0ddc2659,12,2026-10-30T18:30:00.000Z,692429a031185c93746d91ef,128.41,30,0,30,pending,,,true,54.18,1625.4,59.6,59.6,54.18,false,2026-04-06T05:00:30.593Z,2026-04-06T05:00:30.593Z,2026-04-08T08:36:56.204Z,0,
69d33dee4ede227dce4c2980,DGMSUQ2511,696607edb6f2a316d88349bb,5,2027-05-30T18:30:00.000Z,692429a031185c93746d91ef,40.97,54,0,22,pending,,,true,26.02,1405.08,28.62,28.62,26.02,false,2026-04-06T05:00:30.652Z,2026-04-06T05:00:30.652Z,2026-04-11T05:42:13.400Z,0,
69d33dee4ede227dce4c2981,D4HD024B,69251a61496994f2855ca121,5,2026-07-30T18:30:00.000Z,692429a031185c93746d91ef,1283.36,40,0,24,pending,,,true,660,26400,726,726,660,false,2026-04-06T05:00:30.709Z,2026-04-06T05:00:30.709Z,2026-04-11T09:58:07.870Z,0,
69d33dee4ede227dce4c2982,5L80872,69ce434d2b2deb9f9bbb7173,5,2027-08-30T18:30:00.000Z,692429a031185c93746d91ef,9.41,40,0,40,pending,,,true,7.17,286.8,7.89,7.89,7.17,false,2026-04-06T05:00:30.766Z,2026-04-06T05:00:30.766Z,2026-04-08T08:36:56.638Z,0,
69d33dee4ede227dce4c2983,N2503005,69ce43692b2deb9f9bbb7772,5,2028-08-30T18:30:00.000Z,692429a031185c93746d91ef,67.97,20,0,20,pending,,,true,51.79,1035.8,56.97,56.97,51.79,false,2026-04-06T05:00:30.825Z,2026-04-06T05:00:30.825Z,2026-04-08T08:36:56.725Z,0,
69d33dee4ede227dce4c2984,L1526040,69ce434e2b2deb9f9bbb71be,5,2027-12-30T18:30:00.000Z,692429a031185c93746d91ef,315,50,0,20,pending,,,true,240,12000,264,264,240,false,2026-04-06T05:00:30.881Z,2026-04-06T05:00:30.881Z,2026-04-15T11:53:55.133Z,0,
69d33dee4ede227dce4c2985,N2502964,69251a67496994f2855ca221,5,2028-02-28T18:30:00.000Z,692429a031185c93746d91ef,710,50,0,10,pending,,,true,540.95,27047.5,595.05,595.05,540.95,false,2026-04-06T05:00:30.938Z,2026-04-06T05:00:30.938Z,2026-04-14T05:48:19.077Z,0,
69d33dee4ede227dce4c2986,NA00420A,68c505d2267e3c8d0ddc26be,5,2029-11-29T18:30:00.000Z,692429a031185c93746d91ef,11.22,70,0,70,pending,,,true,8.54,597.8,9.39,9.39,8.54,false,2026-04-06T05:00:30.999Z,2026-04-06T05:00:30.999Z,2026-04-08T08:36:57.158Z,0,
69d33def4ede227dce4c2987,MPJ253726,68c505d2267e3c8d0ddc2766,5,2028-02-28T18:30:00.000Z,692429a031185c93746d91ef,53.7,50,0,50,pending,,,true,29.22,1461,32.14,32.14,29.22,false,2026-04-06T05:00:31.059Z,2026-04-06T05:00:31.060Z,2026-04-08T08:36:57.246Z,0,
69d33def4ede227dce4c2988,5L81172,69253993f8330e39a591d4f5,5,2028-11-29T18:30:00.000Z,692429a031185c93746d91ef,8.8,50,0,50,pending,,,true,6.7,335,7.37,7.37,6.7,false,2026-04-06T05:00:31.115Z,2026-04-06T05:00:31.116Z,2026-04-08T08:36:57.335Z,0,
69d33def4ede227dce4c2989,MN014022,692927f8a6f059dedd3e6b45,5,2028-10-30T18:30:00.000Z,692429a031185c93746d91ef,11.58,100,0,100,pending,,,true,7.8,780,8.58,8.58,7.8,false,2026-04-06T05:00:31.171Z,2026-04-06T05:00:31.171Z,2026-04-08T08:36:57.422Z,0,
69d33def4ede227dce4c298a,UNM2505,68c505d2267e3c8d0ddc27f9,5,2027-08-30T18:30:00.000Z,692429a031185c93746d91ef,15.96,50,0,50,pending,,,true,10.14,507,11.15,11.15,10.14,false,2026-04-06T05:00:31.229Z,2026-04-06T05:00:31.229Z,2026-04-08T08:36:57.509Z,0,
69d33def4ede227dce4c298b,5T00291,68c505d2267e3c8d0ddc29f5,5,2027-02-27T18:30:00.000Z,692429a031185c93746d91ef,82.62,300,0,300,pending,,,true,50.36,15108,55.4,55.4,50.36,false,2026-04-06T05:00:31.286Z,2026-04-06T05:00:31.286Z,2026-04-08T08:36:57.595Z,0,
69d33def4ede227dce4c298c,GTG4057A,68c505d2267e3c8d0ddc26bd,5,2028-12-30T18:30:00.000Z,692429a031185c93746d91ef,84.84,120,0,60,pending,,,true,64.64,7756.8,71.1,71.1,64.64,false,2026-04-06T05:00:31.342Z,2026-04-06T05:00:31.343Z,2026-04-15T05:00:26.513Z,0,
69d33def4ede227dce4c298d,5SA0763,68c505d2267e3c8d0ddc2cf8,5,2027-03-30T18:30:00.000Z,692429a031185c93746d91ef,51.52,150,0,150,pending,,,true,35.33,5299.5,38.86,38.86,35.33,false,2026-04-06T05:00:31.400Z,2026-04-06T05:00:31.400Z,2026-04-08T08:36:57.770Z,0,
69d33def4ede227dce4c298e,5SA1488,69366336bcf19acba5257385,5,2027-06-29T18:30:00.000Z,692429a031185c93746d91ef,19.08,200,0,200,pending,,,true,13.09,2618,14.4,14.4,13.09,false,2026-04-06T05:00:31.458Z,2026-04-06T05:00:31.458Z,2026-04-08T08:36:57.857Z,0,
69d33def4ede227dce4c298f,IB00220A,69902ee36babece848a32854,5,2027-12-30T18:30:00.000Z,692429a031185c93746d91ef,381.04,40,0,20,pending,,,true,241.93,9677.2,266.12,266.12,241.93,false,2026-04-06T05:00:31.518Z,2026-04-06T05:00:31.518Z,2026-04-15T07:04:12.758Z,0,
69d33def4ede227dce4c2990,5SA1837,68c505d2267e3c8d0ddc29f8,5,2027-07-30T18:30:00.000Z,692429a031185c93746d91ef,6.21,100,0,100,pending,,,true,4.73,473,5.2,5.2,4.73,false,2026-04-06T05:00:31.576Z,2026-04-06T05:00:31.577Z,2026-04-08T08:36:58.034Z,0,
69d33def4ede227dce4c2991,MPG252782,692d43320fd6496282e363d2,5,2026-12-30T18:30:00.000Z,692429a031185c93746d91ef,45.93,100,0,70,pending,,,true,31.49,3149,34.64,34.64,31.49,false,2026-04-06T05:00:31.634Z,2026-04-06T05:00:31.635Z,2026-04-13T06:50:33.747Z,0,
69d33def4ede227dce4c2992,CHB1064,68c505d2267e3c8d0ddc2682,5,2027-07-30T18:30:00.000Z,692429a031185c93746d91ef,11.04,200,0,200,pending,,,true,7.61,1522,8.37,8.37,7.61,false,2026-04-06T05:00:31.689Z,2026-04-06T05:00:31.689Z,2026-04-08T08:36:58.299Z,0,
69d33def4ede227dce4c2993,ZAEW2574,68c505d2267e3c8d0ddc26c2,5,2027-10-30T18:30:00.000Z,692429a031185c93746d91ef,5.39,500,0,400,pending,,,true,4.04,2020,4.44,4.44,4.04,false,2026-04-06T05:00:31.746Z,2026-04-06T05:00:31.746Z,2026-04-15T07:04:14.430Z,0,
69d33def4ede227dce4c2994,5L81101,68c505d2267e3c8d0ddc29f9,5,2027-11-29T18:30:00.000Z,692429a031185c93746d91ef,6.73,198,0,198,pending,,,true,5.13,1015.74,5.64,5.64,5.13,false,2026-04-06T05:00:31.803Z,2026-04-06T05:00:31.804Z,2026-04-08T08:36:58.476Z,0,
69d33def4ede227dce4c2995,5SA1194,69366336bcf19acba5257385,5,2027-05-30T18:30:00.000Z,692429a031185c93746d91ef,19.08,200,0,200,pending,,,true,13.09,2618,14.4,14.4,13.09,false,2026-04-06T05:00:31.861Z,2026-04-06T05:00:31.861Z,2026-04-08T08:36:58.561Z,0,
69d33def4ede227dce4c2996,5T00318,68c505d2267e3c8d0ddc29f1,5,2027-09-29T18:30:00.000Z,692429a031185c93746d91ef,25.71,500,0,180,pending,,,true,18.12,9060,19.93,19.93,18.12,false,2026-04-06T05:00:31.918Z,2026-04-06T05:00:31.918Z,2026-04-14T10:38:53.382Z,0,
69d33def4ede227dce4c2997,5L80890,69ce434c2b2deb9f9bbb716a,5,2027-09-29T18:30:00.000Z,692429a031185c93746d91ef,8.1,300,0,300,pending,,,true,6.17,1851,6.79,6.79,6.17,false,2026-04-06T05:00:31.978Z,2026-04-06T05:00:31.979Z,2026-04-08T08:36:58.824Z,0,
69d33df04ede227dce4c2998,CHB106,68c505d2267e3c8d0ddc2682,5,2027-07-30T18:30:00.000Z,692429a031185c93746d91ef,11.04,500,0,500,pending,,,true,7.61,3805,8.37,8.37,7.61,false,2026-04-06T05:00:32.037Z,2026-04-06T05:00:32.037Z,2026-04-08T08:36:58.909Z,0,
69d33df04ede227dce4c2999,ZAAO2532,69ce43332b2deb9f9bbb6be4,5,2027-07-30T18:30:00.000Z,692429a031185c93746d91ef,27.65,500,0,500,pending,,,true,6.75,3375,7.43,7.43,6.75,false,2026-04-06T05:00:32.094Z,2026-04-06T05:00:32.094Z,2026-04-08T08:36:58.994Z,0,
69d33df04ede227dce4c299a,5T00362,68c505d2267e3c8d0ddc29ee,5,2027-11-29T18:30:00.000Z,692429a031185c93746d91ef,25.42,500,0,100,pending,,,true,14.53,7265,15.98,15.98,14.53,false,2026-04-06T05:00:32.149Z,2026-04-06T05:00:32.149Z,2026-04-13T06:46:07.934Z,0,
69d33df04ede227dce4c299b,JKAZ25025,69251a60496994f2855ca107,5,2027-08-30T18:30:00.000Z,6926eff3a6f059dedd3a3c3a,36.3,33,3,33,pending,,,true,27.66,829.8,30.43,30.43,25.15,false,2026-04-06T05:00:32.209Z,2026-04-06T05:00:32.210Z,2026-04-08T08:36:59.165Z,0,
69d33df04ede227dce4c299c,NA372,68c505d2267e3c8d0ddc2ad2,5,2027-05-30T18:30:00.000Z,6926eff3a6f059dedd3a3c3a,38.46,5,0.25,5,pending,,,true,29.3,139.18,32.23,32.23,27.84,false,2026-04-06T05:00:32.265Z,2026-04-06T05:00:32.265Z,2026-04-08T08:36:59.252Z,0,
69d33df04ede227dce4c299d,NKF25045,69ce43242b2deb9f9bbb68b2,5,2027-06-29T18:30:00.000Z,6926eff3a6f059dedd3a3c3a,80,6,1,6,pending,,,true,63.45,317.25,69.8,69.8,52.88,false,2026-04-06T05:00:32.320Z,2026-04-06T05:00:32.320Z,2026-04-08T08:36:59.332Z,0,
69d33df04ede227dce4c299e,NKF25072,69ce43242b2deb9f9bbb68b2,5,2027-10-30T18:30:00.000Z,6926eff3a6f059dedd3a3c3a,80,6,1,6,pending,,,true,62.97,314.85,69.27,69.27,52.48,false,2026-04-06T05:00:32.374Z,2026-04-06T05:00:32.374Z,2026-04-08T08:36:59.421Z,0,
69d33df04ede227dce4c299f,015B018,68c505d2267e3c8d0ddc2ba3,12,2026-07-30T18:30:00.000Z,6926eff3a6f059dedd3a3c3a,80.3,15,1.5,15,pending,,,true,57.36,774.36,63.1,63.1,51.62,false,2026-04-06T05:00:32.427Z,2026-04-06T05:00:32.427Z,2026-04-08T08:36:59.510Z,0,
69d33df04ede227dce4c29a0,HWW034039AM,69ce43722b2deb9f9bbb7973,5,2026-11-29T18:30:00.000Z,6926eff3a6f059dedd3a3c3a,94.17,6,0,6,pending,,,true,71.75,430.5,78.93,78.93,71.75,false,2026-04-06T05:00:32.483Z,2026-04-06T05:00:32.483Z,2026-04-08T08:36:59.593Z,0,
69d33df04ede227dce4c29a1,G7AFY001,6943c3d9095748bb16d98267,5,2027-04-29T18:30:00.000Z,6926eff3a6f059dedd3a3c3a,96.36,6,0,6,pending,,,true,73.42,440.52,80.76,80.76,73.42,false,2026-04-06T05:00:32.541Z,2026-04-06T05:00:32.542Z,2026-04-08T08:36:59.680Z,0,
69d33df04ede227dce4c29a2,YSZD25026,695f4d58eef9b3a70fb7f71b,5,2027-05-30T18:30:00.000Z,6926eff3a6f059dedd3a3c3a,133,6,1,6,pending,,,true,101.35,506.75,111.48,111.48,84.46,false,2026-04-06T05:00:32.599Z,2026-04-06T05:00:32.599Z,2026-04-08T08:36:59.769Z,0,
69d33df04ede227dce4c29a3,B4KOY018,697f35fa1b747d866edbb994,5,2026-09-29T18:30:00.000Z,6926eff3a6f059dedd3a3c3a,177,6,0.5,6,pending,,,true,134.86,741.73,148.35,148.35,123.62,false,2026-04-06T05:00:32.655Z,2026-04-06T05:00:32.655Z,2026-04-08T08:36:59.855Z,0,
69d33df04ede227dce4c29a4,SBSL666,68c505d2267e3c8d0ddc2adc,12,2026-11-29T18:30:00.000Z,6926eff3a6f059dedd3a3c3a,198,12,2,12,pending,,,true,141.43,1414.3,155.57,155.57,117.86,false,2026-04-06T05:00:32.711Z,2026-04-06T05:00:32.711Z,2026-04-08T08:36:59.939Z,0,
69d33df04ede227dce4c29a5,5SA1770,68c505d2267e3c8d0ddc2dd2,5,2027-06-29T18:30:00.000Z,6926eff3a6f059dedd3a3c3a,206.39,18,3,18,pending,,,true,157.25,2358.75,172.98,172.98,131.04,false,2026-04-06T05:00:32.770Z,2026-04-06T05:00:32.770Z,2026-04-08T08:37:00.025Z,0,
69d33df04ede227dce4c29a6,SH24111013,68c505d2267e3c8d0ddc2594,5,2026-10-30T18:30:00.000Z,6926eff3a6f059dedd3a3c3a,281.25,13,3,13,pending,,,true,214.28,2142.8,235.71,235.71,164.83,false,2026-04-06T05:00:32.829Z,2026-04-06T05:00:32.829Z,2026-04-08T08:37:00.111Z,0,
69d33df04ede227dce4c29a7,MJC25001,693bc9914f899252625d988d,5,2026-07-30T18:30:00.000Z,6926eff3a6f059dedd3a3c3a,366.06,1,0,0,pending,,,true,278.9,278.9,306.79,306.79,278.9,false,2026-04-06T05:00:32.884Z,2026-04-06T05:00:32.884Z,2026-04-15T08:06:04.186Z,0,
69d33df04ede227dce4c29a8,2BC7M003,69ce43672b2deb9f9bbb7712,5,2027-04-29T18:30:00.000Z,6926eff3a6f059dedd3a3c3a,386.3,1,0,1,pending,,,true,294.32,294.32,323.75,323.75,294.32,false,2026-04-06T05:00:32.940Z,2026-04-06T05:00:32.941Z,2026-04-08T08:37:00.282Z,0,
69d33df04ede227dce4c29a9,2BC7M005,69ce43672b2deb9f9bbb7712,5,2027-07-30T18:30:00.000Z,6926eff3a6f059dedd3a3c3a,386.3,1,0,1,pending,,,true,294.32,294.32,323.75,323.75,294.32,false,2026-04-06T05:00:32.997Z,2026-04-06T05:00:32.998Z,2026-04-08T08:37:00.366Z,0,
69d33df14ede227dce4c29aa,SH25040434C,68c505d2267e3c8d0ddc25a4,5,2027-03-30T18:30:00.000Z,6926eff3a6f059dedd3a3c3a,492.19,65,15,45,pending,,,true,375,18750,412.5,412.5,288.46,false,2026-04-06T05:00:33.055Z,2026-04-06T05:00:33.055Z,2026-04-13T06:58:18.071Z,0,
69d33df14ede227dce4c29ab,IAL0009,6904a996759f4027f58085e3,12,2027-01-30T18:30:00.000Z,6926eff3a6f059dedd3a3c3a,511.89,2,0,2,pending,,,true,365.64,731.28,402.2,402.2,365.64,false,2026-04-06T05:00:33.114Z,2026-04-06T05:00:33.114Z,2026-04-08T08:37:00.540Z,0,
69d33df14ede227dce4c29ac,GFDF0009,69ce43552b2deb9f9bbb731a,5,2027-10-30T18:30:00.000Z,6926eff3a6f059dedd3a3c3a,816.55,1,0,1,pending,,,true,622.13,622.13,684.34,684.34,622.13,false,2026-04-06T05:00:33.171Z,2026-04-06T05:00:33.172Z,2026-04-08T08:37:00.626Z,0,
69d33df14ede227dce4c29ad,NE3919,69ce43812b2deb9f9bbb7cd0,5,2027-08-30T18:30:00.000Z,6926eff3a6f059dedd3a3c3a,10.82,2,0,2,pending,,,true,8.87,17.74,9.76,9.76,8.87,false,2026-04-06T05:00:33.232Z,2026-04-06T05:00:33.233Z,2026-04-08T08:37:00.709Z,0,
69d33df14ede227dce4c29ae,5EA0187,695f4b2beef9b3a70fb7d259,5,2027-07-30T18:30:00.000Z,6926eff3a6f059dedd3a3c3a,104.46,12,2,12,pending,,,true,79.59,795.9,87.55,87.55,66.33,false,2026-04-06T05:00:33.294Z,2026-04-06T05:00:33.294Z,2026-04-08T08:37:00.796Z,0,
69d33df14ede227dce4c29af,J7HPY023,69ce434e2b2deb9f9bbb71ac,5,2027-10-30T18:30:00.000Z,6926eff3a6f059dedd3a3c3a,149.52,2,0,2,pending,,,true,113.92,227.84,125.31,125.31,113.92,false,2026-04-06T05:00:33.354Z,2026-04-06T05:00:33.354Z,2026-04-08T08:37:00.880Z,0,
69d33df14ede227dce4c29b0,ALL0139,69ce435e2b2deb9f9bbb753b,5,2027-03-30T18:30:00.000Z,6926eff3a6f059dedd3a3c3a,205.88,5,0,5,pending,,,true,156.86,784.3,172.55,172.55,156.86,false,2026-04-06T05:00:33.413Z,2026-04-06T05:00:33.413Z,2026-04-08T08:37:00.971Z,0,
69d33df14ede227dce4c29b1,M5AHY012,69ce43792b2deb9f9bbb7ad6,5,2027-08-30T18:30:00.000Z,6926eff3a6f059dedd3a3c3a,328.96,12,2,12,pending,,,true,250.64,2506.4,275.7,275.7,208.87,false,2026-04-06T05:00:33.469Z,2026-04-06T05:00:33.469Z,2026-04-08T08:37:01.056Z,0,
69d33df14ede227dce4c29b2,8038MN1,69251a64496994f2855ca1b3,5,2027-03-30T18:30:00.000Z,6926eff3a6f059dedd3a3c3a,920,5,0,5,pending,,,true,797.33,3986.65,877.06,877.06,797.33,false,2026-04-06T05:00:33.523Z,2026-04-06T05:00:33.524Z,2026-04-08T08:37:01.143Z,0,
69d33df14ede227dce4c29b3,BOAGYO48,69ce43242b2deb9f9bbb689c,5,2027-10-30T18:30:00.000Z,6926eff3a6f059dedd3a3c3a,42.27,10,0,10,pending,,,true,32.21,322.1,35.43,35.43,32.21,false,2026-04-06T05:00:33.585Z,2026-04-06T05:00:33.585Z,2026-04-08T08:37:01.230Z,0,
69d33df14ede227dce4c29b4,PNT24035,68c505d2267e3c8d0ddc2b88,12,2026-11-29T18:30:00.000Z,6926eff3a6f059dedd3a3c3a,55.5,6,0,6,pending,,,true,39.64,237.84,43.6,43.6,39.64,false,2026-04-06T05:00:33.641Z,2026-04-06T05:00:33.642Z,2026-04-08T08:37:01.313Z,0,
69d33df14ede227dce4c29b5,085D027,68c505d2267e3c8d0ddc25bd,5,2026-07-30T18:30:00.000Z,6926eff3a6f059dedd3a3c3a,86.78,5,0,5,pending,,,true,66.12,330.6,72.73,72.73,66.12,false,2026-04-06T05:00:33.696Z,2026-04-06T05:00:33.696Z,2026-04-08T08:37:01.408Z,0,
69d33df14ede227dce4c29b6,2KJ4M002,69ce436f2b2deb9f9bbb78cd,12,2028-03-30T18:30:00.000Z,6926eff3a6f059dedd3a3c3a,128.6,10,0,10,pending,,,true,91.86,918.6,101.05,101.05,91.86,false,2026-04-06T05:00:33.753Z,2026-04-06T05:00:33.753Z,2026-04-08T08:37:01.496Z,0,
69d33df14ede227dce4c29b7,ME062402,68c505d2267e3c8d0ddc2cee,12,2026-07-30T18:30:00.000Z,6926eff3a6f059dedd3a3c3a,131.77,20,0,20,pending,,,true,94.12,1882.4,103.53,103.53,94.12,false,2026-04-06T05:00:33.810Z,2026-04-06T05:00:33.811Z,2026-04-08T08:37:01.585Z,0,
69d33df14ede227dce4c29b8,RF5425014,69ce435a2b2deb9f9bbb744b,5,2027-06-29T18:30:00.000Z,6926eff3a6f059dedd3a3c3a,153.5,3,0,3,pending,,,true,116.95,350.85,128.65,128.65,116.95,false,2026-04-06T05:00:33.868Z,2026-04-06T05:00:33.868Z,2026-04-08T08:37:01.670Z,0,
69d33df14ede227dce4c29b9,8E5Y004,69ce43792b2deb9f9bbb7af1,5,2027-08-30T18:30:00.000Z,6926eff3a6f059dedd3a3c3a,409.73,3,0,0,pending,,,true,312.18,936.54,343.4,343.4,312.18,false,2026-04-06T05:00:33.926Z,2026-04-06T05:00:33.926Z,2026-04-13T06:50:38.951Z,0,
69d33df14ede227dce4c29ba,SH25020118,69251a68496994f2855ca24b,5,2027-01-30T18:30:00.000Z,6926eff3a6f059dedd3a3c3a,679.69,7,1.5,7,pending,,,true,517.85,2848.18,569.64,569.64,406.88,false,2026-04-06T05:00:33.986Z,2026-04-06T05:00:33.986Z,2026-04-08T08:37:05.396Z,0,
69d33df24ede227dce4c29bb,81012MN1,69ce433a2b2deb9f9bbb6d51,5,2027-03-30T18:30:00.000Z,6926eff3a6f059dedd3a3c3a,710,5,0,5,pending,,,true,615.33,3076.65,676.86,676.86,615.33,false,2026-04-06T05:00:34.046Z,2026-04-06T05:00:34.046Z,2026-04-08T08:37:01.928Z,0,
69d33df24ede227dce4c29bc,GE2525006D,69251a73496994f2855ca41a,12,2028-01-30T18:30:00.000Z,6926eff3a6f059dedd3a3c3a,5.7,20,0,20,pending,,,true,4.27,85.4,4.7,4.7,4.27,false,2026-04-06T05:00:34.104Z,2026-04-06T05:00:34.104Z,2026-04-08T08:37:02.014Z,0,
69d33df24ede227dce4c29bd,PCK0183,69ce43632b2deb9f9bbb7632,5,2027-02-27T18:30:00.000Z,6926eff3a6f059dedd3a3c3a,51.97,7,0,7,pending,,,true,39.6,277.2,43.56,43.56,39.6,false,2026-04-06T05:00:34.169Z,2026-04-06T05:00:34.169Z,2026-04-08T08:37:02.102Z,0,
69d33df24ede227dce4c29be,G7FY002,6943c3d9095748bb16d98267,5,2027-05-30T18:30:00.000Z,6926eff3a6f059dedd3a3c3a,96.36,4,0,4,pending,,,true,73.42,293.68,80.76,80.76,73.42,false,2026-04-06T05:00:34.249Z,2026-04-06T05:00:34.249Z,2026-04-08T08:37:02.188Z,0,
69d33df24ede227dce4c29bf,G45Y021,68c505d2267e3c8d0ddc2c2e,5,2027-06-29T18:30:00.000Z,6926eff3a6f059dedd3a3c3a,137.9,44,0,44,pending,,,true,105.07,4623.08,115.58,115.58,105.07,false,2026-04-06T05:00:34.305Z,2026-04-06T05:00:34.305Z,2026-04-08T08:37:02.274Z,0,
69d33df24ede227dce4c29c0,B-70951,69251a68496994f2855ca247,5,2028-02-28T18:30:00.000Z,6926eff3a6f059dedd3a3c3a,181.39,10,0,10,pending,,,true,145.11,1451.1,159.62,159.62,145.11,false,2026-04-06T05:00:34.363Z,2026-04-06T05:00:34.364Z,2026-04-08T08:37:06.343Z,0,
69d33df24ede227dce4c29c1,SH24121174F,68c505d2267e3c8d0ddc25b5,5,2026-11-29T18:30:00.000Z,6926eff3a6f059dedd3a3c3a,210.94,39,9,39,pending,,,true,160.71,4821.3,176.78,176.78,123.62,false,2026-04-06T05:00:34.421Z,2026-04-06T05:00:34.422Z,2026-04-08T08:37:09.296Z,0,
69d33df24ede227dce4c29c2,FV2Y003,69ce43392b2deb9f9bbb6d35,5,2027-01-30T18:30:00.000Z,6926eff3a6f059dedd3a3c3a,51.47,10,0,4,pending,,,true,39.21,392.1,43.13,43.13,39.21,false,2026-04-06T05:00:34.478Z,2026-04-06T05:00:34.478Z,2026-04-15T05:00:29.785Z,0,
69d33df24ede227dce4c29c3,13250479A,68c505d2267e3c8d0ddc2b81,12,2028-02-28T18:30:00.000Z,6926eff3a6f059dedd3a3c3a,57.79,5,0,5,pending,,,true,41.28,206.4,45.41,45.41,41.28,false,2026-04-06T05:00:34.536Z,2026-04-06T05:00:34.537Z,2026-04-08T08:37:02.624Z,0,
69d33df24ede227dce4c29c4,E2501723,69689b1d26351e91a3ac7139,5,2027-07-30T18:30:00.000Z,6926eff3a6f059dedd3a3c3a,59.53,10,0,5,pending,,,true,45.36,453.6,49.9,49.9,45.36,false,2026-04-06T05:00:34.596Z,2026-04-06T05:00:34.596Z,2026-04-10T07:36:11.281Z,0,
69d33df24ede227dce4c29c5,015KO30,68c505d2267e3c8d0ddc2ba3,5,2027-04-29T18:30:00.000Z,6926eff3a6f059dedd3a3c3a,76.55,10,0,5,pending,,,true,58.32,583.2,64.15,64.15,58.32,false,2026-04-06T05:00:34.654Z,2026-04-06T05:00:34.654Z,2026-04-14T10:28:41.313Z,0,
69d33df24ede227dce4c29c6,EMV241979,6955f33c639e1da5291392b5,5,2026-08-30T18:30:00.000Z,6926eff3a6f059dedd3a3c3a,82.5,5,0,5,pending,,,true,62.86,314.3,69.15,69.15,62.86,false,2026-04-06T05:00:34.712Z,2026-04-06T05:00:34.712Z,2026-04-08T08:37:02.879Z,0,
69d33df24ede227dce4c29c7,T960M009,69ce43352b2deb9f9bbb6c57,5,2027-10-30T18:30:00.000Z,6926eff3a6f059dedd3a3c3a,99.4,5,0,5,pending,,,true,75.73,378.65,83.3,83.3,75.73,false,2026-04-06T05:00:34.769Z,2026-04-06T05:00:34.770Z,2026-04-08T08:37:02.966Z,0,
69d33df24ede227dce4c29c8,2PR4M008,6956087b639e1da52914d814,5,2027-08-30T18:30:00.000Z,6926eff3a6f059dedd3a3c3a,99.9,10,0,10,pending,,,true,76.11,761.1,83.72,83.72,76.11,false,2026-04-06T05:00:34.825Z,2026-04-06T05:00:34.825Z,2026-04-08T08:37:03.052Z,0,
69d33df24ede227dce4c29c9,A6OAY024,69ce43782b2deb9f9bbb7aaa,5,2027-07-30T18:30:00.000Z,6926eff3a6f059dedd3a3c3a,124.54,10,0,10,pending,,,true,94.89,948.9,104.38,104.38,94.89,false,2026-04-06T05:00:34.883Z,2026-04-06T05:00:34.883Z,2026-04-08T08:37:03.138Z,0,
69d33df24ede227dce4c29ca,25443586,69ce43602b2deb9f9bbb759c,5,2028-02-28T18:30:00.000Z,6926eff3a6f059dedd3a3c3a,129.35,10,0,10,pending,,,true,98.57,985.7,108.43,108.43,98.57,false,2026-04-06T05:00:34.940Z,2026-04-06T05:00:34.940Z,2026-04-08T08:37:06.259Z,0,
69d33df24ede227dce4c29cb,5NG019,695631f245da17fad997061d,5,2028-03-30T18:30:00.000Z,6926eff3a6f059dedd3a3c3a,129.95,5,0,5,pending,,,true,99.01,495.05,108.91,108.91,99.01,false,2026-04-06T05:00:34.998Z,2026-04-06T05:00:34.999Z,2026-04-08T08:37:03.309Z,0,
69d33df34ede227dce4c29cc,A5OAY018,69251a79496994f2855ca539,5,2027-06-29T18:30:00.000Z,6926eff3a6f059dedd3a3c3a,137.25,10,0,10,pending,,,true,104.57,1045.7,115.03,115.03,104.57,false,2026-04-06T05:00:35.058Z,2026-04-06T05:00:35.058Z,2026-04-08T08:37:03.395Z,0,
69d33df34ede227dce4c29cd,RV052507,69251a66496994f2855ca1e1,5,2028-09-29T18:30:00.000Z,6926eff3a6f059dedd3a3c3a,179.67,20,0,20,pending,,,true,136.89,2737.8,150.58,150.58,136.89,false,2026-04-06T05:00:35.116Z,2026-04-06T05:00:35.116Z,2026-04-08T08:37:09.818Z,0,
69d33df34ede227dce4c29ce,B-70949,69ce43452b2deb9f9bbb6fc1,5,2028-01-30T18:30:00.000Z,6926eff3a6f059dedd3a3c3a,181.39,10,0,10,pending,,,true,145.11,1451.1,159.62,159.62,145.11,false,2026-04-06T05:00:35.174Z,2026-04-06T05:00:35.174Z,2026-04-08T08:37:03.567Z,0,
69d33df34ede227dce4c29cf,106250750,69ce43642b2deb9f9bbb768d,5,2028-05-30T18:30:00.000Z,6926eff3a6f059dedd3a3c3a,201,10,0,10,pending,,,true,153.14,1531.4,168.45,168.45,153.14,false,2026-04-06T05:00:35.232Z,2026-04-06T05:00:35.232Z,2026-04-08T08:37:03.654Z,0,
69d33df34ede227dce4c29d0,BIF25033,69045b5431811f2ae2c97e93,5,2027-05-30T18:30:00.000Z,6926eff3a6f059dedd3a3c3a,248.15,10,0,10,pending,,,true,189.06,1890.6,207.97,207.97,189.06,false,2026-04-06T05:00:35.286Z,2026-04-06T05:00:35.286Z,2026-04-08T08:37:03.740Z,0,
69d33df34ede227dce4c29d1,075L002,69ce433b2b2deb9f9bbb6da4,5,2028-11-29T18:30:00.000Z,6926eff3a6f059dedd3a3c3a,264.28,5,0,5,pending,,,true,201.36,1006.8,221.5,221.5,201.36,false,2026-04-06T05:00:35.344Z,2026-04-06T05:00:35.345Z,2026-04-08T08:37:03.827Z,0,
69d33df34ede227dce4c29d2,85034MN1,69ce43712b2deb9f9bbb7910,5,2027-06-29T18:30:00.000Z,6926eff3a6f059dedd3a3c3a,275,10,0,10,pending,,,true,238.33,2383.3,262.16,262.16,238.33,false,2026-04-06T05:00:35.403Z,2026-04-06T05:00:35.403Z,2026-04-08T08:37:04.003Z,0,
69d33df34ede227dce4c29d3,OD34M024,69ce43822b2deb9f9bbb7d05,5,2027-06-29T18:30:00.000Z,6926eff3a6f059dedd3a3c3a,277.15,20,0,10,pending,,,true,211.16,4223.2,232.28,232.28,211.16,false,2026-04-06T05:00:35.462Z,2026-04-06T05:00:35.462Z,2026-04-15T11:51:51.053Z,0,
69d33df34ede227dce4c29d4,RCA25004E,69ce436c2b2deb9f9bbb7809,5,2027-11-29T18:30:00.000Z,6926eff3a6f059dedd3a3c3a,354.4,10,0,10,pending,,,true,270.02,2700.2,297.02,297.02,270.02,false,2026-04-06T05:00:35.519Z,2026-04-06T05:00:35.519Z,2026-04-08T08:37:04.179Z,0,
69d33df34ede227dce4c29d5,AKL0178,6943cf85095748bb16da2251,5,2027-08-30T18:30:00.000Z,6926eff3a6f059dedd3a3c3a,1457.51,8,0,8,pending,,,true,1110.48,8883.84,1221.53,1221.53,1110.48,false,2026-04-06T05:00:35.573Z,2026-04-06T05:00:35.573Z,2026-04-08T08:37:04.264Z,0,
69d33df34ede227dce4c29d6,HT-251102,69ce43682b2deb9f9bbb7731,5,2027-10-30T18:30:00.000Z,6926eff3a6f059dedd3a3c3a,57.54,6,1,6,pending,,,true,14,70,15.4,15.4,11.67,false,2026-04-06T05:00:35.628Z,2026-04-06T05:00:35.628Z,2026-04-08T08:37:04.348Z,0,
69d33df34ede227dce4c29d7,GD714012,69ce43262b2deb9f9bbb691f,5,2026-10-30T18:30:00.000Z,6926eff3a6f059dedd3a3c3a,120,6,1,6,pending,,,true,28,140,30.8,30.8,23.33,false,2026-04-06T05:00:35.683Z,2026-04-06T05:00:35.683Z,2026-04-08T08:37:04.438Z,0,
69d33df34ede227dce4c29d8,G45Y017,68c505d2267e3c8d0ddc2c2e,5,2027-06-29T18:30:00.000Z,6926eff3a6f059dedd3a3c3a,137.9,6,0,6,pending,,,true,105.07,630.42,115.58,115.58,105.07,false,2026-04-06T05:00:35.741Z,2026-04-06T05:00:35.741Z,2026-04-08T08:37:04.526Z,0,
69d33df34ede227dce4c29d9,17251119A,69ce436f2b2deb9f9bbb78a8,5,2027-10-30T18:30:00.000Z,6926eff3a6f059dedd3a3c3a,180.38,16,0,16,pending,,,true,137.43,2198.88,151.17,151.17,137.43,false,2026-04-06T05:00:35.797Z,2026-04-06T05:00:35.797Z,2026-04-08T08:37:04.617Z,0,
69d33df34ede227dce4c29da,SH25030332A,68c505d2267e3c8d0ddc2599,5,2027-02-27T18:30:00.000Z,6926eff3a6f059dedd3a3c3a,182.81,26,6,26,pending,,,true,139.28,2785.6,153.21,153.21,107.14,false,2026-04-06T05:00:35.854Z,2026-04-06T05:00:35.854Z,2026-04-08T08:37:04.705Z,0,
69d33df34ede227dce4c29db,N5AFY008,69ce432d2b2deb9f9bbb6a92,5,2027-07-30T18:30:00.000Z,6926eff3a6f059dedd3a3c3a,197.83,6,0.5,6,pending,,,true,150.73,829.02,165.8,165.8,138.17,false,2026-04-06T05:00:35.911Z,2026-04-06T05:00:35.912Z,2026-04-08T08:37:04.792Z,0,
69d33df34ede227dce4c29dc,1242861,69251a77496994f2855ca4ca,5,2027-02-27T18:30:00.000Z,6926eff3a6f059dedd3a3c3a,685.17,6,0,3,pending,,,true,593.67,3562.02,653.04,653.04,593.67,false,2026-04-06T05:00:35.971Z,2026-04-06T05:00:35.971Z,2026-04-13T06:32:15.344Z,0,
69d33df44ede227dce4c29dd,02A25044,6975d53d5e174f9cf2575422,5,2028-08-30T18:30:00.000Z,6926eff3a6f059dedd3a3c3a,34.9,10,0,10,pending,,,true,26.59,265.9,29.25,29.25,26.59,false,2026-04-06T05:00:36.029Z,2026-04-06T05:00:36.029Z,2026-04-08T08:37:04.960Z,0,
69d33df44ede227dce4c29de,ZABG2520,68c505d2267e3c8d0ddc2469,5,2027-02-27T18:30:00.000Z,6926eff3a6f059dedd3a3c3a,89.06,10,0,10,pending,,,true,67.86,678.6,74.65,74.65,67.86,false,2026-04-06T05:00:36.084Z,2026-04-06T05:00:36.085Z,2026-04-08T08:37:05.044Z,0,
69d33df44ede227dce4c29df,2HD4M006,69ce43212b2deb9f9bbb6818,5,2028-06-29T18:30:00.000Z,6926eff3a6f059dedd3a3c3a,160.7,10,0,5,pending,,,true,122.44,1224.4,134.68,134.68,122.44,false,2026-04-06T05:00:36.140Z,2026-04-06T05:00:36.140Z,2026-04-15T10:16:00.728Z,0,
69d33df44ede227dce4c29e0,ZP50058,69251a7f496994f2855ca627,5,2027-10-30T18:30:00.000Z,6926eff3a6f059dedd3a3c3a,179.53,12,1,12,pending,,,true,136.78,1504.58,150.46,150.46,125.38,false,2026-04-06T05:00:36.197Z,2026-04-06T05:00:36.197Z,2026-04-08T08:37:05.218Z,0,
69d33df44ede227dce4c29e1,825F003,69ce43222b2deb9f9bbb685e,5,2027-03-30T18:30:00.000Z,6926eff3a6f059dedd3a3c3a,230.39,7,1,7,pending,,,true,175.54,1053.24,193.09,193.09,150.46,false,2026-04-06T05:00:36.256Z,2026-04-06T05:00:36.256Z,2026-04-08T08:37:05.306Z,0,
69d33df44ede227dce4c29e2,SH25020164A,69ce43562b2deb9f9bbb7364,5,2027-01-30T18:30:00.000Z,6926eff3a6f059dedd3a3c3a,192.19,13,3,13,pending,,,true,146.42,1464.2,161.06,161.06,112.63,false,2026-04-06T05:00:36.316Z,2026-04-06T05:00:36.317Z,2026-04-08T08:37:05.480Z,0,
69d33df44ede227dce4c29e3,TDR-1003,6943c95e095748bb16d9be7b,5,2027-05-30T18:30:00.000Z,6926eff3a6f059dedd3a3c3a,144.29,30,0,30,pending,,,true,109.94,3298.2,120.93,120.93,109.94,false,2026-04-06T05:00:36.374Z,2026-04-06T05:00:36.375Z,2026-04-08T08:37:05.566Z,0,
69d33df44ede227dce4c29e4,CRG3M005,695f62c617aa50edcc332d2d,5,2027-03-30T18:30:00.000Z,6926eff3a6f059dedd3a3c3a,21.65,20,0,10,pending,,,true,16.5,330,18.15,18.15,16.5,false,2026-04-06T05:00:36.432Z,2026-04-06T05:00:36.432Z,2026-04-14T10:28:43.759Z,0,
69d33df44ede227dce4c29e5,LBR26140,69ce434d2b2deb9f9bbb7185,5,2028-01-30T18:30:00.000Z,6926eff3a6f059dedd3a3c3a,24.68,10,0,10,pending,,,true,18.8,188,20.68,20.68,18.8,false,2026-04-06T05:00:36.490Z,2026-04-06T05:00:36.490Z,2026-04-08T08:37:05.742Z,0,
69d33df44ede227dce4c29e6,B75Y006,69ce43402b2deb9f9bbb6eb9,5,2027-10-30T18:30:00.000Z,6926eff3a6f059dedd3a3c3a,39.75,30,0,20,pending,,,true,30.29,908.7,33.32,33.32,30.29,false,2026-04-06T05:00:36.548Z,2026-04-06T05:00:36.548Z,2026-04-14T10:38:50.956Z,0,
69d33df44ede227dce4c29e7,MN1888,68c505d2267e3c8d0ddc2d82,5,2030-03-30T18:30:00.000Z,6926eff3a6f059dedd3a3c3a,53.91,30,0,30,pending,,,true,41.07,1232.1,45.18,45.18,41.07,false,2026-04-06T05:00:36.606Z,2026-04-06T05:00:36.606Z,2026-04-08T08:37:05.910Z,0,
69d33df44ede227dce4c29e8,D2600011,68c505d2267e3c8d0ddc2ea9,5,2027-12-30T18:30:00.000Z,6926eff3a6f059dedd3a3c3a,76.39,10,0,10,pending,,,true,58.2,582,64.02,64.02,58.2,false,2026-04-06T05:00:36.667Z,2026-04-06T05:00:36.667Z,2026-04-08T08:37:05.998Z,0,
69d33df44ede227dce4c29e9,SGA25010,6904a996759f4027f5808656,5,2027-11-29T18:30:00.000Z,6926eff3a6f059dedd3a3c3a,119.76,10,0,5,pending,,,true,91.25,912.5,100.38,100.38,91.25,false,2026-04-06T05:00:36.723Z,2026-04-06T05:00:36.723Z,2026-04-13T06:50:28.495Z,0,
69d33df44ede227dce4c29ea,GGG0425010BH,68feeb35f4ae89bffe17b48e,5,2028-11-29T18:30:00.000Z,6926eff3a6f059dedd3a3c3a,128,10,0,10,pending,,,true,97.52,975.2,107.27,107.27,97.52,false,2026-04-06T05:00:36.780Z,2026-04-06T05:00:36.780Z,2026-04-08T08:37:06.174Z,0,
69d33df44ede227dce4c29eb,VEA25010,69ce437f2b2deb9f9bbb7c3a,5,2028-11-29T18:30:00.000Z,6926eff3a6f059dedd3a3c3a,200.33,10,0,10,pending,,,true,167.89,1678.9,184.68,184.68,167.89,false,2026-04-06T05:00:36.836Z,2026-04-06T05:00:36.836Z,2026-04-08T08:37:06.430Z,0,
69d33df44ede227dce4c29ec,CPL24823,693fe7bc29ee43d62524573c,5,2026-09-29T18:30:00.000Z,6926eff3a6f059dedd3a3c3a,214.12,10,0,10,pending,,,true,21.57,215.7,23.73,23.73,21.57,false,2026-04-06T05:00:36.893Z,2026-04-06T05:00:36.893Z,2026-04-08T08:37:06.516Z,0,
69d33df44ede227dce4c29ed,EMV252799,69ce43712b2deb9f9bbb791f,5,2027-10-30T18:30:00.000Z,6926eff3a6f059dedd3a3c3a,229.54,20,0,20,pending,,,true,174.89,3497.8,192.38,192.38,174.89,false,2026-04-06T05:00:36.954Z,2026-04-06T05:00:36.954Z,2026-04-08T08:37:06.605Z,0,
69d33df54ede227dce4c29ee,CTE4M004,68c505d2267e3c8d0ddc24af,5,2027-09-29T18:30:00.000Z,6926eff3a6f059dedd3a3c3a,271.96,10,0,0,pending,,,true,207.21,2072.1,227.93,227.93,207.21,false,2026-04-06T05:00:37.011Z,2026-04-06T05:00:37.012Z,2026-04-14T10:36:30.149Z,0,
69d33df54ede227dce4c29ef,FXU0125006AS,69ce43822b2deb9f9bbb7d17,5,2027-10-30T18:30:00.000Z,6926eff3a6f059dedd3a3c3a,386.44,10,0,10,pending,,,true,294.43,2944.3,323.87,323.87,294.43,false,2026-04-06T05:00:37.068Z,2026-04-06T05:00:37.068Z,2026-04-08T08:37:06.777Z,0,
69d33df54ede227dce4c29f0,MBL0084,68c505d2267e3c8d0ddc2c54,5,2027-08-30T18:30:00.000Z,6926eff3a6f059dedd3a3c3a,425.56,10,0,10,pending,,,true,324.24,3242.4,356.66,356.66,324.24,false,2026-04-06T05:00:37.124Z,2026-04-06T05:00:37.124Z,2026-04-08T08:37:06.864Z,0,
69d33df54ede227dce4c29f1,2KU6M049,69251a61496994f2855ca129,5,2028-11-29T18:30:00.000Z,6926eff3a6f059dedd3a3c3a,514.12,10,0,10,pending,,,true,391.71,3917.1,430.88,430.88,391.71,false,2026-04-06T05:00:37.182Z,2026-04-06T05:00:37.183Z,2026-04-08T08:37:06.950Z,0,
69d33df54ede227dce4c29f2,E2502636,68c505d2267e3c8d0ddc2dc7,5,2028-05-30T18:30:00.000Z,6926eff3a6f059dedd3a3c3a,1084.21,10,0,10,pending,,,true,826.06,8260.6,908.67,908.67,826.06,false,2026-04-06T05:00:37.241Z,2026-04-06T05:00:37.242Z,2026-04-08T08:37:07.039Z,0,
69d33df54ede227dce4c29f3,7250696,69ce43712b2deb9f9bbb7918,5,2028-11-29T18:30:00.000Z,6926eff3a6f059dedd3a3c3a,123.64,11,1,11,pending,,,true,94.2,942,103.62,103.62,85.64,false,2026-04-06T05:00:37.300Z,2026-04-06T05:00:37.300Z,2026-04-08T08:37:07.127Z,0,
69d33df54ede227dce4c29f4,RF5425037,69ce435a2b2deb9f9bbb744b,5,2027-10-30T18:30:00.000Z,6926eff3a6f059dedd3a3c3a,168.7,11,0,11,pending,,,true,128.53,1413.83,141.38,141.38,128.53,false,2026-04-06T05:00:37.358Z,2026-04-06T05:00:37.358Z,2026-04-08T08:37:07.214Z,0,
69d33df54ede227dce4c29f5,D65Y023,6926f14ca6f059dedd3a50f6,5,2027-03-30T18:30:00.000Z,6926eff3a6f059dedd3a3c3a,90.46,12,1,10,pending,,,true,68.92,758.12,75.81,75.81,63.18,false,2026-04-06T05:00:37.416Z,2026-04-06T05:00:37.416Z,2026-04-14T10:28:45.120Z,0,
69d33df54ede227dce4c29f6,9F5Z004,69ce43402b2deb9f9bbb6ec3,5,2027-12-30T18:30:00.000Z,6926eff3a6f059dedd3a3c3a,112.35,12,0,12,pending,,,true,85.6,1027.2,94.16,94.16,85.6,false,2026-04-06T05:00:37.475Z,2026-04-06T05:00:37.475Z,2026-04-08T08:37:07.387Z,0,
69d33df54ede227dce4c29f7,0G5Z003,69ce43402b2deb9f9bbb6ecc,5,2027-12-30T18:30:00.000Z,6926eff3a6f059dedd3a3c3a,161.71,12,0,12,pending,,,true,123.21,1478.52,135.53,135.53,123.21,false,2026-04-06T05:00:37.532Z,2026-04-06T05:00:37.532Z,2026-04-08T08:37:07.469Z,0,
69d33df54ede227dce4c29f8,EBMS0088,68c505d2267e3c8d0ddc2cb2,5,2028-02-28T18:30:00.000Z,6926eff3a6f059dedd3a3c3a,304.6,12,2,12,pending,,,true,232.08,2320.8,255.29,255.29,193.4,false,2026-04-06T05:00:37.592Z,2026-04-06T05:00:37.592Z,2026-04-08T08:37:07.556Z,0,
69d33df54ede227dce4c29f9,832501D7,69251a62496994f2855ca13f,5,2028-10-30T18:30:00.000Z,6926eff3a6f059dedd3a3c3a,318.59,20,0,20,pending,,,true,242.74,4854.8,267.01,267.01,242.74,false,2026-04-06T05:00:37.645Z,2026-04-06T05:00:37.645Z,2026-04-08T08:37:07.642Z,0,
69d33df54ede227dce4c29fa,JKAZ25030,69251a60496994f2855ca107,5,2027-09-29T18:30:00.000Z,6926eff3a6f059dedd3a3c3a,36.3,55,5,55,pending,,,true,27.66,1383,30.43,30.43,25.15,false,2026-04-06T05:00:37.699Z,2026-04-06T05:00:37.699Z,2026-04-08T08:37:07.730Z,0,
69d33df54ede227dce4c29fb,2KA6M001,68c505d2267e3c8d0ddc2c93,12,2028-04-29T18:30:00.000Z,6926eff3a6f059dedd3a3c3a,39.46,15,0,15,pending,,,true,28.19,422.85,31.01,31.01,28.19,false,2026-04-06T05:00:37.755Z,2026-04-06T05:00:37.755Z,2026-04-08T08:37:07.818Z,0,
69d33df54ede227dce4c29fc,SH25050445D,69ce434b2b2deb9f9bbb7121,5,2027-04-29T18:30:00.000Z,6926eff3a6f059dedd3a3c3a,126.56,13,3,13,pending,,,true,96.42,964.2,106.06,106.06,74.17,false,2026-04-06T05:00:37.811Z,2026-04-06T05:00:37.811Z,2026-04-08T08:37:07.990Z,0,
69d33df54ede227dce4c29fd,SH25090955,69ce43562b2deb9f9bbb7364,5,2027-08-30T18:30:00.000Z,6926eff3a6f059dedd3a3c3a,192,13,3,13,pending,,,true,146.28,1462.8,160.91,160.91,112.52,false,2026-04-06T05:00:37.867Z,2026-04-06T05:00:37.867Z,2026-04-08T08:37:08.076Z,0,
69d33df54ede227dce4c29fe,SH25070658A,69ce43282b2deb9f9bbb697e,5,2027-06-29T18:30:00.000Z,6926eff3a6f059dedd3a3c3a,210.94,13,3,13,pending,,,true,160.71,1607.1,176.78,176.78,123.62,false,2026-04-06T05:00:37.925Z,2026-04-06T05:00:37.925Z,2026-04-08T08:37:08.163Z,0,
69d33df54ede227dce4c29ff,SN250454,69ce433c2b2deb9f9bbb6dd8,5,2027-05-30T18:30:00.000Z,6926eff3a6f059dedd3a3c3a,213.6,13,3,13,pending,,,true,171.42,1714.2,188.56,188.56,131.86,false,2026-04-06T05:00:37.981Z,2026-04-06T05:00:37.981Z,2026-04-08T08:37:09.033Z,0,
69d33df64ede227dce4c2a00,5GAP030,69ce431e2b2deb9f9bbb6780,5,2027-11-29T18:30:00.000Z,6926eff3a6f059dedd3a3c3a,312,13,0,3,pending,,,true,237.71,3090.23,261.48,261.48,237.71,false,2026-04-06T05:00:38.036Z,2026-04-06T05:00:38.036Z,2026-04-13T06:58:10.183Z,0,
69d33df64ede227dce4c2a01,SH25090881A,68c505d2267e3c8d0ddc25a9,5,2027-08-30T18:30:00.000Z,6926eff3a6f059dedd3a3c3a,529,13,3,13,pending,,,true,403,4030,443.3,443.3,310,false,2026-04-06T05:00:38.096Z,2026-04-06T05:00:38.096Z,2026-04-08T08:37:08.424Z,0,
69d33df64ede227dce4c2a02,SN240399,69ce433c2b2deb9f9bbb6dd8,5,2026-04-29T18:30:00.000Z,6926eff3a6f059dedd3a3c3a,213.6,24,4,24,pending,,,true,162.71,3254.2,178.98,178.98,135.59,false,2026-04-06T05:00:38.154Z,2026-04-06T05:00:38.154Z,2026-04-08T08:37:08.509Z,0,
69d33df64ede227dce4c2a03,VEB25030,69ce437e2b2deb9f9bbb7c34,5,2028-11-29T18:30:00.000Z,6926eff3a6f059dedd3a3c3a,405.94,20,0,10,pending,,,true,309.29,6185.8,340.22,340.22,309.29,false,2026-04-06T05:00:38.214Z,2026-04-06T05:00:38.214Z,2026-04-11T05:47:43.470Z,0,
69d33df64ede227dce4c2a04,2530144S,68c505d2267e3c8d0ddc2466,5,2026-12-30T18:30:00.000Z,6926eff3a6f059dedd3a3c3a,62.37,30,0,30,pending,,,true,45.9,1377,50.49,50.49,45.9,false,2026-04-06T05:00:38.273Z,2026-04-06T05:00:38.273Z,2026-04-08T08:37:08.685Z,0,
69d33df64ede227dce4c2a05,BE2504-78,69ce435b2b2deb9f9bbb745c,5,2027-03-30T18:30:00.000Z,6926eff3a6f059dedd3a3c3a,135.94,26,6,26,pending,,,true,103.57,2071.4,113.93,113.93,79.67,false,2026-04-06T05:00:38.331Z,2026-04-06T05:00:38.331Z,2026-04-08T08:37:10.692Z,0,
69d33df64ede227dce4c2a06,BE2509-25,69251a70496994f2855ca39d,5,2027-08-30T18:30:00.000Z,6926eff3a6f059dedd3a3c3a,175,26,6,16,pending,,,true,133.33,2666.6,146.66,146.66,102.56,false,2026-04-06T05:00:38.388Z,2026-04-06T05:00:38.389Z,2026-04-15T11:51:47.370Z,0,
69d33df64ede227dce4c2a07,8NY2M052,695f32c331e1b0f9f70db255,5,2027-10-30T18:30:00.000Z,6926eff3a6f059dedd3a3c3a,90.35,20,0,18,pending,,,true,68.84,1376.8,75.72,75.72,68.84,false,2026-04-06T05:00:38.445Z,2026-04-06T05:00:38.445Z,2026-04-14T10:46:02.131Z,0,
69d33df64ede227dce4c2a08,2X83N001,6943d1ec095748bb16da4666,5,2027-04-29T18:30:00.000Z,6926eff3a6f059dedd3a3c3a,110.25,20,0,20,pending,,,true,84,1680,92.4,92.4,84,false,2026-04-06T05:00:38.501Z,2026-04-06T05:00:38.501Z,2026-04-08T08:37:09.210Z,0,
69d33df64ede227dce4c2a09,18253421A,6975d6b65e174f9cf25760c8,5,2030-01-30T18:30:00.000Z,6926eff3a6f059dedd3a3c3a,13.75,20,0,20,pending,,,true,10.48,209.6,11.53,11.53,10.48,false,2026-04-06T05:00:38.561Z,2026-04-06T05:00:38.561Z,2026-04-08T08:37:09.384Z,0,
69d33df64ede227dce4c2a0a,BM826008,69ce43512b2deb9f9bbb724a,5,2029-12-30T18:30:00.000Z,6926eff3a6f059dedd3a3c3a,32.55,20,0,20,pending,,,true,26.73,534.6,29.4,29.4,26.73,false,2026-04-06T05:00:38.616Z,2026-04-06T05:00:38.616Z,2026-04-08T08:37:09.468Z,0,
69d33df64ede227dce4c2a0b,BSA26004,69251a60496994f2855ca0ff,5,2028-12-30T18:30:00.000Z,6926eff3a6f059dedd3a3c3a,45.78,30,0,30,pending,,,true,34.88,1046.4,38.37,38.37,34.88,false,2026-04-06T05:00:38.671Z,2026-04-06T05:00:38.671Z,2026-04-08T08:37:09.555Z,0,
69d33df64ede227dce4c2a0c,AJX13ABA,69ce43602b2deb9f9bbb75a5,5,2027-08-30T18:30:00.000Z,6926eff3a6f059dedd3a3c3a,156.05,20,0,20,pending,,,true,15.56,311.2,17.12,17.12,15.56,false,2026-04-06T05:00:38.725Z,2026-04-06T05:00:38.725Z,2026-04-08T08:37:11.547Z,0,
69d33df64ede227dce4c2a0d,D250715,69ce43822b2deb9f9bbb7cfc,5,2027-10-30T18:30:00.000Z,6926eff3a6f059dedd3a3c3a,157.5,20,0,10,pending,,,true,145,2900,159.5,159.5,145,false,2026-04-06T05:00:38.782Z,2026-04-06T05:00:38.782Z,2026-04-15T07:04:13.595Z,0,
69d33df64ede227dce4c2a0e,B-53250,69251a68496994f2855ca249,5,2028-02-28T18:30:00.000Z,6926eff3a6f059dedd3a3c3a,181.39,20,0,6,pending,,,true,145.11,2902.2,159.62,159.62,145.11,false,2026-04-06T05:00:38.842Z,2026-04-06T05:00:38.842Z,2026-04-13T12:25:30.972Z,0,
69d33df64ede227dce4c2a0f,AJX09AKA,69ce43602b2deb9f9bbb75ae,5,2027-08-30T18:30:00.000Z,6926eff3a6f059dedd3a3c3a,237.66,40,0,40,pending,,,true,29.98,1199.2,32.98,32.98,29.98,false,2026-04-06T05:00:38.902Z,2026-04-06T05:00:38.902Z,2026-04-08T08:37:10.086Z,0,
69d33df64ede227dce4c2a10,6GAN004,69ce431e2b2deb9f9bbb677a,5,2027-12-30T18:30:00.000Z,6926eff3a6f059dedd3a3c3a,272.99,20,0,1,pending,,,true,207.99,4159.8,228.79,228.79,207.99,false,2026-04-06T05:00:38.961Z,2026-04-06T05:00:38.961Z,2026-04-13T06:58:07.567Z,0,
69d33df74ede227dce4c2a11,260183A,68c505d2267e3c8d0ddc25b2,5,2028-01-30T18:30:00.000Z,6926eff3a6f059dedd3a3c3a,150,52,12,52,pending,,,true,114.28,4571.2,125.71,125.71,87.91,false,2026-04-06T05:00:39.020Z,2026-04-06T05:00:39.020Z,2026-04-08T08:37:10.260Z,0,
69d33df74ede227dce4c2a12,NI154,68c505d2267e3c8d0ddc267d,5,2027-11-29T18:30:00.000Z,6926eff3a6f059dedd3a3c3a,5.06,50,0,50,pending,,,true,4.05,202.5,4.46,4.46,4.05,false,2026-04-06T05:00:39.081Z,2026-04-06T05:00:39.081Z,2026-04-08T08:37:10.346Z,0,
69d33df74ede227dce4c2a13,9107,69ce43392b2deb9f9bbb6d1c,5,2028-05-30T18:30:00.000Z,6926eff3a6f059dedd3a3c3a,71.11,55,5,35,pending,,,true,54.18,2709,59.6,59.6,49.25,false,2026-04-06T05:00:39.163Z,2026-04-06T05:00:39.163Z,2026-04-14T10:28:44.305Z,0,
69d33df74ede227dce4c2a14,24E673A,68c505d2267e3c8d0ddc2590,5,2026-12-30T18:30:00.000Z,6926eff3a6f059dedd3a3c3a,103.13,26,6,26,pending,,,true,78.57,1571.4,86.43,86.43,60.44,false,2026-04-06T05:00:39.229Z,2026-04-06T05:00:39.229Z,2026-04-08T08:37:10.517Z,0,
69d33df74ede227dce4c2a15,S609,68c505d2267e3c8d0ddc25c8,5,2027-09-29T18:30:00.000Z,6926eff3a6f059dedd3a3c3a,370.31,26,6,26,pending,,,true,282.14,5642.8,310.35,310.35,217.03,false,2026-04-06T05:00:39.286Z,2026-04-06T05:00:39.286Z,2026-04-08T08:37:11.460Z,0,
69d33df74ede227dce4c2a16,260102A,69251a68496994f2855ca24b,5,2027-12-30T18:30:00.000Z,6926eff3a6f059dedd3a3c3a,679.69,26,6,26,pending,,,true,552.38,11047.6,607.62,607.62,424.91,false,2026-04-06T05:00:39.342Z,2026-04-06T05:00:39.342Z,2026-04-08T08:37:10.951Z,0,
69d33df74ede227dce4c2a17,NCL0109,68c505d2267e3c8d0ddc265e,5,2028-04-29T18:30:00.000Z,6926eff3a6f059dedd3a3c3a,16.17,50,0,50,pending,,,true,12.32,616,13.55,13.55,12.32,false,2026-04-06T05:00:39.399Z,2026-04-06T05:00:39.399Z,2026-04-08T08:37:11.035Z,0,
69d33df74ede227dce4c2a18,RCPNDA001,69ce43622b2deb9f9bbb75f6,5,2027-08-30T18:30:00.000Z,6926eff3a6f059dedd3a3c3a,141.56,30,0,10,pending,,,true,14.65,439.5,16.12,16.12,14.65,false,2026-04-06T05:00:39.453Z,2026-04-06T05:00:39.453Z,2026-04-15T11:51:50.487Z,0,
69d33df74ede227dce4c2a19,LY4674,68c505d2267e3c8d0ddc2dfd,12,2027-01-30T18:30:00.000Z,6926eff3a6f059dedd3a3c3a,1256.04,10,0,10,pending,,,true,897.16,8971.6,986.88,986.88,897.16,false,2026-04-06T05:00:39.509Z,2026-04-06T05:00:39.509Z,2026-04-08T08:37:11.292Z,0,
69d33df74ede227dce4c2a1a,SH25090894B,6904921b31811f2ae2d43571,5,2027-08-30T18:30:00.000Z,6926eff3a6f059dedd3a3c3a,164,39,9,39,pending,,,true,124.95,3748.5,137.45,137.45,96.12,false,2026-04-06T05:00:39.565Z,2026-04-06T05:00:39.565Z,2026-04-08T08:37:11.377Z,0,
69d33df74ede227dce4c2a1b,SH25060562B,68c505d2267e3c8d0ddc25b5,5,2027-05-30T18:30:00.000Z,6926eff3a6f059dedd3a3c3a,210.94,65,15,65,pending,,,true,160.71,8035.5,176.78,176.78,123.62,false,2026-04-06T05:00:39.620Z,2026-04-06T05:00:39.620Z,2026-04-08T08:37:11.636Z,0,
69d33df74ede227dce4c2a1c,SH24090880B,69251a5f496994f2855ca0dd,5,2026-08-30T18:30:00.000Z,6926eff3a6f059dedd3a3c3a,281.25,65,15,45,pending,,,true,214.28,10714,235.71,235.71,164.83,false,2026-04-06T05:00:39.675Z,2026-04-06T05:00:39.675Z,2026-04-13T06:58:20.671Z,0,
69d33df74ede227dce4c2a1d,065H029,692fbe7cc9be211d89c95764,5,2027-07-30T18:30:00.000Z,6926eff3a6f059dedd3a3c3a,23.05,120,8,120,pending,,,true,17.56,1966.72,19.32,19.32,16.39,false,2026-04-06T05:00:39.733Z,2026-04-06T05:00:39.734Z,2026-04-08T08:37:11.899Z,0,
69d33df74ede227dce4c2a1e,252600095,69ce433b2b2deb9f9bbb6dae,5,2028-01-30T18:30:00.000Z,69281001a6f059dedd3bb22f,215,5,0,5,pending,,,true,163.81,819.05,180.19,180.19,163.81,false,2026-04-06T05:00:39.792Z,2026-04-06T05:00:39.792Z,2026-04-08T08:37:11.986Z,0,
69d33df74ede227dce4c2a1f,GWO681075,69251a73496994f2855ca406,5,2028-12-30T18:30:00.000Z,69281001a6f059dedd3bb22f,321.01,10,0,10,pending,,,true,244.58,2445.8,269.04,269.04,244.58,false,2026-04-06T05:00:39.850Z,2026-04-06T05:00:39.850Z,2026-04-08T08:37:12.067Z,0,
69d33df74ede227dce4c2a20,CD-252846A,68c505d2267e3c8d0ddc24c3,5,2027-11-29T18:30:00.000Z,69281001a6f059dedd3bb22f,262,65,15,35,pending,,,true,200.88,10044,220.97,220.97,154.52,false,2026-04-06T05:00:39.909Z,2026-04-06T05:00:39.909Z,2026-04-15T08:06:01.443Z,0,
69d33df74ede227dce4c2a21,6RF07053A,69251a79496994f2855ca52b,5,2028-06-29T18:30:00.000Z,69281001a6f059dedd3bb22f,292.13,36,6,36,pending,,,true,222.58,6677.4,244.84,244.84,185.48,false,2026-04-06T05:00:39.966Z,2026-04-06T05:00:39.967Z,2026-04-08T08:37:12.242Z,0,
69d33df84ede227dce4c2a22,HPDL25108,68c505d2267e3c8d0ddc2ead,5,2027-11-29T18:30:00.000Z,69281001a6f059dedd3bb22f,642,65,15,65,pending,,,true,493.2,24660,542.52,542.52,379.38,false,2026-04-06T05:00:40.027Z,2026-04-06T05:00:40.027Z,2026-04-08T08:37:12.329Z,0,
69d33df84ede227dce4c2a23,BLNT-0707,68c505d2267e3c8d0ddc2ee1,5,2027-07-30T18:30:00.000Z,69281001a6f059dedd3bb22f,685,130,30,65,pending,,,true,522.06,52206,574.27,574.27,401.58,false,2026-04-06T05:00:40.083Z,2026-04-06T05:00:40.083Z,2026-04-13T06:58:25.878Z,0,
69d33df84ede227dce4c2a24,K1684029,68c505d2267e3c8d0ddc2540,12,2026-04-29T18:30:00.000Z,692825e5a6f059dedd3d9079,105.8,20,0,20,pending,,,true,75.57,1511.4,83.13,83.13,75.57,false,2026-04-06T05:00:40.140Z,2026-04-06T05:00:40.140Z,2026-04-08T08:37:12.619Z,0,
69d33df84ede227dce4c2a25,JSJAA25015,6904a998759f4027f5808719,12,2027-09-29T18:30:00.000Z,692825e5a6f059dedd3d9079,231,1,0,1,pending,,,true,165,165,181.5,181.5,165,false,2026-04-06T05:00:40.197Z,2026-04-06T05:00:40.198Z,2026-04-08T08:37:12.707Z,0,
69d33df84ede227dce4c2a26,PB00426,68c505d2267e3c8d0ddc25e0,5,2027-07-30T18:30:00.000Z,692825e5a6f059dedd3d9079,329,19,0,19,pending,,,true,250.67,4762.73,275.74,275.74,250.67,false,2026-04-06T05:00:40.258Z,2026-04-06T05:00:40.258Z,2026-04-08T08:37:12.798Z,0,
69d33df84ede227dce4c2a27,HH144,69251a61496994f2855ca133,5,2027-06-29T18:30:00.000Z,692825e5a6f059dedd3d9079,342.19,15,0,14,pending,,,true,260.71,3910.65,286.78,286.78,260.71,false,2026-04-06T05:00:40.318Z,2026-04-06T05:00:40.318Z,2026-04-10T07:36:04.917Z,0,
69d33df84ede227dce4c2a28,F02625,69251a7f496994f2855ca61f,5,2027-05-30T18:30:00.000Z,692825e5a6f059dedd3d9079,435.93,1,0,0,pending,,,true,302.14,302.14,332.35,332.35,302.14,false,2026-04-06T05:00:40.377Z,2026-04-06T05:00:40.377Z,2026-04-14T10:44:44.085Z,0,
69d33df84ede227dce4c2a29,CL4B,69251a64496994f2855ca1a5,12,2026-08-30T18:30:00.000Z,692825e5a6f059dedd3d9079,110.21,5,0,5,pending,,,true,78.72,393.6,86.59,86.59,78.72,false,2026-04-06T05:00:40.439Z,2026-04-06T05:00:40.439Z,2026-04-08T08:37:13.052Z,0,
69d33df84ede227dce4c2a2a,HC190,69ce432d2b2deb9f9bbb6aa4,5,2027-10-30T18:30:00.000Z,692825e5a6f059dedd3d9079,182.82,5,0,5,pending,,,true,139.29,696.45,153.22,153.22,139.29,false,2026-04-06T05:00:40.496Z,2026-04-06T05:00:40.496Z,2026-04-08T08:37:13.139Z,0,
69d33df84ede227dce4c2a2b,2124121,68c505d2267e3c8d0ddc2677,5,2027-08-30T18:30:00.000Z,692825e5a6f059dedd3d9079,57.75,5,0,5,pending,,,true,46.2,231,50.82,50.82,46.2,false,2026-04-06T05:00:40.554Z,2026-04-06T05:00:40.555Z,2026-04-08T08:37:13.229Z,0,
69d33df84ede227dce4c2a2c,DEGF013,69ce43332b2deb9f9bbb6beb,5,2026-10-30T18:30:00.000Z,692825e5a6f059dedd3d9079,163.72,4,0,4,pending,,,true,140.2,560.8,154.22,154.22,140.2,false,2026-04-06T05:00:40.613Z,2026-04-06T05:00:40.613Z,2026-04-08T08:37:13.315Z,0,
69d33df84ede227dce4c2a2d,ACC25001,6904a996759f4027f580867d,12,2028-01-30T18:30:00.000Z,692825e5a6f059dedd3d9079,641.06,6,0,6,pending,,,true,457.9,2747.4,503.69,503.69,457.9,false,2026-04-06T05:00:40.671Z,2026-04-06T05:00:40.671Z,2026-04-08T08:37:13.402Z,0,
69d33df84ede227dce4c2a2e,ACD25002,6904a996759f4027f580867c,12,2028-01-30T18:30:00.000Z,692825e5a6f059dedd3d9079,752.33,6,0,6,pending,,,true,537.38,3224.28,591.12,591.12,537.38,false,2026-04-06T05:00:40.730Z,2026-04-06T05:00:40.731Z,2026-04-08T08:37:13.489Z,0,
69d33df84ede227dce4c2a2f,IA01984A,69251a62496994f2855ca15b,5,2028-11-29T18:30:00.000Z,692825e5a6f059dedd3d9079,41.85,10,0,10,pending,,,true,31.89,318.9,35.08,35.08,31.89,false,2026-04-06T05:00:40.790Z,2026-04-06T05:00:40.790Z,2026-04-08T08:37:13.580Z,0,
69d33df84ede227dce4c2a30,4NG028,68c505d2267e3c8d0ddc2cfc,12,2027-08-30T18:30:00.000Z,692825e5a6f059dedd3d9079,165.31,5,0,5,pending,,,true,118.08,590.4,129.89,129.89,118.08,false,2026-04-06T05:00:40.847Z,2026-04-06T05:00:40.848Z,2026-04-08T08:37:13.665Z,0,
69d33df84ede227dce4c2a31,H03725,68c505d2267e3c8d0ddc2ecd,5,2027-06-29T18:30:00.000Z,692825e5a6f059dedd3d9079,207.65,50,0,20,pending,,,true,158.21,7910.5,174.03,174.03,158.21,false,2026-04-06T05:00:40.904Z,2026-04-06T05:00:40.904Z,2026-04-15T08:06:01.990Z,0,
69d33df84ede227dce4c2a32,6F0591A,69ce434c2b2deb9f9bbb713e,5,2028-11-29T18:30:00.000Z,692825e5a6f059dedd3d9079,782.39,5,0,5,pending,,,true,625.91,3129.55,688.5,688.5,625.91,false,2026-04-06T05:00:40.965Z,2026-04-06T05:00:40.966Z,2026-04-08T08:37:13.839Z,0,
69d33df94ede227dce4c2a33,5NG024,68c505d2267e3c8d0ddc2c67,5,2028-05-30T18:30:00.000Z,692825e5a6f059dedd3d9079,98.38,12,0,12,pending,,,true,74.96,899.52,82.46,82.46,74.96,false,2026-04-06T05:00:41.023Z,2026-04-06T05:00:41.023Z,2026-04-08T08:37:13.927Z,0,
69d33df94ede227dce4c2a34,SXF2784A,68c505d2267e3c8d0ddc29bc,5,2027-12-30T18:30:00.000Z,692825e5a6f059dedd3d9079,150,10,1,10,pending,,,true,114.29,1028.61,125.72,125.72,102.86,false,2026-04-06T05:00:41.082Z,2026-04-06T05:00:41.082Z,2026-04-08T08:37:14.016Z,0,
69d33df94ede227dce4c2a35,DEGF016,69ce43332b2deb9f9bbb6beb,5,2027-03-30T18:30:00.000Z,692825e5a6f059dedd3d9079,163.72,6,0,6,pending,,,true,140.2,841.2,154.22,154.22,140.2,false,2026-04-06T05:00:41.137Z,2026-04-06T05:00:41.138Z,2026-04-08T08:37:14.103Z,0,
69d33df94ede227dce4c2a36,MN03825,69ce43242b2deb9f9bbb68ca,5,2027-10-30T18:30:00.000Z,692825e5a6f059dedd3d9079,236.25,6,0,6,pending,,,true,189,1134,207.9,207.9,189,false,2026-04-06T05:00:41.198Z,2026-04-06T05:00:41.198Z,2026-04-08T08:37:14.188Z,0,
69d33df94ede227dce4c2a37,ACF25001,68c505d2267e3c8d0ddc2bc9,12,2028-01-30T18:30:00.000Z,692825e5a6f059dedd3d9079,352.36,10,0,10,pending,,,true,251.69,2516.9,276.86,276.86,251.69,false,2026-04-06T05:00:41.255Z,2026-04-06T05:00:41.255Z,2026-04-08T08:37:14.275Z,0,
69d33df94ede227dce4c2a38,P0144,69251a7f496994f2855ca61f,5,2026-11-29T18:30:00.000Z,692825e5a6f059dedd3d9079,396.56,7,0,7,pending,,,true,302.14,2114.98,332.35,332.35,302.14,false,2026-04-06T05:00:41.315Z,2026-04-06T05:00:41.315Z,2026-04-08T08:37:14.361Z,0,
69d33df94ede227dce4c2a39,ACE25001,68c505d2267e3c8d0ddc2bca,12,2028-01-30T18:30:00.000Z,692825e5a6f059dedd3d9079,551.89,10,0,10,pending,,,true,394.21,3942.1,433.63,433.63,394.21,false,2026-04-06T05:00:41.376Z,2026-04-06T05:00:41.376Z,2026-04-08T08:37:14.445Z,0,
69d33df94ede227dce4c2a3a,5P0087A,68c505d2267e3c8d0ddc2c01,12,2027-12-30T18:30:00.000Z,692825e5a6f059dedd3d9079,13.25,10,0,10,pending,,,true,9.46,94.6,10.41,10.41,9.46,false,2026-04-06T05:00:41.435Z,2026-04-06T05:00:41.435Z,2026-04-08T08:37:14.528Z,0,
69d33df94ede227dce4c2a3b,NCL0103,68c505d2267e3c8d0ddc27a0,5,2028-04-29T18:30:00.000Z,692825e5a6f059dedd3d9079,15.2,10,0,10,pending,,,true,11.58,115.8,12.74,12.74,11.58,false,2026-04-06T05:00:41.492Z,2026-04-06T05:00:41.492Z,2026-04-08T08:37:14.615Z,0,
69d33df94ede227dce4c2a3c,5P1493A,68c505d2267e3c8d0ddc2ea5,12,2028-04-29T18:30:00.000Z,692825e5a6f059dedd3d9079,83.34,10,0,10,pending,,,true,59.34,593.4,65.27,65.27,59.34,false,2026-04-06T05:00:41.551Z,2026-04-06T05:00:41.551Z,2026-04-08T08:37:14.701Z,0,
69d33df94ede227dce4c2a3d,DRD09215C,68c505d2267e3c8d0ddc2e45,5,2026-08-30T18:30:00.000Z,692825e5a6f059dedd3d9079,187.5,20,0,10,pending,,,true,142.86,2857.2,157.15,157.15,142.86,false,2026-04-06T05:00:41.611Z,2026-04-06T05:00:41.611Z,2026-04-13T11:55:34.997Z,0,
69d33df94ede227dce4c2a3e,CLA25002,69ce432d2b2deb9f9bbb6a89,5,2027-06-29T18:30:00.000Z,692825e5a6f059dedd3d9079,257.02,10,0,10,pending,,,true,195.82,1958.2,215.4,215.4,195.82,false,2026-04-06T05:00:41.672Z,2026-04-06T05:00:41.672Z,2026-04-08T08:37:14.878Z,0,
69d33df94ede227dce4c2a3f,APF01AKA,68c505d2267e3c8d0ddc2bd8,5,2027-03-30T18:30:00.000Z,692825e5a6f059dedd3d9079,349.64,20,0,20,pending,,,true,266.39,5327.8,293.03,293.03,266.39,false,2026-04-06T05:00:41.729Z,2026-04-06T05:00:41.730Z,2026-04-08T08:37:14.968Z,0,
69d33df94ede227dce4c2a40,M25157,68c505d2267e3c8d0ddc270b,5,2028-09-29T18:30:00.000Z,692825e5a6f059dedd3d9079,436.87,30,0,30,pending,,,true,332.86,9985.8,366.15,366.15,332.86,false,2026-04-06T05:00:41.785Z,2026-04-06T05:00:41.785Z,2026-04-08T08:37:15.055Z,0,
69d33df94ede227dce4c2a41,MP06625,69251a5f496994f2855ca0e1,5,2027-11-29T18:30:00.000Z,692825e5a6f059dedd3d9079,514.5,10,0,0,pending,,,true,411.6,4116,452.76,452.76,411.6,false,2026-04-06T05:00:41.840Z,2026-04-06T05:00:41.840Z,2026-04-11T06:25:29.950Z,0,
69d33df94ede227dce4c2a42,GP05125,698c6849fe3b5ab082038a6a,5,2027-11-29T18:30:00.000Z,692825e5a6f059dedd3d9079,119.7,15,0,10,pending,,,true,95.76,1436.4,105.34,105.34,95.76,false,2026-04-06T05:00:41.895Z,2026-04-06T05:00:41.895Z,2026-04-15T07:04:14.154Z,0,
69d33df94ede227dce4c2a43,A1685050,68c505d2267e3c8d0ddc2540,5,2027-05-30T18:30:00.000Z,692825e5a6f059dedd3d9079,108.9,20,0,10,pending,,,true,82.97,1659.4,91.27,91.27,82.97,false,2026-04-06T05:00:41.955Z,2026-04-06T05:00:41.955Z,2026-04-13T06:31:46.326Z,0,
69d33dfa4ede227dce4c2a44,L02825,68c505d2267e3c8d0ddc29d3,5,2027-09-29T18:30:00.000Z,692825e5a6f059dedd3d9079,64.21,30,0,15,pending,,,true,48.93,1467.9,53.82,53.82,48.93,false,2026-04-06T05:00:42.012Z,2026-04-06T05:00:42.012Z,2026-04-14T10:32:45.453Z,0,
69d33dfa4ede227dce4c2a45,N1560,69ce43592b2deb9f9bbb73ec,5,2027-10-30T18:30:00.000Z,692825e5a6f059dedd3d9079,259,20,0,20,pending,,,true,197.34,3946.8,217.07,217.07,197.34,false,2026-04-06T05:00:42.070Z,2026-04-06T05:00:42.070Z,2026-04-08T08:37:15.585Z,0,
69d33dfa4ede227dce4c2a46,F01725,69251a7f496994f2855ca61f,5,2027-05-30T18:30:00.000Z,692825e5a6f059dedd3d9079,435.94,36,0,1,pending,,,true,332.14,11957.04,365.35,365.35,332.14,false,2026-04-06T05:00:42.130Z,2026-04-06T05:00:42.130Z,2026-04-14T10:32:45.177Z,0,
69d33dfa4ede227dce4c2a47,CNE26001,69ce435b2b2deb9f9bbb746e,5,2027-12-30T18:30:00.000Z,692eb408c9be211d89b4fcdc,32.85,10,0,9,pending,,,true,25.03,250.3,27.53,27.53,25.03,false,2026-04-06T05:00:42.189Z,2026-04-06T05:00:42.189Z,2026-04-14T10:32:44.627Z,0,
69d33dfa4ede227dce4c2a48,ASM25064,69ce43512b2deb9f9bbb725d,5,2028-10-30T18:30:00.000Z,692eb408c9be211d89b4fcdc,33.05,3,0,3,pending,,,true,27.14,81.42,29.85,29.85,27.14,false,2026-04-06T05:00:42.253Z,2026-04-06T05:00:42.254Z,2026-04-08T08:37:15.936Z,0,
69d33dfa4ede227dce4c2a49,ZAGQ25156,68c505d2267e3c8d0ddc2d85,5,2028-08-30T18:30:00.000Z,692eb408c9be211d89b4fcdc,43.12,5,0,5,pending,,,true,32.86,164.3,36.15,36.15,32.86,false,2026-04-06T05:00:42.315Z,2026-04-06T05:00:42.315Z,2026-04-08T08:37:16.024Z,0,
69d33dfa4ede227dce4c2a4a,17250475A,69251a6a496994f2855ca28f,5,2027-03-30T18:30:00.000Z,692eb408c9be211d89b4fcdc,89.05,1,0,0,pending,,,true,67.85,67.85,74.64,74.64,67.85,false,2026-04-06T05:00:42.373Z,2026-04-06T05:00:42.373Z,2026-04-15T05:00:27.877Z,0,
69d33dfa4ede227dce4c2a4b,EMV250251,69ce434e2b2deb9f9bbb71a6,5,2026-12-30T18:30:00.000Z,692eb408c9be211d89b4fcdc,111.56,1,0,0,pending,,,true,85,85,93.5,93.5,85,false,2026-04-06T05:00:42.433Z,2026-04-06T05:00:42.433Z,2026-04-14T05:03:52.677Z,0,
69d33dfa4ede227dce4c2a4c,Z06AX25001,6904a998759f4027f58086dd,5,2027-02-27T18:30:00.000Z,692eb408c9be211d89b4fcdc,123.75,6,1,6,pending,,,true,88.39,441.95,97.23,97.23,73.66,false,2026-04-06T05:00:42.491Z,2026-04-06T05:00:42.491Z,2026-04-08T08:37:16.283Z,0,
69d33dfa4ede227dce4c2a4d,GC5787007,68c505d2267e3c8d0ddc258e,5,2027-08-30T18:30:00.000Z,692eb408c9be211d89b4fcdc,166.87,6,1,6,pending,,,true,127.14,635.7,139.85,139.85,105.95,false,2026-04-06T05:00:42.551Z,2026-04-06T05:00:42.551Z,2026-04-08T08:37:16.373Z,0,
69d33dfa4ede227dce4c2a4e,RF5425041,69ce435a2b2deb9f9bbb744b,5,2027-10-30T18:30:00.000Z,692eb408c9be211d89b4fcdc,168.7,20,0,20,pending,,,true,128.53,2570.6,141.38,141.38,128.53,false,2026-04-06T05:00:42.612Z,2026-04-06T05:00:42.612Z,2026-04-08T08:37:16.456Z,0,
69d33dfa4ede227dce4c2a4f,5225C84801,68c505d2267e3c8d0ddc2b8b,5,2027-01-30T18:30:00.000Z,692eb408c9be211d89b4fcdc,168.75,2,0,2,pending,,,true,128.6,257.2,141.46,141.46,128.6,false,2026-04-06T05:00:42.671Z,2026-04-06T05:00:42.671Z,2026-04-08T08:37:16.541Z,0,
69d33dfa4ede227dce4c2a50,SIG1405A,6904a996759f4027f5808655,12,2027-05-30T18:30:00.000Z,692eb408c9be211d89b4fcdc,195,14,0,14,pending,,,true,139.29,1950.06,153.22,153.22,139.29,false,2026-04-06T05:00:42.731Z,2026-04-06T05:00:42.731Z,2026-04-08T08:37:16.631Z,0,
69d33dfa4ede227dce4c2a51,4SN2416,6904a998759f4027f58088ca,5,2027-11-29T18:30:00.000Z,692eb408c9be211d89b4fcdc,426.3,3,0,3,pending,,,true,324.8,974.4,357.28,357.28,324.8,false,2026-04-06T05:00:42.793Z,2026-04-06T05:00:42.793Z,2026-04-08T08:37:16.718Z,0,
69d33dfa4ede227dce4c2a52,CBP6M002,69ce434b2b2deb9f9bbb7118,12,2028-04-29T18:30:00.000Z,692eb408c9be211d89b4fcdc,532,10,0,10,pending,,,true,380,3800,418,418,380,false,2026-04-06T05:00:42.855Z,2026-04-06T05:00:42.855Z,2026-04-08T08:37:16.807Z,0,
69d33dfa4ede227dce4c2a53,EPG4AA5215,69ce433f2b2deb9f9bbb6e6c,5,2028-11-29T18:30:00.000Z,692eb408c9be211d89b4fcdc,749,5,0.5,5,pending,,,true,570.66,2567.97,627.73,627.73,513.59,false,2026-04-06T05:00:42.915Z,2026-04-06T05:00:42.915Z,2026-04-08T08:37:16.893Z,0,
69d33dfa4ede227dce4c2a54,PH01525,69251a5f496994f2855ca0df,5,2027-06-29T18:30:00.000Z,692eb408c9be211d89b4fcdc,754.68,2,0,2,pending,,,true,575,1150,632.5,632.5,575,false,2026-04-06T05:00:42.973Z,2026-04-06T05:00:42.973Z,2026-04-08T08:37:16.978Z,0,
69d33dfb4ede227dce4c2a55,GFEF0003,69ce43552b2deb9f9bbb7311,5,2027-10-30T18:30:00.000Z,692eb408c9be211d89b4fcdc,1245,4,0,0,pending,,,true,948.57,948.57,1043.43,1043.43,948.57,false,2026-04-06T05:00:43.030Z,2026-04-06T05:00:43.030Z,2026-04-15T11:53:56.234Z,0,
69d33dfb4ede227dce4c2a56,EK5734039,6901b4ea2804bdb6230607aa,5,2027-05-30T18:30:00.000Z,692eb408c9be211d89b4fcdc,876,3,0.5,3,pending,,,true,667.43,1668.57,734.17,734.17,556.19,false,2026-04-06T05:00:43.087Z,2026-04-06T05:00:43.088Z,2026-04-08T08:37:17.149Z,0,
69d33dfb4ede227dce4c2a57,17250612A,69251a6a496994f2855ca28f,5,2027-05-30T18:30:00.000Z,692eb408c9be211d89b4fcdc,89.05,12,0,10,pending,,,true,67.86,814.32,74.65,74.65,67.86,false,2026-04-06T05:00:43.150Z,2026-04-06T05:00:43.150Z,2026-04-15T05:00:28.151Z,0,
69d33dfb4ede227dce4c2a58,SXG1530A,69032e0131811f2ae2b807a9,5,2026-12-30T18:30:00.000Z,692eb408c9be211d89b4fcdc,97.5,5,0,5,pending,,,true,74.29,371.45,81.72,81.72,74.29,false,2026-04-06T05:00:43.206Z,2026-04-06T05:00:43.206Z,2026-04-08T08:37:17.317Z,0,
69d33dfb4ede227dce4c2a59,5188C84801,68c505d2267e3c8d0ddc2b8b,5,2026-12-30T18:30:00.000Z,692eb408c9be211d89b4fcdc,168.75,2,0,2,pending,,,true,128.6,257.2,141.46,141.46,128.6,false,2026-04-06T05:00:43.261Z,2026-04-06T05:00:43.261Z,2026-04-08T08:37:17.407Z,0,
69d33dfb4ede227dce4c2a5a,14253667A,69251a7a496994f2855ca54d,5,2028-08-30T18:30:00.000Z,692eb408c9be211d89b4fcdc,198.03,5,0,0,pending,,,true,150.88,1508.8,165.97,165.97,150.88,false,2026-04-06T05:00:43.317Z,2026-04-06T05:00:43.318Z,2026-04-08T08:37:18.092Z,0,
69d33dfb4ede227dce4c2a5b,B95Y151,69ce435d2b2deb9f9bbb74f6,5,2027-11-29T18:30:00.000Z,692eb408c9be211d89b4fcdc,238.91,12,1,12,pending,,,true,182.03,2002.33,200.23,200.23,166.86,false,2026-04-06T05:00:43.379Z,2026-04-06T05:00:43.380Z,2026-04-08T08:37:17.580Z,0,
69d33dfb4ede227dce4c2a5c,BEB1088,69251a65496994f2855ca1bf,5,2027-03-30T18:30:00.000Z,692eb408c9be211d89b4fcdc,245.44,3,0.5,3,pending,,,true,187,467.5,205.7,205.7,155.83,false,2026-04-06T05:00:43.440Z,2026-04-06T05:00:43.440Z,2026-04-08T08:37:17.666Z,0,
69d33dfb4ede227dce4c2a5d,PSC0167,68c505d2267e3c8d0ddc28c6,5,2027-09-29T18:30:00.000Z,692eb408c9be211d89b4fcdc,290.63,2,0,2,pending,,,true,221.43,442.86,243.57,243.57,221.43,false,2026-04-06T05:00:43.496Z,2026-04-06T05:00:43.496Z,2026-04-08T08:37:17.751Z,0,
69d33dfb4ede227dce4c2a5e,5BA0651,6904a998759f4027f58088c7,5,2027-01-30T18:30:00.000Z,692eb408c9be211d89b4fcdc,425.65,5,0,5,pending,,,true,324.3,1621.5,356.73,356.73,324.3,false,2026-04-06T05:00:43.554Z,2026-04-06T05:00:43.555Z,2026-04-08T08:37:17.835Z,0,
69d33dfb4ede227dce4c2a5f,B500155,69251a74496994f2855ca44a,12,2026-11-29T18:30:00.000Z,692eb408c9be211d89b4fcdc,2205.2,10,0,10,pending,,,true,324.72,3247.2,357.19,357.19,324.72,false,2026-04-06T05:00:43.613Z,2026-04-06T05:00:43.613Z,2026-04-08T08:37:17.917Z,0,
69d33dfb4ede227dce4c2a60,I95Y049,69ce43362b2deb9f9bbb6ca1,5,2027-10-30T18:30:00.000Z,692eb408c9be211d89b4fcdc,149.58,12,1,12,pending,,,true,113.97,1253.67,125.37,125.37,104.47,false,2026-04-06T05:00:43.673Z,2026-04-06T05:00:43.673Z,2026-04-08T08:37:20.914Z,0,
69d33dfb4ede227dce4c2a61,A0D25007,69ce43512b2deb9f9bbb7254,5,2028-09-29T18:30:00.000Z,692eb408c9be211d89b4fcdc,100.02,10,1,6,pending,,,true,78.55,706.95,86.41,86.41,70.7,false,2026-04-06T05:00:43.732Z,2026-04-06T05:00:43.732Z,2026-04-14T10:28:44.576Z,0,
69d33dfb4ede227dce4c2a62,SXG1431A,6903345331811f2ae2b888be,5,2026-11-29T18:30:00.000Z,692eb408c9be211d89b4fcdc,157.5,10,0,10,pending,,,true,120,1200,132,132,120,false,2026-04-06T05:00:43.792Z,2026-04-06T05:00:43.792Z,2026-04-08T08:37:18.352Z,0,
69d33dfb4ede227dce4c2a63,SM1G-26001,69ce431d2b2deb9f9bbb672d,5,2027-12-30T18:30:00.000Z,692eb408c9be211d89b4fcdc,24.38,15,0,15,pending,,,true,18.58,278.7,20.44,20.44,18.58,false,2026-04-06T05:00:43.854Z,2026-04-06T05:00:43.854Z,2026-04-08T08:37:18.436Z,0,
69d33dfb4ede227dce4c2a64,CD61M006,68c505d2267e3c8d0ddc2c8e,5,2029-05-30T18:30:00.000Z,692eb408c9be211d89b4fcdc,42.92,5,0,5,pending,,,true,32.7,163.5,35.97,35.97,32.7,false,2026-04-06T05:00:43.913Z,2026-04-06T05:00:43.913Z,2026-04-08T08:37:18.520Z,0,
69d33dfb4ede227dce4c2a65,DS8N,69251a5f496994f2855ca0e3,5,2026-08-30T18:30:00.000Z,692eb408c9be211d89b4fcdc,62.67,5,0.25,5,pending,,,true,47.75,226.81,52.53,52.53,45.36,false,2026-04-06T05:00:43.970Z,2026-04-06T05:00:43.970Z,2026-04-08T08:37:18.607Z,0,
69d33dfc4ede227dce4c2a66,FZ2573,69ce434f2b2deb9f9bbb7210,5,2027-11-29T18:30:00.000Z,692eb408c9be211d89b4fcdc,93.75,5,1,5,pending,,,true,71.43,285.72,78.57,78.57,57.14,false,2026-04-06T05:00:44.028Z,2026-04-06T05:00:44.028Z,2026-04-08T08:37:18.687Z,0,
69d33dfc4ede227dce4c2a67,KC825013,69ce432c2b2deb9f9bbb6a7a,5,2028-11-29T18:30:00.000Z,692eb408c9be211d89b4fcdc,132.17,10,0,10,pending,,,true,100.7,1007,110.77,110.77,100.7,false,2026-04-06T05:00:44.086Z,2026-04-06T05:00:44.086Z,2026-04-08T08:37:18.770Z,0,
69d33dfc4ede227dce4c2a68,2508000926,6904a998759f4027f58088a9,5,2027-06-29T18:30:00.000Z,692eb408c9be211d89b4fcdc,135.84,15,0,15,pending,,,true,103.5,1552.5,113.85,113.85,103.5,false,2026-04-06T05:00:44.147Z,2026-04-06T05:00:44.147Z,2026-04-08T08:37:18.854Z,0,
69d33dfc4ede227dce4c2a69,A50AY014-,69251a79496994f2855ca539,5,2027-05-30T18:30:00.000Z,692eb408c9be211d89b4fcdc,137.25,5,0,5,pending,,,true,104.57,522.85,115.03,115.03,104.57,false,2026-04-06T05:00:44.210Z,2026-04-06T05:00:44.210Z,2026-04-08T08:37:18.939Z,0,
69d33dfc4ede227dce4c2a6a,13251522A,68c505d2267e3c8d0ddc2c7e,5,2028-09-29T18:30:00.000Z,692eb408c9be211d89b4fcdc,154.68,10,0,5,pending,,,true,117.85,1178.5,129.63,129.63,117.85,false,2026-04-06T05:00:44.270Z,2026-04-06T05:00:44.270Z,2026-04-14T10:36:27.945Z,0,
69d33dfc4ede227dce4c2a6b,18251636A,69ce436a2b2deb9f9bbb7797,12,2029-03-30T18:30:00.000Z,692eb408c9be211d89b4fcdc,226.5,10,0,10,pending,,,true,161.78,1617.8,177.96,177.96,161.78,false,2026-04-06T05:00:44.329Z,2026-04-06T05:00:44.329Z,2026-04-08T08:37:19.110Z,0,
69d33dfc4ede227dce4c2a6c,GKG1312A,68c505d2267e3c8d0ddc2da5,5,2028-01-30T18:30:00.000Z,692eb408c9be211d89b4fcdc,288.75,20,0,20,pending,,,true,220,4400,242,242,220,false,2026-04-06T05:00:44.385Z,2026-04-06T05:00:44.385Z,2026-04-08T08:37:19.195Z,0,
69d33dfc4ede227dce4c2a6d,M4202,68c505d2267e3c8d0ddc2610,12,2027-09-29T18:30:00.000Z,692eb408c9be211d89b4fcdc,303,60,0,60,pending,,,true,216.42,12985.2,238.06,238.06,216.42,false,2026-04-06T05:00:44.444Z,2026-04-06T05:00:44.444Z,2026-04-08T08:37:21.344Z,0,
69d33dfc4ede227dce4c2a6e,CBP4M004,69ce434b2b2deb9f9bbb7112,12,2028-05-30T18:30:00.000Z,692eb408c9be211d89b4fcdc,344,7,0,7,pending,,,true,245.71,1719.97,270.28,270.28,245.71,false,2026-04-06T05:00:44.498Z,2026-04-06T05:00:44.498Z,2026-04-08T08:37:19.368Z,0,
69d33dfc4ede227dce4c2a6f,TUR-2401,69ce437e2b2deb9f9bbb7c07,5,2027-11-29T18:30:00.000Z,692eb408c9be211d89b4fcdc,569.2,5,0,5,pending,,,true,433.68,2168.4,477.05,477.05,433.68,false,2026-04-06T05:00:44.557Z,2026-04-06T05:00:44.557Z,2026-04-08T08:37:19.451Z,0,
69d33dfc4ede227dce4c2a70,A50AY016,69ce43782b2deb9f9bbb7aaa,5,2027-05-30T18:30:00.000Z,692eb408c9be211d89b4fcdc,132.84,6,0.5,6,pending,,,true,94.89,521.9,104.38,104.38,86.98,false,2026-04-06T05:00:44.616Z,2026-04-06T05:00:44.616Z,2026-04-08T08:37:19.535Z,0,
69d33dfc4ede227dce4c2a71,5185C84203,68c505d2267e3c8d0ddc2d72,12,2027-05-30T18:30:00.000Z,692eb408c9be211d89b4fcdc,101.27,20,1.25,20,pending,,,true,72.34,1356.38,79.57,79.57,67.82,false,2026-04-06T05:00:44.671Z,2026-04-06T05:00:44.672Z,2026-04-08T08:37:19.621Z,0,
69d33dfc4ede227dce4c2a72,E16HS24005,69ce43762b2deb9f9bbb7a3c,12,2027-06-29T18:30:00.000Z,692eb408c9be211d89b4fcdc,435.1,10,1,10,pending,,,true,357.18,3214.62,392.9,392.9,321.46,false,2026-04-06T05:00:44.731Z,2026-04-06T05:00:44.731Z,2026-04-08T08:37:19.704Z,0,
69d33dfc4ede227dce4c2a73,DY0225043,68c505d2267e3c8d0ddc24c0,5,2027-06-29T18:30:00.000Z,692eb408c9be211d89b4fcdc,86.2,30,0,20,pending,,,true,65.68,1970.4,72.25,72.25,65.68,false,2026-04-06T05:00:44.786Z,2026-04-06T05:00:44.786Z,2026-04-15T07:04:09.431Z,0,
69d33dfc4ede227dce4c2a74,A25071VP,69251a73496994f2855ca404,5,2026-07-30T18:30:00.000Z,692eb408c9be211d89b4fcdc,13.03,100,0,100,pending,,,true,9.99,999,10.99,10.99,9.99,false,2026-04-06T05:00:44.843Z,2026-04-06T05:00:44.843Z,2026-04-08T08:37:19.877Z,0,
69d33dfc4ede227dce4c2a75,DAAF0073,69ce43322b2deb9f9bbb6b97,5,2028-08-30T18:30:00.000Z,692eb408c9be211d89b4fcdc,66.7,10,0,10,pending,,,true,50.82,508.2,55.9,55.9,50.82,false,2026-04-06T05:00:44.901Z,2026-04-06T05:00:44.901Z,2026-04-08T08:37:19.964Z,0,
69d33dfc4ede227dce4c2a76,28027471,69ce43392b2deb9f9bbb6d25,5,2027-04-29T18:30:00.000Z,692eb408c9be211d89b4fcdc,71.25,20,0,20,pending,,,true,53.44,1068.8,58.78,58.78,53.44,false,2026-04-06T05:00:44.962Z,2026-04-06T05:00:44.963Z,2026-04-08T08:37:20.049Z,0,
69d33dfd4ede227dce4c2a77,ZAEB2529,69251a7a496994f2855ca55f,5,2027-07-30T18:30:00.000Z,692eb408c9be211d89b4fcdc,103.12,20,4,20,pending,,,true,78.57,1257.12,86.43,86.43,62.86,false,2026-04-06T05:00:45.023Z,2026-04-06T05:00:45.023Z,2026-04-08T08:37:20.134Z,0,
69d33dfd4ede227dce4c2a78,GTG2077A,68c505d2267e3c8d0ddc2e5e,5,2028-06-29T18:30:00.000Z,692eb408c9be211d89b4fcdc,168.75,20,0,20,pending,,,true,128.57,2571.4,141.43,141.43,128.57,false,2026-04-06T05:00:45.079Z,2026-04-06T05:00:45.079Z,2026-04-08T08:37:20.220Z,0,
69d33dfd4ede227dce4c2a79,JMU0125012AS,68c505d2267e3c8d0ddc2e41,5,2028-05-30T18:30:00.000Z,692eb408c9be211d89b4fcdc,180.84,10,0,10,pending,,,true,137.78,1377.8,151.56,151.56,137.78,false,2026-04-06T05:00:45.133Z,2026-04-06T05:00:45.133Z,2026-04-08T08:37:20.306Z,0,
69d33dfd4ede227dce4c2a7a,25D179,69ce43642b2deb9f9bbb7673,5,2027-11-29T18:30:00.000Z,692eb408c9be211d89b4fcdc,189.58,10,0,5,pending,,,true,144.44,1444.4,158.88,158.88,144.44,false,2026-04-06T05:00:45.194Z,2026-04-06T05:00:45.194Z,2026-04-15T11:53:54.857Z,0,
69d33dfd4ede227dce4c2a7b,GTG1663A,6904a996759f4027f5808673,12,2027-04-29T18:30:00.000Z,692eb408c9be211d89b4fcdc,213,10,0,10,pending,,,true,152.14,1521.4,167.35,167.35,152.14,false,2026-04-06T05:00:45.252Z,2026-04-06T05:00:45.252Z,2026-04-08T08:37:20.483Z,0,
69d33dfd4ede227dce4c2a7c,GTG3299A,69ce43292b2deb9f9bbb69db,5,2027-11-29T18:30:00.000Z,692eb408c9be211d89b4fcdc,223.13,10,0,10,pending,,,true,170,1700,187,187,170,false,2026-04-06T05:00:45.308Z,2026-04-06T05:00:45.308Z,2026-04-08T08:37:20.568Z,0,
69d33dfd4ede227dce4c2a7d,SIG2161A,69ce435c2b2deb9f9bbb74ab,5,2027-04-29T18:30:00.000Z,692eb408c9be211d89b4fcdc,284.5,10,0,10,pending,,,true,216.76,2167.6,238.44,238.44,216.76,false,2026-04-06T05:00:45.365Z,2026-04-06T05:00:45.365Z,2026-04-08T08:37:20.654Z,0,
69d33dfd4ede227dce4c2a7e,18250139,69ce43782b2deb9f9bbb7a99,5,2028-01-30T18:30:00.000Z,692eb408c9be211d89b4fcdc,313.59,20,0,20,pending,,,true,238.93,4778.6,262.82,262.82,238.93,false,2026-04-06T05:00:45.424Z,2026-04-06T05:00:45.424Z,2026-04-08T08:37:20.741Z,0,
69d33dfd4ede227dce4c2a7f,MD0865,69251a64496994f2855ca1a1,5,2027-10-30T18:30:00.000Z,692eb408c9be211d89b4fcdc,407.81,10,0,10,pending,,,true,310.71,3107.1,341.78,341.78,310.71,false,2026-04-06T05:00:45.477Z,2026-04-06T05:00:45.478Z,2026-04-08T08:37:20.826Z,0,
69d33dfd4ede227dce4c2a80,25441106,69251a78496994f2855ca4fc,5,2028-03-30T18:30:00.000Z,692eb408c9be211d89b4fcdc,167.81,6,1,6,pending,,,true,127.86,639.3,140.65,140.65,106.55,false,2026-04-06T05:00:45.533Z,2026-04-06T05:00:45.533Z,2026-04-08T08:37:21.001Z,0,
69d33dfd4ede227dce4c2a81,EMV241118,68c505d2267e3c8d0ddc2da2,5,2026-05-30T18:30:00.000Z,692eb408c9be211d89b4fcdc,199.65,10,0,10,pending,,,true,152.11,1521.1,167.32,167.32,152.11,false,2026-04-06T05:00:45.588Z,2026-04-06T05:00:45.588Z,2026-04-08T08:37:21.771Z,0,
69d33dfd4ede227dce4c2a82,GTG1747A,69251a64496994f2855ca197,5,2027-05-30T18:30:00.000Z,692eb408c9be211d89b4fcdc,141.56,60,0,50,pending,,,true,107.86,6471.6,118.65,118.65,107.86,false,2026-04-06T05:00:45.648Z,2026-04-06T05:00:45.648Z,2026-04-11T05:47:46.052Z,0,
69d33dfd4ede227dce4c2a83,SWC0042,69035e8d31811f2ae2c053c4,5,2027-11-29T18:30:00.000Z,692eb408c9be211d89b4fcdc,698.5,20,0,20,pending,,,true,532.19,10643.8,585.41,585.41,532.19,false,2026-04-06T05:00:45.704Z,2026-04-06T05:00:45.705Z,2026-04-08T08:37:21.260Z,0,
69d33dfd4ede227dce4c2a84,6030C83902,69ce435a2b2deb9f9bbb7422,5,2027-06-29T18:30:00.000Z,692eb408c9be211d89b4fcdc,47.53,30,2,30,pending,,,true,38.03,1064.84,41.83,41.83,35.49,false,2026-04-06T05:00:45.762Z,2026-04-06T05:00:45.762Z,2026-04-08T08:37:21.432Z,0,
69d33dfd4ede227dce4c2a85,FAA25031,69ce433c2b2deb9f9bbb6de8,5,2027-06-29T18:30:00.000Z,692eb408c9be211d89b4fcdc,313.78,33,3,33,pending,,,true,239.05,7171.5,262.96,262.96,217.32,false,2026-04-06T05:00:45.821Z,2026-04-06T05:00:45.821Z,2026-04-08T08:37:21.516Z,0,
69d33dfd4ede227dce4c2a86,321325007,68c505d2267e3c8d0ddc2677,5,2028-06-29T18:30:00.000Z,692eb408c9be211d89b4fcdc,6.26,50,0,50,pending,,,true,4.69,234.5,5.16,5.16,4.69,false,2026-04-06T05:00:45.879Z,2026-04-06T05:00:45.879Z,2026-04-08T08:37:21.602Z,0,
69d33dfd4ede227dce4c2a87,5342E03701,69ce43592b2deb9f9bbb7418,5,2027-05-30T18:30:00.000Z,692eb408c9be211d89b4fcdc,20.42,100,0,100,pending,,,true,14.7,1470,16.17,16.17,14.7,false,2026-04-06T05:00:45.933Z,2026-04-06T05:00:45.933Z,2026-04-08T08:37:21.686Z,0,
69d33dfd4ede227dce4c2a88,1011585970,69ce437f2b2deb9f9bbb7c5d,5,2026-09-29T18:30:00.000Z,692eca0dc9be211d89bfb12c,9400,1,0,1,pending,,,true,4800,4800,5280,5280,4800,false,2026-04-06T05:00:45.990Z,2026-04-06T05:00:45.990Z,2026-04-08T08:37:21.854Z,0,
69d33dfe4ede227dce4c2a89,1011530300,69ce437f2b2deb9f9bbb7c56,5,2026-08-30T18:30:00.000Z,692eca0dc9be211d89bfb12c,11000,1,0,1,pending,,,true,4800,4800,5280,5280,4800,false,2026-04-06T05:00:46.053Z,2026-04-06T05:00:46.053Z,2026-04-08T08:37:21.936Z,0,
69d33dfe4ede227dce4c2a8a,1011624410,69ce437f2b2deb9f9bbb7c63,5,2026-10-30T18:30:00.000Z,692eca0dc9be211d89bfb12c,18500,1,0,1,pending,,,true,10500,10500,11550,11550,10500,false,2026-04-06T05:00:46.110Z,2026-04-06T05:00:46.110Z,2026-04-08T08:37:22.023Z,0,
69d33dfe4ede227dce4c2a8b,1011531490,69ce437f2b2deb9f9bbb7c69,5,2026-08-30T18:30:00.000Z,692eca0dc9be211d89bfb12c,19100,1,0,1,pending,,,true,9600,9600,10560,10560,9600,false,2026-04-06T05:00:46.169Z,2026-04-06T05:00:46.169Z,2026-04-08T08:37:22.108Z,0,
69d33dfe4ede227dce4c2a8c,1011515860,695cd3804094f0324b302bf3,5,2026-08-30T18:30:00.000Z,692eca0dc9be211d89bfb12c,19800,2,0,2,pending,,,true,13800,27600,15180,15180,13800,false,2026-04-06T05:00:46.228Z,2026-04-06T05:00:46.228Z,2026-04-08T08:37:22.193Z,0,
69d33dfe4ede227dce4c2a8d,1011504250,69ce43802b2deb9f9bbb7c75,5,2026-10-30T18:30:00.000Z,692eca0dc9be211d89bfb12c,38600,2,0,2,pending,,,true,23400,46800,25740,25740,23400,false,2026-04-06T05:00:46.287Z,2026-04-06T05:00:46.287Z,2026-04-08T08:37:22.279Z,0,
69d33dfe4ede227dce4c2a8e,1011460680,69ce437f2b2deb9f9bbb7c6f,5,2026-07-30T18:30:00.000Z,692eca0dc9be211d89bfb12c,7000,5,0,5,pending,,,true,3780,18900,4158,4158,3780,false,2026-04-06T05:00:46.346Z,2026-04-06T05:00:46.346Z,2026-04-08T08:37:22.367Z,0,
69d33dfe4ede227dce4c2a8f,HRC-051,69251a68496994f2855ca22f,12,2030-01-01T00:00:00.000Z,692fdb03c9be211d89cfccae,130,20,0,20,pending,,,true,59.5,1190,65.45,65.45,59.5,false,2026-04-06T05:00:46.407Z,2026-04-06T05:00:46.407Z,2026-04-06T05:00:46.407Z,0,
69d33dfe4ede227dce4c2a90,AC294,69251a62496994f2855ca13b,5,2028-05-30T18:30:00.000Z,692fdb03c9be211d89cfccae,225,30,0,30,pending,,,true,98.25,2947.5,108.08,108.08,98.25,false,2026-04-06T05:00:46.464Z,2026-04-06T05:00:46.465Z,2026-04-08T08:37:22.451Z,0,
69d33dfe4ede227dce4c2a91,32425070,69251a61496994f2855ca131,12,2029-11-29T18:30:00.000Z,692fdb03c9be211d89cfccae,675,1,0,1,pending,,,true,150,150,165,165,150,false,2026-04-06T05:00:46.522Z,2026-04-06T05:00:46.522Z,2026-04-08T08:37:22.534Z,0,
69d33dfe4ede227dce4c2a92,40E24J2074,69251a79496994f2855ca541,12,2029-08-30T18:30:00.000Z,692fdb03c9be211d89cfccae,1582,3,0,3,pending,,,true,675,2025,742.5,742.5,675,false,2026-04-06T05:00:46.579Z,2026-04-06T05:00:46.579Z,2026-04-08T08:37:22.620Z,0,
69d33dfe4ede227dce4c2a93,1303312,69251a5e496994f2855ca0ad,12,2026-05-30T18:30:00.000Z,692fdb03c9be211d89cfccae,47.5,25,0,25,pending,,,true,34.5,862.5,37.95,37.95,34.5,false,2026-04-06T05:00:46.637Z,2026-04-06T05:00:46.637Z,2026-04-08T08:37:23.833Z,0,
69d33dfe4ede227dce4c2a94,G25B011055,69251a66496994f2855ca1e9,12,2030-01-30T18:30:00.000Z,692fdb03c9be211d89cfccae,377,10,0,10,pending,,,true,76.19,761.9,83.81,83.81,76.19,false,2026-04-06T05:00:46.694Z,2026-04-06T05:00:46.694Z,2026-04-08T08:37:22.799Z,0,
69d33dfe4ede227dce4c2a95,6056689,69251a7a496994f2855ca543,12,2029-11-29T18:30:00.000Z,692fdb03c9be211d89cfccae,1990,4,0,4,pending,,,true,830,3320,913,913,830,false,2026-04-06T05:00:46.748Z,2026-04-06T05:00:46.749Z,2026-04-08T08:37:22.887Z,0,
69d33dfe4ede227dce4c2a96,G2025/08,69251a67496994f2855ca211,5,2027-04-29T18:30:00.000Z,692fdb03c9be211d89cfccae,196.88,30,0,30,pending,,,true,66.96,2008.8,73.66,73.66,66.96,false,2026-04-06T05:00:46.808Z,2026-04-06T05:00:46.808Z,2026-04-08T08:37:22.975Z,0,
69d33dfe4ede227dce4c2a97,G25E120045,69251a66496994f2855ca1f5,12,2030-04-29T18:30:00.000Z,692fdb03c9be211d89cfccae,296,3,0,3,pending,,,true,55,165,60.5,60.5,55,false,2026-04-06T05:00:46.863Z,2026-04-06T05:00:46.863Z,2026-04-08T08:37:23.059Z,0,
69d33dfe4ede227dce4c2a98,G24J011172,69251a75496994f2855ca460,12,2029-09-29T18:30:00.000Z,692fdb03c9be211d89cfccae,509,5,0,5,pending,,,true,102,510,112.2,112.2,102,false,2026-04-06T05:00:46.919Z,2026-04-06T05:00:46.919Z,2026-04-08T08:37:23.145Z,0,
69d33dfe4ede227dce4c2a99,6058360,69251a7a496994f2855ca549,12,2030-01-30T18:30:00.000Z,692fdb03c9be211d89cfccae,1990,3,0,3,pending,,,true,830,2490,913,913,830,false,2026-04-06T05:00:46.975Z,2026-04-06T05:00:46.976Z,2026-04-08T08:37:23.230Z,0,
69d33dff4ede227dce4c2a9a,6085644,69251a7a496994f2855ca543,5,2030-02-27T18:30:00.000Z,692fdb03c9be211d89cfccae,1865.63,4,0,4,pending,,,true,900,3600,990,990,900,false,2026-04-06T05:00:47.034Z,2026-04-06T05:00:47.034Z,2026-04-08T08:37:23.318Z,0,
69d33dff4ede227dce4c2a9b,KM144617,69ce434e2b2deb9f9bbb71cf,12,2027-01-30T18:30:00.000Z,692fdb03c9be211d89cfccae,34.93,30,0,30,pending,,,true,26,780,28.6,28.6,26,false,2026-04-06T05:00:47.090Z,2026-04-06T05:00:47.091Z,2026-04-08T08:37:23.405Z,0,
69d33dff4ede227dce4c2a9c,1303309,69251a5e496994f2855ca0ad,12,2026-04-29T18:30:00.000Z,692fdb03c9be211d89cfccae,47.5,10,0,10,pending,,,true,34.5,345,37.95,37.95,34.5,false,2026-04-06T05:00:47.147Z,2026-04-06T05:00:47.147Z,2026-04-08T08:37:23.489Z,0,
69d33dff4ede227dce4c2a9d,G25F010683,69251a75496994f2855ca46a,5,2030-05-30T18:30:00.000Z,692fdb03c9be211d89cfccae,75.94,20,0,20,pending,,,true,14.5,290,15.95,15.95,14.5,false,2026-04-06T05:00:47.207Z,2026-04-06T05:00:47.208Z,2026-04-08T08:37:23.575Z,0,
69d33dff4ede227dce4c2a9e,6081100,69251a7a496994f2855ca545,5,2030-01-30T18:30:00.000Z,692fdb03c9be211d89cfccae,1865.63,5,0,5,pending,,,true,900,4500,990,990,900,false,2026-04-06T05:00:47.270Z,2026-04-06T05:00:47.270Z,2026-04-08T08:37:23.661Z,0,
69d33dff4ede227dce4c2a9f,32424638,69251a61496994f2855ca131,12,2029-11-29T18:30:00.000Z,692fdb03c9be211d89cfccae,675,9,0,9,pending,,,true,150,1350,165,165,150,false,2026-04-06T05:00:47.335Z,2026-04-06T05:00:47.335Z,2026-04-08T08:37:23.746Z,0,
69d33dff4ede227dce4c2aa0,SM144671,69ce434e2b2deb9f9bbb71cf,5,2027-04-29T18:30:00.000Z,692fdb03c9be211d89cfccae,35.53,20,0,20,pending,,,true,27,540,29.7,29.7,27,false,2026-04-06T05:00:47.396Z,2026-04-06T05:00:47.396Z,2026-04-08T08:37:23.921Z,0,
69d33dff4ede227dce4c2aa1,2412017,69251a78496994f2855ca4e8,5,2029-11-29T18:30:00.000Z,692fdb03c9be211d89cfccae,236.5,10,0,10,pending,,,true,81,810,89.1,89.1,81,false,2026-04-06T05:00:47.456Z,2026-04-06T05:00:47.456Z,2026-04-08T08:37:24.007Z,0,
69d33dff4ede227dce4c2aa2,G25C010872,69ce43702b2deb9f9bbb78ec,12,2030-04-29T18:30:00.000Z,692fdb03c9be211d89cfccae,824,10,0,10,pending,,,true,125,1250,137.5,137.5,125,false,2026-04-06T05:00:47.517Z,2026-04-06T05:00:47.517Z,2026-04-08T08:37:24.094Z,0,
69d33dff4ede227dce4c2aa3,N25026,69ce43722b2deb9f9bbb7956,5,2029-07-30T18:30:00.000Z,692fdb03c9be211d89cfccae,328.13,20,0,20,pending,,,true,38,760,41.8,41.8,38,false,2026-04-06T05:00:47.578Z,2026-04-06T05:00:47.578Z,2026-04-08T08:37:24.183Z,0,
69d33dff4ede227dce4c2aa4,ME-113,69251a74496994f2855ca44e,5,2027-05-30T18:30:00.000Z,692fdb03c9be211d89cfccae,5.63,50,0,50,pending,,,true,3.4,170,3.74,3.74,3.4,false,2026-04-06T05:00:47.635Z,2026-04-06T05:00:47.635Z,2026-04-08T08:37:24.266Z,0,
69d33dff4ede227dce4c2aa5,MS-162,69ce43472b2deb9f9bbb7022,5,2027-04-29T18:30:00.000Z,692fdb03c9be211d89cfccae,10.08,50,0,50,pending,,,true,3.5,175,3.85,3.85,3.5,false,2026-04-06T05:00:47.690Z,2026-04-06T05:00:47.690Z,2026-04-08T08:37:24.353Z,0,
69d33dff4ede227dce4c2aa6,250502,69251a5e496994f2855ca0a1,5,2030-04-29T18:30:00.000Z,692fdb03c9be211d89cfccae,375,2,0,2,pending,,,true,62.5,125,68.75,68.75,62.5,false,2026-04-06T05:00:47.745Z,2026-04-06T05:00:47.745Z,2026-04-08T08:37:24.437Z,0,
69d33dff4ede227dce4c2aa7,TDMR-1828,69ce43362b2deb9f9bbb6c74,5,2027-06-29T18:30:00.000Z,692ff963c9be211d89d5da4f,241.41,25,0,25,pending,,,true,183.93,4598.25,202.32,202.32,183.93,false,2026-04-06T05:00:47.804Z,2026-04-06T05:00:47.805Z,2026-04-08T08:37:24.523Z,0,
69d33dff4ede227dce4c2aa8,TDSR-1781,6943c8bc095748bb16d9b279,5,2027-07-30T18:30:00.000Z,692ff963c9be211d89d5da4f,254.4,30,0,30,pending,,,true,193.83,5814.9,213.21,213.21,193.83,false,2026-04-06T05:00:47.860Z,2026-04-06T05:00:47.860Z,2026-04-08T08:37:24.610Z,0,
69d33dff4ede227dce4c2aa9,TDR-1009,6943c95e095748bb16d9be7b,5,2027-07-30T18:30:00.000Z,692ff963c9be211d89d5da4f,144.29,30,0,30,pending,,,true,109.94,3298.2,120.93,120.93,109.94,false,2026-04-06T05:00:47.915Z,2026-04-06T05:00:47.915Z,2026-04-08T08:37:24.694Z,0,
69d33dff4ede227dce4c2aaa,E6402,69ce433e2b2deb9f9bbb6e4e,5,2027-01-30T18:30:00.000Z,693006e7d3e6ce5d3507374d,178,5,0,5,pending,,,true,53.4,267,58.74,58.74,53.4,false,2026-04-06T05:00:47.976Z,2026-04-06T05:00:47.977Z,2026-04-08T08:37:24.782Z,0,
69d33e004ede227dce4c2aab,MFT-241107,68c505d2267e3c8d0ddc2d08,5,2026-10-30T18:30:00.000Z,693006e7d3e6ce5d3507374d,155,30,0,30,pending,,,true,46.5,1395,51.15,51.15,46.5,false,2026-04-06T05:00:48.038Z,2026-04-06T05:00:48.038Z,2026-04-08T08:37:24.869Z,0,
69d33e004ede227dce4c2aac,CDXL5002,69ce43612b2deb9f9bbb75da,5,2027-01-30T18:30:00.000Z,693006e7d3e6ce5d3507374d,140,20,0,20,pending,,,true,42,840,46.2,46.2,42,false,2026-04-06T05:00:48.093Z,2026-04-06T05:00:48.093Z,2026-04-08T08:37:24.958Z,0,
69d33e004ede227dce4c2aad,LTA-45681,69ce434d2b2deb9f9bbb717c,5,2026-10-30T18:30:00.000Z,693006e7d3e6ce5d3507374d,155,20,0,0,pending,,,true,46.5,930,51.15,51.15,46.5,false,2026-04-06T05:00:48.149Z,2026-04-06T05:00:48.149Z,2026-04-15T11:51:50.203Z,0,
69d33e004ede227dce4c2aae,LLD-9874,69ce43312b2deb9f9bbb6b75,5,2027-07-30T18:30:00.000Z,693006e7d3e6ce5d3507374d,370,40,0,40,pending,,,true,203.14,8125.6,223.45,223.45,203.14,false,2026-04-06T05:00:48.205Z,2026-04-06T05:00:48.205Z,2026-04-08T08:37:25.127Z,0,
69d33e004ede227dce4c2aaf,DT-24046,69ce43612b2deb9f9bbb75d1,5,2026-09-29T18:30:00.000Z,693006e7d3e6ce5d3507374d,117.19,30,0,20,pending,,,true,35.1,1053,38.61,38.61,35.1,false,2026-04-06T05:00:48.267Z,2026-04-06T05:00:48.267Z,2026-04-11T05:47:48.640Z,0,
69d33e004ede227dce4c2ab0,DS-25056,69ce433c2b2deb9f9bbb6dcb,5,2027-12-30T18:30:00.000Z,693006e7d3e6ce5d3507374d,698.44,30,0,30,pending,,,true,358.97,10769.1,394.87,394.87,358.97,false,2026-04-06T05:00:48.323Z,2026-04-06T05:00:48.323Z,2026-04-08T08:37:25.296Z,0,
69d33e004ede227dce4c2ab1,DS-25057,69ce43572b2deb9f9bbb7383,5,2027-12-30T18:30:00.000Z,693006e7d3e6ce5d3507374d,323,50,0,0,pending,,,true,166.14,8307,182.75,182.75,166.14,false,2026-04-06T05:00:48.380Z,2026-04-06T05:00:48.381Z,2026-04-08T08:37:25.384Z,0,
69d33e004ede227dce4c2ab2,LTA-49257,6904a998759f4027f580872b,5,2028-06-29T18:30:00.000Z,693006e7d3e6ce5d3507374d,192,100,0,100,pending,,,true,124.8,12480,137.28,137.28,124.8,false,2026-04-06T05:00:48.438Z,2026-04-06T05:00:48.438Z,2026-04-08T08:37:25.469Z,0,
69d33e004ede227dce4c2ab3,CLEX5005,693c05464f899252628e2474,5,2027-07-30T18:30:00.000Z,69364dc8bcf19acba521152e,585.84,2,0,2,pending,,,true,446.36,892.72,491,491,446.36,false,2026-04-06T05:00:48.494Z,2026-04-06T05:00:48.494Z,2026-04-08T08:37:25.560Z,0,
69d33e004ede227dce4c2ab4,60002342,69ce43412b2deb9f9bbb6eeb,5,2027-02-27T18:30:00.000Z,69364dc8bcf19acba521152e,123.28,50,0,50,pending,,,true,93.93,4696.5,103.32,103.32,93.93,false,2026-04-06T05:00:48.556Z,2026-04-06T05:00:48.556Z,2026-04-08T08:37:25.646Z,0,
69d33e004ede227dce4c2ab5,AB03410,69251a61496994f2855ca135,5,2028-06-29T18:30:00.000Z,69364dc8bcf19acba521152e,43.5,20,0,20,pending,,,true,33.14,662.8,36.45,36.45,33.14,false,2026-04-06T05:00:48.616Z,2026-04-06T05:00:48.616Z,2026-04-08T08:37:25.733Z,0,
69d33e004ede227dce4c2ab6,JB01464,68c505d2267e3c8d0ddc2c60,5,2028-05-30T18:30:00.000Z,69364dc8bcf19acba521152e,27.85,30,0,30,pending,,,true,21.22,636.6,23.34,23.34,21.22,false,2026-04-06T05:00:48.671Z,2026-04-06T05:00:48.671Z,2026-04-08T08:37:25.821Z,0,
69d33e004ede227dce4c2ab7,AB02759,68c505d2267e3c8d0ddc2c61,5,2028-05-30T18:30:00.000Z,69364dc8bcf19acba521152e,52.95,13,0,13,pending,,,true,40.34,524.42,44.37,44.37,40.34,false,2026-04-06T05:00:48.731Z,2026-04-06T05:00:48.731Z,2026-04-08T08:37:25.908Z,0,
69d33e004ede227dce4c2ab8,DN125274,68c505d2267e3c8d0ddc248f,5,2027-05-30T18:30:00.000Z,6936866cbcf19acba530e2eb,538.35,60,10,60,pending,,,true,410.17,20508.5,451.19,451.19,341.81,false,2026-04-06T05:00:48.788Z,2026-04-06T05:00:48.788Z,2026-04-08T08:37:25.998Z,0,
69d33e004ede227dce4c2ab9,D2250294,69ce432d2b2deb9f9bbb6ab5,5,2027-08-30T18:30:00.000Z,6936866cbcf19acba530e2eb,1137.19,6,1,6,pending,,,true,866.43,4332.15,953.07,953.07,722.02,false,2026-04-06T05:00:48.847Z,2026-04-06T05:00:48.847Z,2026-04-08T08:37:26.427Z,0,
69d33e004ede227dce4c2aba,A01925001,69ce43202b2deb9f9bbb67ca,5,2027-12-30T18:30:00.000Z,6936866cbcf19acba530e2eb,1982.13,2,0,2,pending,,,true,1250,2500,1375,1375,1250,false,2026-04-06T05:00:48.905Z,2026-04-06T05:00:48.905Z,2026-04-08T08:37:26.168Z,0,
69d33e004ede227dce4c2abb,D2250511,68c505d2267e3c8d0ddc2e57,5,2028-03-30T18:30:00.000Z,6936866cbcf19acba530e2eb,68.43,20,0,20,pending,,,true,52.14,1042.8,57.35,57.35,52.14,false,2026-04-06T05:00:48.961Z,2026-04-06T05:00:48.961Z,2026-04-08T08:37:26.253Z,0,
69d33e014ede227dce4c2abc,ST25-1712,69ce436c2b2deb9f9bbb7802,5,2027-05-30T18:30:00.000Z,6936866cbcf19acba530e2eb,320.63,24,4,19,pending,,,true,268.57,5371.4,295.43,295.43,223.81,false,2026-04-06T05:00:49.017Z,2026-04-06T05:00:49.017Z,2026-04-14T10:38:51.495Z,0,
69d33e014ede227dce4c2abd,A2,69ce43692b2deb9f9bbb776d,5,2030-01-01T00:00:00.000Z,6936866cbcf19acba530e2eb,2950,10,0,8,pending,,,true,450,4500,495,495,450,false,2026-04-06T05:00:49.072Z,2026-04-06T05:00:49.072Z,2026-04-15T11:51:48.787Z,0,
69d33e014ede227dce4c2abe,D2251303,68c505d2267e3c8d0ddc2c51,5,2027-06-29T18:30:00.000Z,6936866cbcf19acba530e2eb,1920,6,1,6,pending,,,true,1462.86,7314.3,1609.15,1609.15,1219.05,false,2026-04-06T05:00:49.128Z,2026-04-06T05:00:49.128Z,2026-04-08T08:37:26.516Z,0,
69d33e014ede227dce4c2abf,D2250194,69ce433a2b2deb9f9bbb6d77,5,2028-01-30T18:30:00.000Z,6936866cbcf19acba530e2eb,217.5,12,2,12,pending,,,true,165.71,1657.1,182.28,182.28,138.09,false,2026-04-06T05:00:49.190Z,2026-04-06T05:00:49.190Z,2026-04-08T08:37:26.599Z,0,
69d33e014ede227dce4c2ac0,D2250075,68c505d2267e3c8d0ddc2c78,5,2026-12-30T18:30:00.000Z,6936866cbcf19acba530e2eb,198.74,20,0,20,pending,,,true,126.18,2523.6,138.8,138.8,126.18,false,2026-04-06T05:00:49.246Z,2026-04-06T05:00:49.246Z,2026-04-08T08:37:26.681Z,0,
69d33e014ede227dce4c2ac1,DN124518,69ce434b2b2deb9f9bbb7134,18,2026-05-30T18:30:00.000Z,6936866cbcf19acba530e2eb,160,36,6,36,pending,,,true,108.47,3254.1,119.32,119.32,90.39,false,2026-04-06T05:00:49.300Z,2026-04-06T05:00:49.300Z,2026-04-08T08:37:26.770Z,0,
69d33e014ede227dce4c2ac2,DN125049,6936848cbcf19acba530d6c9,5,2027-07-30T18:30:00.000Z,6936866cbcf19acba530e2eb,486.73,12,2,12,pending,,,true,370.85,3708.5,407.94,407.94,309.04,false,2026-04-06T05:00:49.356Z,2026-04-06T05:00:49.356Z,2026-04-08T08:37:26.854Z,0,
69d33e014ede227dce4c2ac3,D2250105,68c505d2267e3c8d0ddc2c5d,5,2027-12-30T18:30:00.000Z,6936866cbcf19acba530e2eb,712.5,24,4,24,pending,,,true,542.86,10857.2,597.15,597.15,452.38,false,2026-04-06T05:00:49.410Z,2026-04-06T05:00:49.411Z,2026-04-08T08:37:26.938Z,0,
69d33e014ede227dce4c2ac4,ADQ01CPA,69ce436a2b2deb9f9bbb77a0,5,2028-01-30T18:30:00.000Z,6936866cbcf19acba530e2eb,54.37,36,6,36,pending,,,true,41.42,1242.6,45.56,45.56,34.52,false,2026-04-06T05:00:49.465Z,2026-04-06T05:00:49.465Z,2026-04-08T08:37:27.025Z,0,
69d33e014ede227dce4c2ac5,PKNCU15,69ce436a2b2deb9f9bbb77a9,5,2027-08-30T18:30:00.000Z,6936866cbcf19acba530e2eb,75,36,6,36,pending,,,true,57.14,1714.2,62.85,62.85,47.62,false,2026-04-06T05:00:49.522Z,2026-04-06T05:00:49.522Z,2026-04-08T08:37:27.110Z,0,
69d33e014ede227dce4c2ac6,PLKNIA08,68c505d2267e3c8d0ddc2bcd,12,2026-10-30T18:30:00.000Z,6936866cbcf19acba530e2eb,209,60,10,60,pending,,,true,149.29,7464.5,164.22,164.22,124.41,false,2026-04-06T05:00:49.581Z,2026-04-06T05:00:49.581Z,2026-04-08T08:37:27.200Z,0,
69d33e014ede227dce4c2ac7,54D24002A,69ce437d2b2deb9f9bbb7bf3,5,2027-05-30T18:30:00.000Z,693be6f24f899252628c9d94,385.99,2,0,2,pending,,,true,230,460,253,253,230,false,2026-04-06T05:00:49.639Z,2026-04-06T05:00:49.639Z,2026-04-08T08:37:27.284Z,0,
69d33e014ede227dce4c2ac8,B25925007,69ce43212b2deb9f9bbb67ff,5,2027-06-29T18:30:00.000Z,693be6f24f899252628c9d94,4469.27,2,0,2,pending,,,true,3303,6606,3633.3,3633.3,3303,false,2026-04-06T05:00:49.703Z,2026-04-06T05:00:49.703Z,2026-04-08T08:37:27.370Z,0,
69d33e014ede227dce4c2ac9,14850125,69251a74496994f2855ca43a,5,2028-08-30T18:30:00.000Z,693be6f24f899252628c9d94,404.55,10,0,2,pending,,,true,295.24,2952.4,324.76,324.76,295.24,false,2026-04-06T05:00:49.760Z,2026-04-06T05:00:49.760Z,2026-04-15T08:06:04.459Z,0,
69d33e014ede227dce4c2aca,UL26A125,68c505d2267e3c8d0ddc2ace,5,2027-06-29T18:30:00.000Z,693d0f154f899252629d19f0,338.14,60,0,60,pending,,,true,169,10140,185.9,185.9,169,false,2026-04-06T05:00:49.819Z,2026-04-06T05:00:49.819Z,2026-04-08T08:37:27.539Z,0,
69d33e014ede227dce4c2acb,V4001,69ce43682b2deb9f9bbb774c,5,2028-12-30T18:30:00.000Z,693d166c4f899252629d641d,291.56,3,3,3,pending,,,true,0.01,0,0.01,0.01,0,false,2026-04-06T05:00:49.874Z,2026-04-06T05:00:49.874Z,2026-04-08T08:37:27.624Z,0,
69d33e014ede227dce4c2acc,388D47,69251a73496994f2855ca428,5,2029-11-29T18:30:00.000Z,693d166c4f899252629d641d,31121,3,0,3,pending,,,true,9500,28500,10450,10450,9500,false,2026-04-06T05:00:49.930Z,2026-04-06T05:00:49.930Z,2026-04-08T08:37:27.713Z,0,
69d33e014ede227dce4c2acd,V3001,69ce43682b2deb9f9bbb774c,5,2028-03-30T18:30:00.000Z,693d166c4f899252629d641d,369,3,0,3,pending,,,true,0,0,0,0,0,false,2026-04-06T05:00:49.986Z,2026-04-06T05:00:49.987Z,2026-04-08T08:37:27.800Z,0,
69d33e024ede227dce4c2ace,2511EB265,69ce43782b2deb9f9bbb7ac5,5,2027-10-30T18:30:00.000Z,693d3b39812dbc0da46fa18b,549,20,0,20,pending,,,true,235.28,4705.6,258.81,258.81,235.28,false,2026-04-06T05:00:50.042Z,2026-04-06T05:00:50.043Z,2026-04-08T08:37:27.889Z,0,
69d33e024ede227dce4c2acf,DPIH4A3,69ce43352b2deb9f9bbb6c63,5,2026-07-30T18:30:00.000Z,693d3b39812dbc0da46fa18b,22,100,0,100,pending,,,true,11.5,1150,12.65,12.65,11.5,false,2026-04-06T05:00:50.099Z,2026-04-06T05:00:50.099Z,2026-04-08T08:37:27.974Z,0,
69d33e024ede227dce4c2ad0,CG25001,693fe30829ee43d62523bdfe,5,2027-02-27T18:30:00.000Z,693fe01829ee43d62523a354,2864.1,5,0,5,pending,,,true,1600.04,8000.21,1760.04,1760.04,1600.04,false,2026-04-06T05:00:50.159Z,2026-04-06T05:00:50.159Z,2026-04-08T08:37:28.058Z,0,
69d33e024ede227dce4c2ad1,GB05Q059,693fe3a329ee43d62523c9f8,5,2027-06-29T18:30:00.000Z,693fe01829ee43d62523a354,5156.25,50,0,50,pending,,,true,650,32499.75,715,715,650,false,2026-04-06T05:00:50.216Z,2026-04-06T05:00:50.216Z,2026-04-08T08:37:28.144Z,0,
69d33e024ede227dce4c2ad2,TEFH2502B,6942483bfa5d727ee63579d0,5,2026-06-29T18:30:00.000Z,69424afafa5d727ee635e446,37960.88,1,0,1,pending,,,true,15500,15500,17050,17050,15500,false,2026-04-06T05:00:50.272Z,2026-04-06T05:00:50.272Z,2026-04-08T08:37:28.317Z,0,
69d33e024ede227dce4c2ad3,3012505,69ce434d2b2deb9f9bbb719f,5,2026-10-30T18:30:00.000Z,69451e3d609c8b24f4a4b037,750,1,0,1,pending,,,true,527,527,579.7,579.7,527,false,2026-04-06T05:00:50.330Z,2026-04-06T05:00:50.330Z,2026-04-08T08:37:28.408Z,0,
69d33e024ede227dce4c2ad4,MI0524026,69ce43312b2deb9f9bbb6b86,5,2026-05-30T18:30:00.000Z,69451e3d609c8b24f4a4b037,8230,1,0,1,pending,,,true,550,550,605,605,550,false,2026-04-06T05:00:50.388Z,2026-04-06T05:00:50.388Z,2026-04-08T08:37:28.490Z,0,
69d33e024ede227dce4c2ad5,ALP2602,69ce431e2b2deb9f9bbb6770,5,2027-07-30T18:30:00.000Z,69451e3d609c8b24f4a4b037,10395,1,0,1,pending,,,true,3941,3941,4335.1,4335.1,3941,false,2026-04-06T05:00:50.445Z,2026-04-06T05:00:50.445Z,2026-04-08T08:37:28.577Z,0,
69d33e024ede227dce4c2ad6,MI0524071,69ce43312b2deb9f9bbb6b8f,5,2026-05-30T18:30:00.000Z,69451e3d609c8b24f4a4b037,11760,1,0,1,pending,,,true,850,850,935,935,850,false,2026-04-06T05:00:50.499Z,2026-04-06T05:00:50.499Z,2026-04-08T08:37:28.662Z,0,
69d33e024ede227dce4c2ad7,251027011,694e7618777307ec7453e71a,5,2027-10-30T18:30:00.000Z,69451e3d609c8b24f4a4b037,15000,1,0,0,pending,,,true,9110,9110,10021,10021,9110,false,2026-04-06T05:00:50.554Z,2026-04-06T05:00:50.555Z,2026-04-14T04:48:26.196Z,0,
69d33e024ede227dce4c2ad8,459240411,69ce43802b2deb9f9bbb7c7b,5,2026-05-30T18:30:00.000Z,69451e3d609c8b24f4a4b037,12000,2,0,2,pending,,,true,6113,12226,6724.3,6724.3,6113,false,2026-04-06T05:00:50.610Z,2026-04-06T05:00:50.610Z,2026-04-08T08:37:28.832Z,0,
69d33e024ede227dce4c2ad9,459250311,69ce43802b2deb9f9bbb7c7b,5,2027-02-27T18:30:00.000Z,69451e3d609c8b24f4a4b037,24862.5,2,0,2,pending,,,true,6113,12226,6724.3,6724.3,6113,false,2026-04-06T05:00:50.668Z,2026-04-06T05:00:50.668Z,2026-04-08T08:37:28.917Z,0,
69d33e024ede227dce4c2ada,262250311,69ce43802b2deb9f9bbb7c81,5,2027-04-29T18:30:00.000Z,69451e3d609c8b24f4a4b037,56227.5,2,0,2,pending,,,true,14875,29750,16362.5,16362.5,14875,false,2026-04-06T05:00:50.726Z,2026-04-06T05:00:50.727Z,2026-04-08T08:37:29.003Z,0,
69d33e024ede227dce4c2adb,202510,69478648dcf084fea565d60f,5,2027-06-29T18:30:00.000Z,69451e3d609c8b24f4a4b037,8,500,0,0,pending,,,true,1.8,900,1.98,1.98,1.8,false,2026-04-06T05:00:50.782Z,2026-04-06T05:00:50.782Z,2026-04-15T05:07:57.354Z,0,
69d33e024ede227dce4c2adc,ZKAV011025,69ce434a2b2deb9f9bbb70e7,5,2027-03-30T18:30:00.000Z,6956346f45da17fad9972122,455.15,6,1,0,pending,,,true,346.78,1733.9,381.46,381.46,288.98,false,2026-04-06T05:00:50.840Z,2026-04-06T05:00:50.842Z,2026-04-11T06:19:00.709Z,0,
69d33e024ede227dce4c2add,F5K0904,69ce431f2b2deb9f9bbb6793,5,2027-10-30T18:30:00.000Z,6956346f45da17fad9972122,99,24,4,24,pending,,,true,75.43,1508.6,82.97,82.97,62.86,false,2026-04-06T05:00:50.899Z,2026-04-06T05:00:50.900Z,2026-04-08T08:37:29.263Z,0,
69d33e024ede227dce4c2ade,E5L1020,69ce43232b2deb9f9bbb686f,5,2028-05-30T18:30:00.000Z,6956346f45da17fad9972122,125.89,24,4,12,pending,,,true,95.91,1918.2,105.5,105.5,79.92,false,2026-04-06T05:00:50.961Z,2026-04-06T05:00:50.961Z,2026-04-15T05:00:26.240Z,0,
69d33e034ede227dce4c2adf,ZDR00126,69ce436e2b2deb9f9bbb786c,5,2027-06-29T18:30:00.000Z,6956346f45da17fad9972122,269.17,12,2,6,pending,,,true,205.08,2050.8,225.59,225.59,170.9,false,2026-04-06T05:00:51.020Z,2026-04-06T05:00:51.021Z,2026-04-15T10:56:08.114Z,0,
69d33e034ede227dce4c2ae0,B5L0805,69ce437e2b2deb9f9bbb7bfa,5,2027-11-29T18:30:00.000Z,6956346f45da17fad9972122,349,12,2,12,pending,,,true,265.9,2659,292.49,292.49,221.58,false,2026-04-06T05:00:51.076Z,2026-04-06T05:00:51.077Z,2026-04-08T08:37:29.523Z,0,
69d33e034ede227dce4c2ae1,ZDV00126,69ce436e2b2deb9f9bbb7872,5,2027-07-30T18:30:00.000Z,6956346f45da17fad9972122,429.7,12,2,12,pending,,,true,327.39,3273.9,360.13,360.13,272.82,false,2026-04-06T05:00:51.132Z,2026-04-06T05:00:51.133Z,2026-04-08T08:37:29.610Z,0,
69d33e034ede227dce4c2ae2,DTS01ABA,68c505d2267e3c8d0ddc2471,5,2026-11-29T18:30:00.000Z,6956346f45da17fad9972122,1290,30,0,30,pending,,,true,435,13050,478.5,478.5,435,false,2026-04-06T05:00:51.189Z,2026-04-06T05:00:51.189Z,2026-04-08T08:37:29.696Z,0,
69d33e034ede227dce4c2ae3,ZKAC021125,69ce434a2b2deb9f9bbb70e1,5,2027-03-30T18:30:00.000Z,6956346f45da17fad9972122,455.15,18,3,0,pending,,,true,346.78,5201.7,381.46,381.46,288.98,false,2026-04-06T05:00:51.248Z,2026-04-06T05:00:51.248Z,2026-04-14T06:57:01.910Z,0,
69d33e034ede227dce4c2ae4,25S2HTA841,69ce433a2b2deb9f9bbb6d80,5,2027-07-30T18:30:00.000Z,6956346f45da17fad9972122,640.31,20,0,20,pending,,,true,160,3200,176,176,160,false,2026-04-06T05:00:51.307Z,2026-04-06T05:00:51.307Z,2026-04-08T08:37:29.867Z,0,
69d33e034ede227dce4c2ae5,B5L0806,69ce43352b2deb9f9bbb6c47,5,2027-11-29T18:30:00.000Z,6956346f45da17fad9972122,39.68,24,4,19,pending,,,true,30.24,604.8,33.26,33.26,25.2,false,2026-04-06T05:00:51.363Z,2026-04-06T05:00:51.363Z,2026-04-11T07:21:12.875Z,0,
69d33e034ede227dce4c2ae6,B5L0841,69ce431c2b2deb9f9bbb6711,5,2027-11-29T18:30:00.000Z,6956346f45da17fad9972122,210,24,4,24,pending,,,true,160,3200,176,176,133.33,false,2026-04-06T05:00:51.419Z,2026-04-06T05:00:51.419Z,2026-04-08T08:37:30.038Z,0,
69d33e034ede227dce4c2ae7,TSMA5025,69ce436e2b2deb9f9bbb7884,5,2027-05-30T18:30:00.000Z,6956346f45da17fad9972122,592.97,36,6,6,pending,,,true,451.79,13553.7,496.97,496.97,376.49,false,2026-04-06T05:00:51.474Z,2026-04-06T05:00:51.474Z,2026-04-11T05:43:10.335Z,0,
69d33e034ede227dce4c2ae8,25S2HTB269,69ce433a2b2deb9f9bbb6d80,5,2027-10-30T18:30:00.000Z,6956346f45da17fad9972122,640.31,30,0,30,pending,,,true,160,4800,176,176,160,false,2026-04-06T05:00:51.533Z,2026-04-06T05:00:51.533Z,2026-04-08T08:37:30.208Z,0,
69d33e034ede227dce4c2ae9,LRG5P5050,68c505d2267e3c8d0ddc29bd,5,2027-11-29T18:30:00.000Z,6956346f45da17fad9972122,56.72,200,0,200,pending,,,true,18,3600,19.8,19.8,18,false,2026-04-06T05:00:51.592Z,2026-04-06T05:00:51.592Z,2026-04-08T08:37:30.293Z,0,
69d33e034ede227dce4c2aea,AWM04ANA,69282c5ca6f059dedd3dd52b,5,2027-09-29T18:30:00.000Z,6956346f45da17fad9972122,477.38,50,0,50,pending,,,true,140,7000,154,154,140,false,2026-04-06T05:00:51.646Z,2026-04-06T05:00:51.646Z,2026-04-08T08:37:30.381Z,0,
69d33e034ede227dce4c2aeb,26S2HTA153,69ce43362b2deb9f9bbb6c95,5,2028-01-30T18:30:00.000Z,6956346f45da17fad9972122,856.88,50,0,50,pending,,,true,350,17500,385,385,350,false,2026-04-06T05:00:51.703Z,2026-04-06T05:00:51.703Z,2026-04-08T08:37:30.466Z,0,
69d33e034ede227dce4c2aec,AWM04AMA,69251a74496994f2855ca430,5,2027-07-30T18:30:00.000Z,6956346f45da17fad9972122,193.8,50,0,50,pending,,,true,50,2500,55,55,50,false,2026-04-06T05:00:51.770Z,2026-04-06T05:00:51.770Z,2026-04-08T08:37:30.553Z,0,
69d33e034ede227dce4c2aed,S16004,69251a74496994f2855ca432,5,2027-12-30T18:30:00.000Z,6956346f45da17fad9972122,246.76,100,0,75,pending,,,true,49.11,4911,54.02,54.02,49.11,false,2026-04-06T05:00:51.828Z,2026-04-06T05:00:51.828Z,2026-04-15T08:06:03.638Z,0,
69d33e034ede227dce4c2aee,PDI25064,68c505d2267e3c8d0ddc2704,5,2027-05-30T18:30:00.000Z,695b464948267bbc512fc842,130.67,205,0,205,pending,,,true,36,7380,39.6,39.6,36,false,2026-04-06T05:00:51.888Z,2026-04-06T05:00:51.888Z,2026-04-08T08:37:30.900Z,0,
69d33e034ede227dce4c2aef,RS24248,68c505d2267e3c8d0ddc2706,5,2027-01-30T18:30:00.000Z,695b464948267bbc512fc842,52.97,5,0,5,pending,,,true,8,40,8.8,8.8,8,false,2026-04-06T05:00:51.944Z,2026-04-06T05:00:51.945Z,2026-04-08T08:37:30.813Z,0,
69d33e044ede227dce4c2af0,AB250146B,69ce43452b2deb9f9bbb6fde,5,2027-03-30T18:30:00.000Z,695b464948267bbc512fc842,320.27,20,0,12,pending,,,true,99,1980,108.9,108.9,99,false,2026-04-06T05:00:52.002Z,2026-04-06T05:00:52.002Z,2026-04-13T06:27:58.113Z,0,
69d33e044ede227dce4c2af1,RS24221,68c505d2267e3c8d0ddc2706,5,2026-12-30T18:30:00.000Z,695b464948267bbc512fc842,52.97,190,0,160,pending,,,true,8,1520,8.8,8.8,8,false,2026-04-06T05:00:52.061Z,2026-04-06T05:00:52.061Z,2026-04-13T06:32:07.451Z,0,
69d33e044ede227dce4c2af2,PDI25122,68c505d2267e3c8d0ddc2d34,5,2027-10-30T18:30:00.000Z,695b464948267bbc512fc842,829.69,30,0,30,pending,,,true,37,1110,40.7,40.7,37,false,2026-04-06T05:00:52.118Z,2026-04-06T05:00:52.118Z,2026-04-08T08:37:31.156Z,0,
69d33e044ede227dce4c2af3,RS25320,68c505d2267e3c8d0ddc2706,5,2027-12-30T18:30:00.000Z,695b464948267bbc512fc842,53.89,400,0,400,pending,,,true,8,3200,8.8,8.8,8,false,2026-04-06T05:00:52.179Z,2026-04-06T05:00:52.179Z,2026-04-08T08:37:31.241Z,0,
69d33e044ede227dce4c2af4,PDI25133,69251a68496994f2855ca22d,5,2027-11-29T18:30:00.000Z,695b464948267bbc512fc842,280.31,115,0,115,pending,,,true,38,4370,41.8,41.8,38,false,2026-04-06T05:00:52.235Z,2026-04-06T05:00:52.235Z,2026-04-08T08:37:31.324Z,0,
69d33e044ede227dce4c2af5,PDI25027,69251a68496994f2855ca22d,5,2027-01-30T18:30:00.000Z,695b464948267bbc512fc842,280.31,385,0,385,pending,,,true,38,14630,41.8,41.8,38,false,2026-04-06T05:00:52.290Z,2026-04-06T05:00:52.290Z,2026-04-08T08:37:31.413Z,0,
69d33e044ede227dce4c2af6,PDI25116,68c505d2267e3c8d0ddc2703,5,2027-09-29T18:30:00.000Z,695b464948267bbc512fc842,66.65,2000,0,1900,pending,,,true,18,36000,19.8,19.8,18,false,2026-04-06T05:00:52.346Z,2026-04-06T05:00:52.346Z,2026-04-15T10:21:19.067Z,0,
69d33e044ede227dce4c2af7,PDI26013,68c505d2267e3c8d0ddc2704,5,2027-12-30T18:30:00.000Z,695b464948267bbc512fc842,130.67,1795,0,1795,pending,,,true,36,64620,39.6,39.6,36,false,2026-04-06T05:00:52.402Z,2026-04-06T05:00:52.402Z,2026-04-08T08:37:31.588Z,0,
69d33e044ede227dce4c2af8,RS25137,68c505d2267e3c8d0ddc2706,5,2027-07-30T18:30:00.000Z,695b464948267bbc512fc842,53.89,4755,0,4205,pending,,,true,8,38040,8.8,8.8,8,false,2026-04-06T05:00:52.459Z,2026-04-06T05:00:52.459Z,2026-04-15T07:04:13.038Z,0,
69d33e044ede227dce4c2af9,BA00143A,69251a74496994f2855ca44a,5,2027-11-29T18:30:00.000Z,695e252a8998f1e02a3dd00b,2103.2,3,0,3,pending,,,true,380,1140,418,418,380,false,2026-04-06T05:00:52.520Z,2026-04-06T05:00:52.520Z,2026-04-08T08:37:31.757Z,0,
69d33e044ede227dce4c2afa,C6505007,69251a7a496994f2855ca553,5,2027-06-29T18:30:00.000Z,695e252a8998f1e02a3dd00b,866.91,50,0,50,pending,,,true,42,2100,46.2,46.2,42,false,2026-04-06T05:00:52.578Z,2026-04-06T05:00:52.578Z,2026-04-08T08:37:31.843Z,0,
69d33e044ede227dce4c2afb,FM-141,698c051b1ee082cae06e73c0,5,2027-06-29T18:30:00.000Z,695e252a8998f1e02a3dd00b,6.8,200,0,100,pending,,,true,3.93,786,4.32,4.32,3.93,false,2026-04-06T05:00:52.639Z,2026-04-06T05:00:52.639Z,2026-04-13T11:55:34.963Z,0,
69d33e044ede227dce4c2afc,FM141,698c051b1ee082cae06e73c0,5,2027-06-29T18:30:00.000Z,695e252a8998f1e02a3dd00b,6.8,400,0,400,pending,,,true,3.93,1572,4.32,4.32,3.93,false,2026-04-06T05:00:52.696Z,2026-04-06T05:00:52.696Z,2026-04-08T08:37:32.016Z,0,
69d33e044ede227dce4c2afd,ACT10-240,69ce431c2b2deb9f9bbb671d,5,2027-09-29T18:30:00.000Z,696370959e79681a67f9ea62,12.81,70,16.15,70,pending,,,true,8.78,472.8,9.66,9.66,6.75,false,2026-04-06T05:00:52.751Z,2026-04-06T05:00:52.751Z,2026-04-08T08:37:32.102Z,0,
69d33e044ede227dce4c2afe,ACT20-183,69ce431c2b2deb9f9bbb6723,5,2027-04-29T18:30:00.000Z,696370959e79681a67f9ea62,25.61,70,16.15,70,pending,,,true,17.56,945.61,19.32,19.32,13.51,false,2026-04-06T05:00:52.807Z,2026-04-06T05:00:52.807Z,2026-04-08T08:37:32.187Z,0,
69d33e044ede227dce4c2aff,GT5A33,68c505d2267e3c8d0ddc2e3f,5,2027-12-30T18:30:00.000Z,6965f6ebb6f2a316d881c7f2,280,200,0,50,pending,,,true,160,32000,176,176,160,false,2026-04-06T05:00:52.863Z,2026-04-06T05:00:52.863Z,2026-04-15T08:06:02.538Z,0,
69d33e044ede227dce4c2b00,G25J010072,69251a64496994f2855ca1b7,5,2030-09-29T18:30:00.000Z,6969c67626351e91a3b80fd9,2258,1,0,1,pending,,,true,460,460,506,506,460,false,2026-04-06T05:00:52.923Z,2026-04-06T05:00:52.923Z,2026-04-08T08:37:32.444Z,0,
69d33e044ede227dce4c2b01,G25L140095,69251a75496994f2855ca484,5,2028-11-29T18:30:00.000Z,6969c67626351e91a3b80fd9,1551,12,0,12,pending,,,true,128.8,1545.6,141.68,141.68,128.8,false,2026-04-06T05:00:52.982Z,2026-04-06T05:00:52.982Z,2026-04-08T08:37:32.529Z,0,
69d33e054ede227dce4c2b02,G25L010666,69251a64496994f2855ca1b5,5,2030-11-29T18:30:00.000Z,6969c67626351e91a3b80fd9,2258,5,0,5,pending,,,true,460,2300,506,506,460,false,2026-04-06T05:00:53.039Z,2026-04-06T05:00:53.039Z,2026-04-08T08:37:32.616Z,0,
69d33e054ede227dce4c2b03,G25K010165,69251a64496994f2855ca1b7,5,2030-10-30T18:30:00.000Z,6969c67626351e91a3b80fd9,2258,7,0,5,pending,,,true,460,3220,506,506,460,false,2026-04-06T05:00:53.095Z,2026-04-06T05:00:53.095Z,2026-04-13T11:55:35.205Z,0,
69d33e054ede227dce4c2b04,546206UJE2,69ce437e2b2deb9f9bbb7c00,5,2030-10-30T18:30:00.000Z,6969c67626351e91a3b80fd9,49.62,50,0,50,pending,,,true,9.5,475,10.45,10.45,9.5,false,2026-04-06T05:00:53.153Z,2026-04-06T05:00:53.153Z,2026-04-08T08:37:32.792Z,0,
69d33e054ede227dce4c2b05,AOF25057,69ce43732b2deb9f9bbb7984,5,2027-04-29T18:30:00.000Z,696df07826351e91a3e78e10,515,30,0,30,pending,,,true,321.08,9632.4,353.19,353.19,321.08,false,2026-04-06T05:00:53.212Z,2026-04-06T05:00:53.212Z,2026-04-08T08:37:32.879Z,0,
69d33e054ede227dce4c2b06,ESK250457,69ce435a2b2deb9f9bbb742e,5,2027-10-30T18:30:00.000Z,69746ef35e174f9cf23e7858,355.05,50,0,50,pending,,,true,219.79,10989.5,241.77,241.77,219.79,false,2026-04-06T05:00:53.273Z,2026-04-06T05:00:53.273Z,2026-04-08T08:37:32.966Z,0,
69d33e054ede227dce4c2b07,30/08/2026,69ce43442b2deb9f9bbb6fac,5,2029-07-30T18:30:00.000Z,698314418151e654b500e6ba,2500,30,0,30,pending,,,true,400,12000,440,440,400,false,2026-04-06T05:00:53.393Z,2026-04-06T05:00:53.393Z,2026-04-08T08:37:33.168Z,0,
69d33e054ede227dce4c2b08,TJC25016,69ce432c2b2deb9f9bbb6a53,5,2027-10-30T18:30:00.000Z,698c21ed715ad80f05cd9b50,756,50,0,48,pending,,,true,626.08,31304,688.69,688.69,626.08,false,2026-04-06T05:00:53.451Z,2026-04-06T05:00:53.451Z,2026-04-15T05:00:25.968Z,0,
69d33e054ede227dce4c2b09,PD25010,69ce43612b2deb9f9bbb75c4,18,2027-08-30T18:30:00.000Z,698c21ed715ad80f05cd9b50,120,5,0,2,pending,,,true,88.43,442.15,97.27,97.27,88.43,false,2026-04-06T05:00:53.510Z,2026-04-06T05:00:53.510Z,2026-04-13T06:32:23.265Z,0,
69d33e054ede227dce4c2b0a,BSG26017,68c505d2267e3c8d0ddc2f70,5,2027-12-30T18:30:00.000Z,698c21ed715ad80f05cd9b50,124.5,24,0,21,pending,,,true,103.11,2474.64,113.42,113.42,103.11,false,2026-04-06T05:00:53.570Z,2026-04-06T05:00:53.570Z,2026-04-09T03:42:23.194Z,0,
69d33e054ede227dce4c2b0b,NT25004,69ce43792b2deb9f9bbb7b09,5,2027-10-30T18:30:00.000Z,698c21ed715ad80f05cd9b50,116.24,10,0,10,pending,,,true,92.25,922.5,101.48,101.48,92.25,false,2026-04-06T05:00:53.628Z,2026-04-06T05:00:53.628Z,2026-04-08T08:37:33.516Z,0,
69d33e054ede227dce4c2b0c,NS25013,69ce437a2b2deb9f9bbb7b0f,5,2027-04-29T18:30:00.000Z,698c21ed715ad80f05cd9b50,124.55,10,0,10,pending,,,true,98.84,988.4,108.72,108.72,98.84,false,2026-04-06T05:00:53.685Z,2026-04-06T05:00:53.685Z,2026-04-08T08:37:33.602Z,0,
69d33e054ede227dce4c2b0d,TMCM25004,69ce432c2b2deb9f9bbb6a65,5,2027-03-30T18:30:00.000Z,698c21ed715ad80f05cd9b50,240,10,0,0,pending,,,true,190.47,1904.7,209.52,209.52,190.47,false,2026-04-06T05:00:53.741Z,2026-04-06T05:00:53.741Z,2026-04-13T06:46:15.876Z,0,
69d33e054ede227dce4c2b0e,BSM25593,68c505d2267e3c8d0ddc2f72,5,2027-11-29T18:30:00.000Z,698c21ed715ad80f05cd9b50,124.5,24,0,20,pending,,,true,103.11,2474.64,113.42,113.42,103.11,false,2026-04-06T05:00:53.801Z,2026-04-06T05:00:53.801Z,2026-04-11T11:16:18.663Z,0,
69d33e054ede227dce4c2b0f,BGE250473,68c505d2267e3c8d0ddc2f74,5,2027-11-29T18:30:00.000Z,698c21ed715ad80f05cd9b50,200,24,0,24,pending,,,true,165.63,3975.12,182.19,182.19,165.63,false,2026-04-06T05:00:53.857Z,2026-04-06T05:00:53.857Z,2026-04-08T08:37:33.861Z,0,
69d33e054ede227dce4c2b10,25EA320140,69ce436f2b2deb9f9bbb78ae,5,2028-11-29T18:30:00.000Z,698c21ed715ad80f05cd9b50,310,24,0,23,pending,,,true,227.11,5450.64,249.82,249.82,227.11,false,2026-04-06T05:00:53.913Z,2026-04-06T05:00:53.913Z,2026-04-11T11:16:26.637Z,0,
69d33e054ede227dce4c2b11,H25295,68c505d2267e3c8d0ddc2408,5,2027-11-29T18:30:00.000Z,698c21ed715ad80f05cd9b50,45,24,0,22,pending,,,true,37.27,894.48,41,41,37.27,false,2026-04-06T05:00:53.970Z,2026-04-06T05:00:53.971Z,2026-04-11T11:16:23.987Z,0,
69d33e064ede227dce4c2b12,BGR250272,69ce436f2b2deb9f9bbb78b4,5,2027-09-29T18:30:00.000Z,698c21ed715ad80f05cd9b50,187,24,0,22,pending,,,true,154.87,3716.88,170.36,170.36,154.87,false,2026-04-06T05:00:54.029Z,2026-04-06T05:00:54.029Z,2026-04-11T11:16:21.342Z,0,
69d33e064ede227dce4c2b13,BSG25356,68c505d2267e3c8d0ddc2f6f,5,2027-11-29T18:30:00.000Z,698c21ed715ad80f05cd9b50,224,24,0,24,pending,,,true,185.51,4452.24,204.06,204.06,185.51,false,2026-04-06T05:00:54.095Z,2026-04-06T05:00:54.095Z,2026-04-08T08:37:34.206Z,0,
69d33e064ede227dce4c2b14,H25285,68c505d2267e3c8d0ddc2407,5,2027-11-29T18:30:00.000Z,698c21ed715ad80f05cd9b50,178,24,0,24,pending,,,true,147.41,3537.84,162.15,162.15,147.41,false,2026-04-06T05:00:54.163Z,2026-04-06T05:00:54.163Z,2026-04-08T08:37:34.292Z,0,
69d33e064ede227dce4c2b15,BGM250841,68c505d2267e3c8d0ddc2f71,5,2027-11-29T18:30:00.000Z,698c21ed715ad80f05cd9b50,224,24,0,24,pending,,,true,185.51,4452.24,204.06,204.06,185.51,false,2026-04-06T05:00:54.220Z,2026-04-06T05:00:54.221Z,2026-04-08T08:37:34.378Z,0,
69d33e064ede227dce4c2b16,TCT25129,69ce432c2b2deb9f9bbb6a5c,5,2027-09-29T18:30:00.000Z,698c21ed715ad80f05cd9b50,231,20,0,20,pending,,,true,183.33,3666.6,201.66,201.66,183.33,false,2026-04-06T05:00:54.279Z,2026-04-06T05:00:54.279Z,2026-04-08T08:37:34.464Z,0,
69d33e064ede227dce4c2b17,BGR250283,68c505d2267e3c8d0ddc2f73,5,2027-10-30T18:30:00.000Z,698c21ed715ad80f05cd9b50,107,24,0,24,pending,,,true,88.61,2126.64,97.47,97.47,88.61,false,2026-04-06T05:00:54.336Z,2026-04-06T05:00:54.336Z,2026-04-08T08:37:34.549Z,0,
69d33e064ede227dce4c2b18,BGE250460,68c505d2267e3c8d0ddc2f74,5,2027-11-29T18:30:00.000Z,698c21ed715ad80f05cd9b50,240,24,0,24,pending,,,true,198.76,4770.24,218.64,218.64,198.76,false,2026-04-06T05:00:54.395Z,2026-04-06T05:00:54.395Z,2026-04-08T08:37:34.636Z,0,
69d33e064ede227dce4c2b19,M250905,69ce43392b2deb9f9bbb6d3e,5,2027-11-29T18:30:00.000Z,698c21ed715ad80f05cd9b50,60,144,0,144,pending,,,true,47.62,6857.28,52.38,52.38,47.62,false,2026-04-06T05:00:54.456Z,2026-04-06T05:00:54.456Z,2026-04-08T08:37:34.727Z,0,
69d376e6c58facb8f817ae0d,C3FUO007,69ce433e2b2deb9f9bbb6e55,5,2027-03-30T18:30:00.000Z,69d34f4f6a90bf8f8480abfa,5.9,20,0,20,pending,,,true,2.75,55,3.03,3.03,2.75,false,2026-04-06T09:03:34.939Z,2026-04-06T09:03:34.941Z,2026-04-08T08:50:18.753Z,0,
69d376e7c58facb8f817ae0e,15CO30126,69251a78496994f2855ca500,5,2030-12-30T18:30:00.000Z,69d34f4f6a90bf8f8480ac22,7.67,500,0,500,pending,,,true,2.67,1335,2.94,2.94,2.67,false,2026-04-06T09:03:35.002Z,2026-04-06T09:03:35.004Z,2026-04-08T08:50:18.862Z,0,
69d376e7c58facb8f817ae0f,23CO20326,69ce43752b2deb9f9bbb7a0f,5,2031-02-27T18:30:00.000Z,69d34f4f6a90bf8f8480ac22,7.67,500,0,500,pending,,,true,2.67,1335,2.94,2.94,2.67,false,2026-04-06T09:03:35.066Z,2026-04-06T09:03:35.067Z,2026-04-08T08:50:18.942Z,0,
69d376e7c58facb8f817ae10,221125,69251a78496994f2855ca502,5,2030-10-30T18:30:00.000Z,69d34f4f6a90bf8f8480ac22,7.67,500,0,500,pending,,,true,2.67,1335,2.94,2.94,2.67,false,2026-04-06T09:03:35.127Z,2026-04-06T09:03:35.128Z,2026-04-08T08:50:19.027Z,0,
69d376e7c58facb8f817ae11,AUZ46001,69ce43632b2deb9f9bbb764b,5,2027-12-30T18:30:00.000Z,69d34f4f6a90bf8f8480ac30,10.39,50,0,0,pending,,,true,4.4,220,4.84,4.84,4.4,false,2026-04-06T09:03:35.194Z,2026-04-06T09:03:35.195Z,2026-04-13T11:55:35.060Z,0,
69d376e7c58facb8f817ae12,25AE004,69ce433e2b2deb9f9bbb6e5b,5,2027-04-29T18:30:00.000Z,69d34f4f6a90bf8f8480abfa,10.58,40,0,0,pending,,,true,6,240,6.6,6.6,6,false,2026-04-06T09:03:35.256Z,2026-04-06T09:03:35.256Z,2026-04-09T05:31:59.058Z,0,
69d376e7c58facb8f817ae13,NPB00319,69ce43612b2deb9f9bbb75bb,5,2027-08-30T18:30:00.000Z,69d34f4f6a90bf8f8480ac30,11.58,200,0,100,pending,,,true,4.25,850,4.68,4.68,4.25,false,2026-04-06T09:03:35.318Z,2026-04-06T09:03:35.318Z,2026-04-14T10:44:46.500Z,0,
69d376e7c58facb8f817ae14,AND45005,69ce43632b2deb9f9bbb7654,5,2027-09-29T18:30:00.000Z,69d34f4f6a90bf8f8480ac30,11.84,100,0,100,pending,,,true,6,600,6.6,6.6,6,false,2026-04-06T09:03:35.376Z,2026-04-06T09:03:35.376Z,2026-04-08T08:50:19.366Z,0,
69d376e7c58facb8f817ae15,AB00911,68c505d2267e3c8d0ddc2c5f,5,2028-01-30T18:30:00.000Z,69d34f4f6a90bf8f8480abfd,11.95,24,0,24,pending,,,true,9.11,218.64,10.02,10.02,9.11,false,2026-04-06T09:03:35.440Z,2026-04-06T09:03:35.441Z,2026-04-08T08:50:19.449Z,0,
69d376e7c58facb8f817ae16,26AA008A,69ce435e2b2deb9f9bbb751b,5,2027-12-30T18:30:00.000Z,69d34f4f6a90bf8f8480abfa,12.4,90,0,90,pending,,,true,3,270,3.3,3.3,3,false,2026-04-06T09:03:35.508Z,2026-04-06T09:03:35.509Z,2026-04-08T08:50:19.532Z,0,
69d376e7c58facb8f817ae17,API44004,69ce435e2b2deb9f9bbb7531,5,2026-11-29T18:30:00.000Z,69d34f4f6a90bf8f8480ac30,12.51,500,0,250,pending,,,true,4.08,2040,4.49,4.49,4.08,false,2026-04-06T09:03:35.572Z,2026-04-06T09:03:35.573Z,2026-04-13T11:55:34.844Z,0,
69d376e7c58facb8f817ae18,COW45001,69ce431d2b2deb9f9bbb673c,5,2027-04-29T18:30:00.000Z,69d34f4f6a90bf8f8480ac30,13,100,0,100,pending,,,true,5,500,5.5,5.5,5,false,2026-04-06T09:03:35.637Z,2026-04-06T09:03:35.638Z,2026-04-08T08:50:19.693Z,0,
69d376e7c58facb8f817ae19,COV45001,69ce43632b2deb9f9bbb7644,5,2027-10-30T18:30:00.000Z,69d34f4f6a90bf8f8480ac30,15,50,0,50,pending,,,true,6.5,325,7.15,7.15,6.5,false,2026-04-06T09:03:35.702Z,2026-04-06T09:03:35.703Z,2026-04-08T08:50:19.778Z,0,
69d376e7c58facb8f817ae1a,C3GUI001,69ce43432b2deb9f9bbb6f77,5,2026-12-30T18:30:00.000Z,69d34f4f6a90bf8f8480abfa,27.19,50,0,0,pending,,,true,6,300,6.6,6.6,6,false,2026-04-06T09:03:35.769Z,2026-04-06T09:03:35.770Z,2026-04-09T05:32:01.120Z,0,
69d376e7c58facb8f817ae1b,AA01589,68c505d2267e3c8d0ddc2e1a,12,2026-04-29T18:30:00.000Z,69d34f4f6a90bf8f8480abfd,28.55,60,0,60,pending,,,true,21.41,0,23.55,23.55,0,false,2026-04-06T09:03:35.832Z,2026-04-06T09:03:35.832Z,2026-04-08T08:50:19.941Z,0,
69d376e7c58facb8f817ae1c,YAHC3044,68c505d2267e3c8d0ddc2ad5,12,2026-04-29T18:30:00.000Z,692825e5a6f059dedd3d9079,31.4,10,0,10,pending,,,true,24.48,0,26.93,26.93,0,false,2026-04-06T09:03:35.895Z,2026-04-06T09:03:35.896Z,2026-04-08T08:50:20.022Z,0,
69d376e7c58facb8f817ae1d,ZV17M023,68c505d2267e3c8d0ddc2765,12,2026-05-30T18:30:00.000Z,692429a031185c93746d91ef,31.74,25,0,25,pending,,,true,15.11,0,16.62,16.62,0,false,2026-04-06T09:03:35.959Z,2026-04-06T09:03:35.960Z,2026-04-08T08:50:20.102Z,0,
69d376e8c58facb8f817ae1e,NPC00013,69ce43332b2deb9f9bbb6bd4,5,2027-12-30T18:30:00.000Z,69d34f4f6a90bf8f8480ac30,32.9,1000,0,1000,pending,,,true,3.6,3600,3.96,3.96,3.6,false,2026-04-06T09:03:36.021Z,2026-04-06T09:03:36.021Z,2026-04-08T08:50:20.186Z,0,
69d376e8c58facb8f817ae1f,9076625M,69537aa6138ecddc7f48fd82,5,2027-10-30T18:30:00.000Z,69d34f4f6a90bf8f8480ac0d,34,12000,0,11300,pending,,,true,2.6,31200,2.86,2.86,2.6,false,2026-04-06T09:03:36.083Z,2026-04-06T09:03:36.083Z,2026-04-15T07:04:11.649Z,0,
69d376e8c58facb8f817ae20,XP020,69ce43822b2deb9f9bbb7cea,5,2027-12-30T18:30:00.000Z,69d34f4f6a90bf8f8480ac30,34.6,400,0,400,pending,,,true,19,7600,20.9,20.9,19,false,2026-04-06T09:03:36.145Z,2026-04-06T09:03:36.145Z,2026-04-08T08:50:20.356Z,0,
69d376e8c58facb8f817ae21,D24AN035B,69ce43422b2deb9f9bbb6f3d,5,2026-09-29T18:30:00.000Z,69d34f4f6a90bf8f8480abfa,40.7,9,0,9,pending,,,true,15,135,16.5,16.5,15,false,2026-04-06T09:03:36.208Z,2026-04-06T09:03:36.209Z,2026-04-08T08:50:20.437Z,0,
69d376e8c58facb8f817ae22,GFZN-04,69ce43422b2deb9f9bbb6f3d,5,2027-05-30T18:30:00.000Z,69d34f4f6a90bf8f8480abfa,40.7,191,0,191,pending,,,true,15,2865,16.5,16.5,15,false,2026-04-06T09:03:36.273Z,2026-04-06T09:03:36.273Z,2026-04-08T08:50:20.519Z,0,
69d376e8c58facb8f817ae23,HA250069C,69ce431f2b2deb9f9bbb67b2,5,2027-03-30T18:30:00.000Z,69d34f4f6a90bf8f8480abfa,41.41,50,0,50,pending,,,true,16,800,17.6,17.6,16,false,2026-04-06T09:03:36.335Z,2026-04-06T09:03:36.335Z,2026-04-08T08:50:20.599Z,0,
69d376e8c58facb8f817ae24,ZGT23272,68c505d2267e3c8d0ddc2d85,12,2026-11-29T18:30:00.000Z,692429a031185c93746d91ef,44,10,0,10,pending,,,true,28.29,0,31.12,31.12,0,false,2026-04-06T09:03:36.396Z,2026-04-06T09:03:36.396Z,2026-04-08T08:50:20.679Z,0,
69d376e8c58facb8f817ae25,AQR45005,69ce43632b2deb9f9bbb763b,5,2027-11-29T18:30:00.000Z,69d34f4f6a90bf8f8480ac30,47.84,100,0,100,pending,,,true,16.5,1650,18.15,18.15,16.5,false,2026-04-06T09:03:36.459Z,2026-04-06T09:03:36.459Z,2026-04-08T08:50:20.929Z,0,
69d376e8c58facb8f817ae26,AQR45004,69ce43632b2deb9f9bbb763b,5,2027-07-30T18:30:00.000Z,69d34f4f6a90bf8f8480ac30,47.84,200,0,200,pending,,,true,16.5,3300,18.15,18.15,16.5,false,2026-04-06T09:03:36.525Z,2026-04-06T09:03:36.525Z,2026-04-08T08:50:20.847Z,0,
69d376e8c58facb8f817ae27,AB02119,68c505d2267e3c8d0ddc2c61,5,2028-04-29T18:30:00.000Z,69d34f4f6a90bf8f8480abfd,52.95,30,0,30,pending,,,true,40.34,1210.2,44.37,44.37,40.34,false,2026-04-06T09:03:36.592Z,2026-04-06T09:03:36.592Z,2026-04-08T08:50:21.012Z,0,
69d376e8c58facb8f817ae28,CHE45002,69ce43822b2deb9f9bbb7cf3,5,2027-04-29T18:30:00.000Z,69d34f4f6a90bf8f8480ac30,54.37,30,0,20,pending,,,true,30,900,33,33,30,false,2026-04-06T09:03:36.653Z,2026-04-06T09:03:36.653Z,2026-04-14T05:03:53.234Z,0,
69d376e8c58facb8f817ae29,HA250153B,69ce435a2b2deb9f9bbb7434,5,2027-08-30T18:30:00.000Z,69d34f4f6a90bf8f8480abfa,73.22,100,0,50,pending,,,true,15,1500,16.5,16.5,15,false,2026-04-06T09:03:36.712Z,2026-04-06T09:03:36.712Z,2026-04-09T05:31:52.775Z,0,
69d376e8c58facb8f817ae2a,ANO45003,69ce43452b2deb9f9bbb6fba,5,2027-06-29T18:30:00.000Z,69d34f4f6a90bf8f8480ac30,73.23,25,0,25,pending,,,true,14,350,15.4,15.4,14,false,2026-04-06T09:03:36.773Z,2026-04-06T09:03:36.773Z,2026-04-08T08:50:21.261Z,0,
69d376e8c58facb8f817ae2b,SIG0903A,68c505d2267e3c8d0ddc2c33,12,2028-03-30T18:30:00.000Z,69d34f4f6a90bf8f8480abfd,78,1,0,1,pending,,,true,55.71,55.71,61.28,61.28,55.71,false,2026-04-06T09:03:36.837Z,2026-04-06T09:03:36.838Z,2026-04-08T08:50:21.345Z,0,
69d376e8c58facb8f817ae2c,SIG0608A,68c505d2267e3c8d0ddc2c33,12,2028-02-28T18:30:00.000Z,69d34f4f6a90bf8f8480abfd,78,49,0,49,pending,,,true,55.71,2729.79,61.28,61.28,55.71,false,2026-04-06T09:03:36.900Z,2026-04-06T09:03:36.900Z,2026-04-08T08:50:21.428Z,0,
69d376e8c58facb8f817ae2d,SIG0978A,68c505d2267e3c8d0ddc2c33,12,2028-03-30T18:30:00.000Z,69d34f4f6a90bf8f8480abfd,78,30,0,30,pending,,,true,55.71,1671.3,61.28,61.28,55.71,false,2026-04-06T09:03:36.965Z,2026-04-06T09:03:36.965Z,2026-04-08T08:50:21.509Z,0,
69d376e9c58facb8f817ae2e,2514431G,69ce43662b2deb9f9bbb76bf,5,2030-06-29T18:30:00.000Z,69d34f4f6a90bf8f8480ac0d,81,100,0,100,pending,,,true,6.37,637,7.01,7.01,6.37,false,2026-04-06T09:03:37.027Z,2026-04-06T09:03:37.027Z,2026-04-08T08:50:21.675Z,0,
69d376e9c58facb8f817ae2f,2514975H,69ce43652b2deb9f9bbb76bb,5,2030-07-30T18:30:00.000Z,69d34f4f6a90bf8f8480ac0d,81.56,100,0,100,pending,,,true,6.37,637,7.01,7.01,6.37,false,2026-04-06T09:03:37.090Z,2026-04-06T09:03:37.090Z,2026-04-08T08:50:21.758Z,0,
69d376e9c58facb8f817ae30,2514514H,69ce43662b2deb9f9bbb76c3,5,2030-07-30T18:30:00.000Z,69d34f4f6a90bf8f8480ac0d,81.56,100,0,100,pending,,,true,6.37,637,7.01,7.01,6.37,false,2026-04-06T09:03:37.152Z,2026-04-06T09:03:37.152Z,2026-04-08T08:50:21.843Z,0,
69d376e9c58facb8f817ae31,2516193L,69ce43652b2deb9f9bbb76b7,5,2030-09-29T18:30:00.000Z,69d34f4f6a90bf8f8480ac0d,89,100,0,100,pending,,,true,6.37,637,7.01,7.01,6.37,false,2026-04-06T09:03:37.216Z,2026-04-06T09:03:37.216Z,2026-04-08T08:50:21.929Z,0,
69d376e9c58facb8f817ae32,DPM242276,69ce43212b2deb9f9bbb6822,12,2026-05-30T18:30:00.000Z,692429a031185c93746d91ef,89.06,20,0,20,pending,,,true,67.86,1357.2,74.65,74.65,67.86,false,2026-04-06T09:03:37.281Z,2026-04-06T09:03:37.282Z,2026-04-08T08:50:22.098Z,0,
69d376e9c58facb8f817ae33,AQJ44001,69ce43812b2deb9f9bbb7caf,5,2026-10-30T18:30:00.000Z,69d34f4f6a90bf8f8480ac30,92.81,10,0,10,pending,,,true,30,300,33,33,30,false,2026-04-06T09:03:37.346Z,2026-04-06T09:03:37.346Z,2026-04-08T08:50:22.182Z,0,
69d376e9c58facb8f817ae34,K1684014,68c505d2267e3c8d0ddc2540,12,2025-11-29T18:30:00.000Z,692825e5a6f059dedd3d9079,96.3,20,0,20,pending,,,true,68.79,1375.8,75.67,75.67,68.79,false,2026-04-06T09:03:37.413Z,2026-04-06T09:03:37.414Z,2026-04-08T08:50:22.266Z,0,
69d376e9c58facb8f817ae35,GB255702,69ce43422b2deb9f9bbb6f34,5,2028-10-30T18:30:00.000Z,69d34f4f6a90bf8f8480abfa,98.24,20,0,20,pending,,,true,28,560,30.8,30.8,28,false,2026-04-06T09:03:37.476Z,2026-04-06T09:03:37.477Z,2026-04-08T08:50:22.352Z,0,
69d376e9c58facb8f817ae36,ZAEB2444,69251a7a496994f2855ca55f,12,2026-06-29T18:30:00.000Z,692429a031185c93746d91ef,103.12,60,0,60,pending,,,true,60,0,66,66,0,false,2026-04-06T09:03:37.577Z,2026-04-06T09:03:37.577Z,2026-04-08T08:50:22.542Z,0,
69d376e9c58facb8f817ae37,05250022A,68c505d2267e3c8d0ddc2b3c,12,2026-06-29T18:30:00.000Z,692429a031185c93746d91ef,106,10,0,10,pending,,,true,70.66,706.6,77.73,77.73,70.66,false,2026-04-06T09:03:37.640Z,2026-04-06T09:03:37.641Z,2026-04-08T08:50:22.716Z,0,
69d376e9c58facb8f817ae38,ZACD2317,690485ca31811f2ae2d23cdc,12,2025-10-30T18:30:00.000Z,692429a031185c93746d91ef,108,20,0,20,pending,,,true,56.57,0,62.23,62.23,0,false,2026-04-06T09:03:37.704Z,2026-04-06T09:03:37.704Z,2026-04-08T08:50:22.799Z,0,
69d376e9c58facb8f817ae39,A25049BG,6904a998759f4027f58086c9,12,2027-06-29T18:30:00.000Z,69d34f4f6a90bf8f8480abfd,109.75,50,0,30,pending,,,true,78.39,3919.5,86.23,86.23,78.39,false,2026-04-06T09:03:37.771Z,2026-04-06T09:03:37.772Z,2026-04-13T11:55:35.029Z,0,
69d376e9c58facb8f817ae3a,C3AGA001,69ce431d2b2deb9f9bbb674c,5,2026-12-30T18:30:00.000Z,69d34f4f6a90bf8f8480abfa,110.63,50,0,20,pending,,,true,36,1800,39.6,39.6,36,false,2026-04-06T09:03:37.836Z,2026-04-06T09:03:37.836Z,2026-04-09T05:31:54.867Z,0,
69d376e9c58facb8f817ae3b,N1950002,69ce43582b2deb9f9bbb73c6,5,2027-03-30T18:30:00.000Z,69d34f4f6a90bf8f8480abd5,111.89,22,2,22,pending,,,true,66.96,1339.2,73.66,73.66,60.87,false,2026-04-06T09:03:37.899Z,2026-04-06T09:03:37.899Z,2026-04-08T08:50:23.052Z,0,
69d376e9c58facb8f817ae3c,HA250049B,69ce431f2b2deb9f9bbb67bb,5,2027-02-27T18:30:00.000Z,69d34f4f6a90bf8f8480abfa,113.73,64,0,44,pending,,,true,19.5,1248,21.45,21.45,19.5,false,2026-04-06T09:03:37.969Z,2026-04-06T09:03:37.969Z,2026-04-13T06:32:12.684Z,0,
69d376eac58facb8f817ae3d,HA250022,69ce431f2b2deb9f9bbb67bb,5,2027-01-30T18:30:00.000Z,69d34f4f6a90bf8f8480abfa,115.71,36,0,36,pending,,,true,19.5,702,21.45,21.45,19.5,false,2026-04-06T09:03:38.033Z,2026-04-06T09:03:38.034Z,2026-04-08T08:50:23.220Z,0,
69d376eac58facb8f817ae3e,GFTM-02,69ce43442b2deb9f9bbb6f8e,5,2027-02-27T18:30:00.000Z,69d34f4f6a90bf8f8480abfa,120.81,82,0,32,pending,,,true,25,2050,27.5,27.5,25,false,2026-04-06T09:03:38.092Z,2026-04-06T09:03:38.092Z,2026-04-09T05:31:56.962Z,0,
69d376eac58facb8f817ae3f,GFTM-06,69ce43442b2deb9f9bbb6f8e,5,2027-07-30T18:30:00.000Z,69d34f4f6a90bf8f8480abfa,122.91,18,0,18,pending,,,true,25,450,27.5,27.5,25,false,2026-04-06T09:03:38.150Z,2026-04-06T09:03:38.151Z,2026-04-08T08:50:23.468Z,0,
69d376eac58facb8f817ae40,HA250182A,69ce43732b2deb9f9bbb797c,5,2027-09-29T18:30:00.000Z,69d34f4f6a90bf8f8480abfa,124.3,31,0,16,pending,,,true,55,1705,60.5,60.5,55,false,2026-04-06T09:03:38.211Z,2026-04-06T09:03:38.212Z,2026-04-10T10:27:22.288Z,0,
69d376eac58facb8f817ae41,C3GUC002,69ce43422b2deb9f9bbb6f25,5,2027-07-30T18:30:00.000Z,69d34f4f6a90bf8f8480abfa,129.21,50,0,50,pending,,,true,35,1750,38.5,38.5,35,false,2026-04-06T09:03:38.275Z,2026-04-06T09:03:38.275Z,2026-04-08T08:50:23.718Z,0,
69d376eac58facb8f817ae42,GS4E03,69ce43312b2deb9f9bbb6b67,12,2026-04-29T18:30:00.000Z,69364dc8bcf19acba521152e,130.31,100,0,100,pending,,,true,74,7400,81.4,81.4,74,false,2026-04-06T09:03:38.330Z,2026-04-06T09:03:38.331Z,2026-04-08T08:50:23.802Z,0,
69d376eac58facb8f817ae43,C3DIR002,69ce43342b2deb9f9bbb6c0c,5,2027-04-29T18:30:00.000Z,69d34f4f6a90bf8f8480abfa,143.44,50,0,50,pending,,,true,18,900,19.8,19.8,18,false,2026-04-06T09:03:38.390Z,2026-04-06T09:03:38.390Z,2026-04-08T08:50:23.890Z,0,
69d376eac58facb8f817ae44,SH24100949B,69ce43562b2deb9f9bbb7364,12,2026-09-29T18:30:00.000Z,6923ca25385a8494efbb180a,145,60,10,60,pending,,,true,118.92,5946,130.81,130.81,99.1,false,2026-04-06T09:03:38.451Z,2026-04-06T09:03:38.451Z,2026-04-08T08:50:23.974Z,0,
69d376eac58facb8f817ae45,DPC2526015,69ce43442b2deb9f9bbb6f7e,5,2028-01-30T18:30:00.000Z,69d34f4f6a90bf8f8480abfa,150.23,50,0,50,pending,,,true,32,1600,35.2,35.2,32,false,2026-04-06T09:03:38.509Z,2026-04-06T09:03:38.510Z,2026-04-08T08:50:24.054Z,0,
69d376eac58facb8f817ae46,DN124476,69ce434b2b2deb9f9bbb7134,18,2026-05-30T18:30:00.000Z,6936866cbcf19acba530e2eb,160,48,8,48,pending,,,true,108.47,4338.8,119.32,119.32,90.39,false,2026-04-06T09:03:38.574Z,2026-04-06T09:03:38.575Z,2026-04-08T08:50:24.139Z,0,
69d376eac58facb8f817ae47,SIF1518A,69ce434b2b2deb9f9bbb710b,12,2026-05-30T18:30:00.000Z,692429a031185c93746d91ef,161.84,30,0,30,pending,,,true,121.2,0,133.32,133.32,0,false,2026-04-06T09:03:38.646Z,2026-04-06T09:03:38.646Z,2026-04-08T08:50:24.309Z,0,
69d376eac58facb8f817ae48,BT-0494,69ce433d2b2deb9f9bbb6df4,12,2026-06-29T18:30:00.000Z,6923ca39385a8494efbb1f02,164.06,200,0,200,pending,,,true,96.28,0,105.91,105.91,0,false,2026-04-06T09:03:38.711Z,2026-04-06T09:03:38.712Z,2026-04-08T08:50:24.478Z,0,
69d376eac58facb8f817ae49,TMC-081,68c505d2267e3c8d0ddc2d2e,12,2026-08-30T18:30:00.000Z,692eb408c9be211d89b4fcdc,167.59,3,0.25,3,pending,,,true,119.71,329.2,131.68,131.68,109.73,false,2026-04-06T09:03:38.777Z,2026-04-06T09:03:38.777Z,2026-04-08T08:50:24.562Z,0,
69d376eac58facb8f817ae4a,202400581,69ce433b2b2deb9f9bbb6dae,12,2026-03-30T18:30:00.000Z,69d36eabf0aa111ac5141449,180,56,0,56,pending,,,true,123.75,0,136.13,136.13,0,false,2026-04-06T09:03:38.845Z,2026-04-06T09:03:38.846Z,2026-04-08T08:50:24.639Z,0,
69d376eac58facb8f817ae4b,4BA1488,68c505d2267e3c8d0ddc2a01,12,2026-06-29T18:30:00.000Z,692429a031185c93746d91ef,180.18,5,0,5,pending,,,true,137.28,686.4,151.01,151.01,137.28,false,2026-04-06T09:03:38.910Z,2026-04-06T09:03:38.911Z,2026-04-08T08:50:24.722Z,0,
69d376eac58facb8f817ae4c,TRZ24002,68c505d2267e3c8d0ddc24bb,12,2026-08-30T18:30:00.000Z,6923ca25385a8494efbb1803,189,300,0,300,pending,,,true,103.28,30984,113.61,113.61,103.28,false,2026-04-06T09:03:38.973Z,2026-04-06T09:03:38.974Z,2026-04-08T08:50:24.977Z,0,
69d376ebc58facb8f817ae4d,BA-230725,69ce43702b2deb9f9bbb78e6,12,2026-06-29T18:30:00.000Z,6923ca3c385a8494efbb2028,190,105,0,105,pending,,,true,169.64,0,186.6,186.6,0,false,2026-04-06T09:03:39.035Z,2026-04-06T09:03:39.036Z,2026-04-08T08:50:25.063Z,0,
69d376ebc58facb8f817ae4e,4009926A,69ce43662b2deb9f9bbb76cb,5,2030-12-30T18:30:00.000Z,69d34f4f6a90bf8f8480ac0d,190,2000,0,2000,pending,,,true,4.5,9000,4.95,4.95,4.5,false,2026-04-06T09:03:39.094Z,2026-04-06T09:03:39.094Z,2026-04-08T08:50:25.152Z,0,
69d376ebc58facb8f817ae4f,AA250016A,69ce43422b2deb9f9bbb6f1e,5,2026-12-30T18:30:00.000Z,69d34f4f6a90bf8f8480abfa,193.88,50,0,50,pending,,,true,33,1650,36.3,36.3,33,false,2026-04-06T09:03:39.162Z,2026-04-06T09:03:39.162Z,2026-04-08T08:50:25.231Z,0,
69d376ebc58facb8f817ae50,SIF2198A,69ce437a2b2deb9f9bbb7b35,5,2026-09-29T18:30:00.000Z,692429a031185c93746d91ef,194.67,10,0,10,pending,,,true,148.32,1483.2,163.15,163.15,148.32,false,2026-04-06T09:03:39.230Z,2026-04-06T09:03:39.230Z,2026-04-08T08:50:25.317Z,0,
69d376ebc58facb8f817ae51,EMV241117,68c505d2267e3c8d0ddc2da2,12,2026-05-30T18:30:00.000Z,692429a031185c93746d91ef,199.65,50,0,50,pending,,,true,152.11,0,167.32,167.32,0,false,2026-04-06T09:03:39.286Z,2026-04-06T09:03:39.286Z,2026-04-08T08:50:25.484Z,0,
69d376ebc58facb8f817ae52,5002025N,69ce431b2b2deb9f9bbb66e4,5,2030-11-29T18:30:00.000Z,69d34f4f6a90bf8f8480ac0d,208,500,0,500,pending,,,true,4.5,2250,4.95,4.95,4.5,false,2026-04-06T09:03:39.341Z,2026-04-06T09:03:39.341Z,2026-04-08T08:50:25.572Z,0,
69d376ebc58facb8f817ae53,4217325N,69ce43662b2deb9f9bbb76cf,5,2030-11-29T18:30:00.000Z,69d34f4f6a90bf8f8480ac0d,208,2000,0,2000,pending,,,true,4.5,9000,4.95,4.95,4.5,false,2026-04-06T09:03:39.397Z,2026-04-06T09:03:39.398Z,2026-04-08T08:50:25.656Z,0,
69d376ebc58facb8f817ae54,PLKNIA03,68c505d2267e3c8d0ddc2bcd,12,2026-06-29T18:30:00.000Z,6936866cbcf19acba530e2eb,209,60,10,60,pending,,,true,149.29,7464.5,164.22,164.22,124.41,false,2026-04-06T09:03:39.460Z,2026-04-06T09:03:39.461Z,2026-04-08T08:50:25.824Z,0,
69d376ebc58facb8f817ae55,C3GUL002,69ce43432b2deb9f9bbb6f50,5,2027-07-30T18:30:00.000Z,69d34f4f6a90bf8f8480abfa,213.57,50,0,50,pending,,,true,35,1750,38.5,38.5,35,false,2026-04-06T09:03:39.523Z,2026-04-06T09:03:39.523Z,2026-04-08T08:50:25.907Z,0,
69d376ebc58facb8f817ae56,L1RA01,69ce436e2b2deb9f9bbb787b,12,2026-01-30T18:30:00.000Z,6923ca3a385a8494efbb1f95,214.13,200,0,200,pending,,,true,23.5,0,25.85,25.85,0,false,2026-04-06T09:03:39.581Z,2026-04-06T09:03:39.581Z,2026-04-08T08:50:25.990Z,0,
69d376ebc58facb8f817ae57,4SA1906,68c505d2267e3c8d0ddc2a02,12,2026-06-29T18:30:00.000Z,692429a031185c93746d91ef,218.93,5,0,5,pending,,,true,166.8,834,183.48,183.48,166.8,false,2026-04-06T09:03:39.640Z,2026-04-06T09:03:39.640Z,2026-04-08T08:50:26.071Z,0,
69d376ebc58facb8f817ae58,TASLS31006,69251a6b496994f2855ca2b5,12,2026-05-30T18:30:00.000Z,6923ca24385a8494efbb17c4,221,150,50,150,pending,,,true,168.57,0,185.43,185.43,0,false,2026-04-06T09:03:39.698Z,2026-04-06T09:03:39.698Z,2026-04-08T08:50:26.243Z,0,
69d376ebc58facb8f817ae59,GTF1559A,68c505d2267e3c8d0ddc2d9f,12,2026-04-29T18:30:00.000Z,692429a031185c93746d91ef,224,30,0,30,pending,,,true,160,0,176,176,0,false,2026-04-06T09:03:39.756Z,2026-04-06T09:03:39.756Z,2026-04-08T08:50:26.325Z,0,
69d376ebc58facb8f817ae5a,DT241041F,69251a72496994f2855ca3fe,12,2026-06-29T18:30:00.000Z,6923ca47385a8494efbb2496,232,39,9,39,pending,,,true,149.14,4474.2,164.05,164.05,114.72,false,2026-04-06T09:03:39.815Z,2026-04-06T09:03:39.815Z,2026-04-08T08:50:26.434Z,0,
69d376ebc58facb8f817ae5b,GD351114,69ce43302b2deb9f9bbb6b50,5,2028-02-28T18:30:00.000Z,69d34f4f6a90bf8f8480ac27,237.03,50,0,50,pending,,,true,162.53,8126.5,178.78,178.78,162.53,false,2026-04-06T09:03:39.872Z,2026-04-06T09:03:39.872Z,2026-04-08T08:50:26.517Z,0,
69d376ebc58facb8f817ae5c,GD351109,69ce43302b2deb9f9bbb6b50,5,2028-02-28T18:30:00.000Z,69d34f4f6a90bf8f8480ac27,237.03,238,0,238,pending,,,true,162.53,38682.14,178.78,178.78,162.53,false,2026-04-06T09:03:39.933Z,2026-04-06T09:03:39.934Z,2026-04-08T08:50:26.601Z,0,
69d376ebc58facb8f817ae5d,C3GUN002,69ce43422b2deb9f9bbb6f2b,5,2027-10-30T18:30:00.000Z,69d34f4f6a90bf8f8480abfa,258.42,50,0,50,pending,,,true,45,2250,49.5,49.5,45,false,2026-04-06T09:03:39.995Z,2026-04-06T09:03:39.995Z,2026-04-08T08:50:26.687Z,0,
69d376ecc58facb8f817ae5e,PDI25092,69ce43422b2deb9f9bbb6f17,5,2027-08-30T18:30:00.000Z,69d34f4f6a90bf8f8480abfa,262.5,20,0,20,pending,,,true,35,700,38.5,38.5,35,false,2026-04-06T09:03:40.057Z,2026-04-06T09:03:40.058Z,2026-04-08T08:50:26.771Z,0,
69d376ecc58facb8f817ae5f,KHT.102523,69ce43812b2deb9f9bbb7ca6,5,2027-03-30T18:30:00.000Z,69d34f4f6a90bf8f8480ac42,267,50,0,50,pending,,,true,119,5950,130.9,130.9,119,false,2026-04-06T09:03:40.122Z,2026-04-06T09:03:40.123Z,2026-04-08T08:50:26.857Z,0,
69d376ecc58facb8f817ae60,2516212L,69ce43652b2deb9f9bbb76a5,5,2030-09-29T18:30:00.000Z,69d34f4f6a90bf8f8480ac0d,272,50,0,50,pending,,,true,24.84,1242,27.32,27.32,24.84,false,2026-04-06T09:03:40.186Z,2026-04-06T09:03:40.187Z,2026-04-08T08:50:26.941Z,0,
69d376ecc58facb8f817ae61,4NGO37,69ce431e2b2deb9f9bbb678a,12,2026-06-29T18:30:00.000Z,69d34f4f6a90bf8f8480abfd,275.84,10,0,10,pending,,,true,197.03,0,216.73,216.73,0,false,2026-04-06T09:03:40.250Z,2026-04-06T09:03:40.250Z,2026-04-08T08:50:27.110Z,0,
69d376ecc58facb8f817ae62,2517407N,69ce43642b2deb9f9bbb7691,5,2030-11-29T18:30:00.000Z,69d34f4f6a90bf8f8480ac0d,286,100,0,40,pending,,,true,17.82,1782,19.6,19.6,17.82,false,2026-04-06T09:03:40.318Z,2026-04-06T09:03:40.318Z,2026-04-13T11:55:35.350Z,0,
69d376ecc58facb8f817ae63,PSB0091,68c505d2267e3c8d0ddc28c6,12,2026-06-29T18:30:00.000Z,692eb408c9be211d89b4fcdc,290.63,8,0,8,pending,,,true,207.14,0,227.85,227.85,0,false,2026-04-06T09:03:40.383Z,2026-04-06T09:03:40.384Z,2026-04-08T08:50:27.366Z,0,
69d376ecc58facb8f817ae64,EBMS0072,68c505d2267e3c8d0ddc2cb2,12,2026-04-29T18:30:00.000Z,6926eff3a6f059dedd3a3c3a,297,36,6,36,pending,,,true,212.14,0,233.35,233.35,0,false,2026-04-06T09:03:40.448Z,2026-04-06T09:03:40.448Z,2026-04-08T08:50:27.453Z,0,
69d376ecc58facb8f817ae65,11231002,68c505d2267e3c8d0ddc2535,12,2026-04-29T18:30:00.000Z,692429a031185c93746d91ef,298,50,0,50,pending,,,true,212.86,0,234.15,234.15,0,false,2026-04-06T09:03:40.512Z,2026-04-06T09:03:40.512Z,2026-04-08T08:50:27.539Z,0,
69d376ecc58facb8f817ae66,S25171401C,68c505d2267e3c8d0ddc2462,12,2027-02-27T18:30:00.000Z,69d34f4f6a90bf8f8480abfd,298.35,100,0,100,pending,,,true,213.11,21311,234.42,234.42,213.11,false,2026-04-06T09:03:40.577Z,2026-04-06T09:03:40.577Z,2026-04-08T08:50:27.625Z,0,
69d376ecc58facb8f817ae67,G220710823,69251a66496994f2855ca1fb,12,2027-06-29T18:30:00.000Z,6923ca3f385a8494efbb214e,300,20,0,20,pending,,,true,57.63,0,63.39,63.39,0,false,2026-04-06T09:03:40.644Z,2026-04-06T09:03:40.644Z,2026-04-08T08:50:27.710Z,0,
69d376ecc58facb8f817ae68,KHT-112518,69ce434a2b2deb9f9bbb70f9,5,2027-04-29T18:30:00.000Z,69d34f4f6a90bf8f8480ac42,311.5,50,0,50,pending,,,true,139,6950,152.9,152.9,139,false,2026-04-06T09:03:40.711Z,2026-04-06T09:03:40.711Z,2026-04-08T08:50:27.790Z,0,
69d376ecc58facb8f817ae69,MI441125,69ce43572b2deb9f9bbb73a3,5,2027-04-29T18:30:00.000Z,69d34f4f6a90bf8f8480ac42,311.5,50,0,50,pending,,,true,139,6950,152.9,152.9,139,false,2026-04-06T09:03:40.773Z,2026-04-06T09:03:40.773Z,2026-04-08T08:50:27.874Z,0,
69d376ecc58facb8f817ae6a,014K046,68c505d2267e3c8d0ddc2ede,12,2026-04-29T18:30:00.000Z,6926eff3a6f059dedd3a3c3a,321.2,20,2,20,pending,,,true,229.43,4129.74,252.37,252.37,206.49,false,2026-04-06T09:03:40.837Z,2026-04-06T09:03:40.837Z,2026-04-08T08:50:28.038Z,0,
69d376ecc58facb8f817ae6b,KHT.022617,68c505d2267e3c8d0ddc2ddd,5,2027-07-30T18:30:00.000Z,69d34f4f6a90bf8f8480ac25,321.29,60,0,30,pending,,,true,155.51,9330.6,171.06,171.06,155.51,false,2026-04-06T09:03:40.895Z,2026-04-06T09:03:40.895Z,2026-04-15T11:51:50.770Z,0,
69d376ecc58facb8f817ae6c,SG326F2C,69ce43402b2deb9f9bbb6ea1,5,2028-01-30T18:30:00.000Z,69d34f4f6a90bf8f8480ac38,351.5,100,0,100,pending,,,true,281,28100,309.1,309.1,281,false,2026-04-06T09:03:40.957Z,2026-04-06T09:03:40.958Z,2026-04-08T08:50:28.198Z,0,
69d376edc58facb8f817ae6d,RS24270,69ce43442b2deb9f9bbb6f87,5,2027-02-27T18:30:00.000Z,69d34f4f6a90bf8f8480abfa,359.91,50,0,50,pending,,,true,20,1000,22,22,20,false,2026-04-06T09:03:41.019Z,2026-04-06T09:03:41.019Z,2026-04-08T08:50:28.281Z,0,
69d376edc58facb8f817ae6e,HA250047A,69ce43692b2deb9f9bbb7784,5,2027-02-27T18:30:00.000Z,69d34f4f6a90bf8f8480abfa,360.94,50,0,50,pending,,,true,25,1250,27.5,27.5,25,false,2026-04-06T09:03:41.078Z,2026-04-06T09:03:41.079Z,2026-04-08T08:50:28.362Z,0,
69d376edc58facb8f817ae6f,2513833F,69ce435f2b2deb9f9bbb7576,5,2030-05-30T18:30:00.000Z,69d34f4f6a90bf8f8480ac0d,375,30,0,30,pending,,,true,31.32,939.6,34.45,34.45,31.32,false,2026-04-06T09:03:41.141Z,2026-04-06T09:03:41.141Z,2026-04-08T08:50:28.449Z,0,
69d376edc58facb8f817ae70,385384,69ce43592b2deb9f9bbb7408,5,2026-03-30T18:30:00.000Z,6923ca34385a8494efbb1d3c,390,10,0,10,pending,,,true,237,0,260.7,260.7,0,false,2026-04-06T09:03:41.198Z,2026-04-06T09:03:41.198Z,2026-04-08T08:50:28.533Z,0,
69d376edc58facb8f817ae71,AZH45001,69ce43742b2deb9f9bbb79d6,5,2027-05-30T18:30:00.000Z,69d34f4f6a90bf8f8480ac30,407.65,50,0,50,pending,,,true,84,4200,92.4,92.4,84,false,2026-04-06T09:03:41.256Z,2026-04-06T09:03:41.257Z,2026-04-08T08:50:28.618Z,0,
69d376edc58facb8f817ae72,GB05Q085,69ce43442b2deb9f9bbb6f97,5,2027-11-29T18:30:00.000Z,69d34f4f6a90bf8f8480abfa,426.64,300,0,120,pending,,,true,60,18000,66,66,60,false,2026-04-06T09:03:41.317Z,2026-04-06T09:03:41.317Z,2026-04-15T10:21:18.795Z,0,
69d376edc58facb8f817ae73,ASI45006,69ce43642b2deb9f9bbb7661,5,2027-11-29T18:30:00.000Z,69d34f4f6a90bf8f8480ac30,426.67,100,0,30,pending,,,true,67.75,6775,74.53,74.53,67.75,false,2026-04-06T09:03:41.381Z,2026-04-06T09:03:41.381Z,2026-04-13T06:27:52.826Z,0,
69d376edc58facb8f817ae74,K2401379,68c505d2267e3c8d0ddc2ded,12,2026-06-29T18:30:00.000Z,692429a031185c93746d91ef,448.13,10,0,10,pending,,,true,341.43,3414.3,375.57,375.57,341.43,false,2026-04-06T09:03:41.443Z,2026-04-06T09:03:41.444Z,2026-04-08T08:50:28.871Z,0,
69d376edc58facb8f817ae75,ABLO-615,69ce43292b2deb9f9bbb69cb,5,2028-12-30T18:30:00.000Z,69d34f4f6a90bf8f8480ac26,449,50,0,50,pending,,,true,213.81,10690.5,235.19,235.19,213.81,false,2026-04-06T09:03:41.508Z,2026-04-06T09:03:41.508Z,2026-04-08T08:50:28.956Z,0,
69d376edc58facb8f817ae76,ABL-615,69ce43292b2deb9f9bbb69cb,5,2028-12-30T18:30:00.000Z,69d34f4f6a90bf8f8480ac26,449,50,0,50,pending,,,true,213.81,10690.5,235.19,235.19,213.81,false,2026-04-06T09:03:41.572Z,2026-04-06T09:03:41.573Z,2026-04-08T08:50:29.035Z,0,
69d376edc58facb8f817ae77,STG-252134,69ce434e2b2deb9f9bbb71d8,5,2027-09-29T18:30:00.000Z,69d34f4f6a90bf8f8480abd5,456.56,100,0,100,pending,,,true,304.58,30458,335.04,335.04,304.58,false,2026-04-06T09:03:41.633Z,2026-04-06T09:03:41.633Z,2026-04-08T08:50:29.202Z,0,
69d376edc58facb8f817ae78,HA250072B,69ce43732b2deb9f9bbb797c,5,2027-04-29T18:30:00.000Z,69d34f4f6a90bf8f8480abfa,467.81,19,0,19,pending,,,true,55,1045,60.5,60.5,55,false,2026-04-06T09:03:41.692Z,2026-04-06T09:03:41.692Z,2026-04-08T08:50:29.282Z,0,
69d376edc58facb8f817ae79,24S2GTB414,68c505d2267e3c8d0ddc2eaa,12,2026-05-30T18:30:00.000Z,6936866cbcf19acba530e2eb,473,12,2,12,pending,,,true,337.86,3378.6,371.65,371.65,281.55,false,2026-04-06T09:03:41.753Z,2026-04-06T09:03:41.753Z,2026-04-08T08:50:29.389Z,0,
69d376edc58facb8f817ae7a,AB260053A,69ce43392b2deb9f9bbb6d47,5,2028-01-30T18:30:00.000Z,69d34f4f6a90bf8f8480abfa,478.54,100,0,0,pending,,,true,80,8000,88,88,80,false,2026-04-06T09:03:41.811Z,2026-04-06T09:03:41.811Z,2026-04-09T05:31:50.669Z,0,
69d376edc58facb8f817ae7b,CC24129,68c505d2267e3c8d0ddc25ed,18,2026-06-29T18:30:00.000Z,6923ca48385a8494efbb2529,489.41,24,4,24,pending,,,true,335.59,6711.8,369.15,369.15,279.66,false,2026-04-06T09:03:41.872Z,2026-04-06T09:03:41.872Z,2026-04-08T08:50:29.634Z,0,
69d376edc58facb8f817ae7c,GUL0031,69ce435b2b2deb9f9bbb747e,5,2027-01-30T18:30:00.000Z,69d34f4f6a90bf8f8480ac13,492.69,15,0,15,pending,,,true,204.76,3071.4,225.24,225.24,204.76,false,2026-04-06T09:03:41.931Z,2026-04-06T09:03:41.932Z,2026-04-08T08:50:29.715Z,0,
69d376edc58facb8f817ae7d,2610254A,69ce43662b2deb9f9bbb76d7,5,2030-12-30T18:30:00.000Z,69d34f4f6a90bf8f8480ac0d,501,100,0,100,pending,,,true,75,7500,82.5,82.5,75,false,2026-04-06T09:03:41.989Z,2026-04-06T09:03:41.989Z,2026-04-08T08:50:29.798Z,0,
69d376eec58facb8f817ae7e,HA240027A,69ce43432b2deb9f9bbb6f49,5,2026-11-29T18:30:00.000Z,69d34f4f6a90bf8f8480abfa,527.34,20,0,0,pending,,,true,60,1200,66,66,60,false,2026-04-06T09:03:42.049Z,2026-04-06T09:03:42.050Z,2026-04-09T05:32:03.198Z,0,
69d376eec58facb8f817ae7f,KTB2405A,69ce437a2b2deb9f9bbb7b3b,12,2027-02-27T18:30:00.000Z,6926eff3a6f059dedd3a3c3a,532.4,6,0,6,pending,,,true,380.29,0,418.32,418.32,0,false,2026-04-06T09:03:42.108Z,2026-04-06T09:03:42.108Z,2026-04-08T08:50:29.964Z,0,
69d376eec58facb8f817ae80,18242115A,69ce437a2b2deb9f9bbb7b3b,12,2027-08-30T18:30:00.000Z,6926eff3a6f059dedd3a3c3a,532.4,20,0,20,pending,,,true,380.29,7605.8,418.32,418.32,380.29,false,2026-04-06T09:03:42.169Z,2026-04-06T09:03:42.169Z,2026-04-08T08:50:30.043Z,0,
69d376eec58facb8f817ae81,A654,69ce432a2b2deb9f9bbb69fe,12,2026-03-30T18:30:00.000Z,6923ca36385a8494efbb1ddc,545,360,0,360,pending,,,true,350.35,0,385.39,385.39,0,false,2026-04-06T09:03:42.229Z,2026-04-06T09:03:42.230Z,2026-04-08T08:50:30.125Z,0,
69d376eec58facb8f817ae82,1105425N,69ce43582b2deb9f9bbb73da,5,2030-11-29T18:30:00.000Z,69d34f4f6a90bf8f8480ac0d,586,100,0,100,pending,,,true,33.5,3350,36.85,36.85,33.5,false,2026-04-06T09:03:42.292Z,2026-04-06T09:03:42.292Z,2026-04-08T08:50:30.209Z,0,
69d376eec58facb8f817ae83,1A15J14,69ce43292b2deb9f9bbb69c1,0,2030-10-30T18:30:00.000Z,69d34f4f6a90bf8f8480abe7,595,10,0,10,pending,,,true,300,3000,330,330,300,false,2026-04-06T09:03:42.349Z,2026-04-06T09:03:42.350Z,2026-04-08T08:50:30.290Z,0,
69d376eec58facb8f817ae84,N25185,69251a61496994f2855ca119,5,2026-07-30T18:30:00.000Z,69d34f4f6a90bf8f8480abe5,602.81,50,0,50,pending,,,true,404,20200,444.4,444.4,404,false,2026-04-06T09:03:42.407Z,2026-04-06T09:03:42.407Z,2026-04-08T08:50:30.374Z,0,
69d376eec58facb8f817ae85,CYCI5A3,69ce43302b2deb9f9bbb6b46,5,2027-08-30T18:30:00.000Z,69d34f4f6a90bf8f8480ac4b,613,50,0,50,pending,,,true,350,17500,385,385,350,false,2026-04-06T09:03:42.465Z,2026-04-06T09:03:42.465Z,2026-04-08T08:50:30.456Z,0,
69d376eec58facb8f817ae86,M25213,69ce432a2b2deb9f9bbb69ea,5,2026-03-30T18:30:00.000Z,69d34f4f6a90bf8f8480abe5,616.88,50,0,50,pending,,,true,420,21000,462,462,420,false,2026-04-06T09:03:42.522Z,2026-04-06T09:03:42.522Z,2026-04-08T08:50:30.539Z,0,
69d376eec58facb8f817ae87,2517116N,69ce43662b2deb9f9bbb76d3,5,2030-11-29T18:30:00.000Z,69d34f4f6a90bf8f8480ac0d,664,80,0,80,pending,,,true,70,5600,77,77,70,false,2026-04-06T09:03:42.581Z,2026-04-06T09:03:42.582Z,2026-04-08T08:50:30.626Z,0,
69d376eec58facb8f817ae88,TBA4E3,69ce43212b2deb9f9bbb680e,5,2026-06-29T18:30:00.000Z,6923ca23385a8494efbb173f,695,60,10,60,pending,,,true,529.52,26476,582.47,582.47,441.27,false,2026-04-06T09:03:42.646Z,2026-04-06T09:03:42.647Z,2026-04-08T08:50:30.710Z,0,
69d376eec58facb8f817ae89,1137841,69ce437d2b2deb9f9bbb7bdc,5,2029-01-30T18:30:00.000Z,6923ca48385a8494efbb2506,700,5,0,5,pending,,,true,730,0,803,803,0,false,2026-04-06T09:03:42.708Z,2026-04-06T09:03:42.708Z,2026-04-08T08:50:30.796Z,0,
69d376eec58facb8f817ae8a,5H606,69ce43642b2deb9f9bbb7667,5,2027-07-30T18:30:00.000Z,69d34f4f6a90bf8f8480abfa,701.25,200,0,200,pending,,,true,20,4000,22,22,20,false,2026-04-06T09:03:42.766Z,2026-04-06T09:03:42.766Z,2026-04-08T08:50:30.883Z,0,
69d376eec58facb8f817ae8b,250254,69ce43642b2deb9f9bbb7667,5,2027-11-29T18:30:00.000Z,69d34f4f6a90bf8f8480abfa,701.25,600,0,500,pending,,,true,20,12000,22,22,20,false,2026-04-06T09:03:42.825Z,2026-04-06T09:03:42.826Z,2026-04-09T05:15:54.688Z,0,
69d376eec58facb8f817ae8c,BRPT-05,69ce43272b2deb9f9bbb6953,5,2027-06-29T18:30:00.000Z,69d34f4f6a90bf8f8480abfa,703.13,20,0,20,pending,,,true,100,2000,110,110,100,false,2026-04-06T09:03:42.892Z,2026-04-06T09:03:42.892Z,2026-04-08T08:50:31.049Z,0,
69d376eec58facb8f817ae8d,AK240233A,69ce43432b2deb9f9bbb6f68,5,2026-10-30T18:30:00.000Z,69d34f4f6a90bf8f8480abfa,759.12,20,0,20,pending,,,true,70,1400,77,77,70,false,2026-04-06T09:03:42.950Z,2026-04-06T09:03:42.951Z,2026-04-08T08:50:31.130Z,0,
69d376efc58facb8f817ae8e,BN230126,69ce43752b2deb9f9bbb7a25,5,2028-01-30T18:30:00.000Z,69d34f4f6a90bf8f8480ac2e,800,72,0,72,pending,,,true,250,18000,275,275,250,false,2026-04-06T09:03:43.012Z,2026-04-06T09:03:43.014Z,2026-04-08T08:50:31.212Z,0,
69d376efc58facb8f817ae8f,CG561125,69ce432f2b2deb9f9bbb6b24,5,2027-04-29T18:30:00.000Z,69d34f4f6a90bf8f8480ac42,801,50,0,50,pending,,,true,357,17850,392.7,392.7,357,false,2026-04-06T09:03:43.078Z,2026-04-06T09:03:43.078Z,2026-04-08T08:50:31.295Z,0,
69d376efc58facb8f817ae90,220501123A,69ce43252b2deb9f9bbb68d2,5,2026-05-30T18:30:00.000Z,6923ca2d385a8494efbb1ac6,827.61,7,0,7,pending,,,true,190.48,0,209.53,209.53,0,false,2026-04-06T09:03:43.140Z,2026-04-06T09:03:43.141Z,2026-04-08T08:50:31.462Z,0,
69d376efc58facb8f817ae91,3LZ26A001,69ce43432b2deb9f9bbb6f56,5,2027-12-30T18:30:00.000Z,69d34f4f6a90bf8f8480abfa,843.75,50,0,50,pending,,,true,60,3000,66,66,60,false,2026-04-06T09:03:43.206Z,2026-04-06T09:03:43.206Z,2026-04-08T08:50:31.546Z,0,
69d376efc58facb8f817ae92,MM-5011,69ce434a2b2deb9f9bbb70d8,12,2026-06-29T18:30:00.000Z,6936866cbcf19acba530e2eb,895.31,10,0,10,pending,,,true,536.75,0,590.43,590.43,0,false,2026-04-06T09:03:43.265Z,2026-04-06T09:03:43.265Z,2026-04-08T08:50:31.632Z,0,
69d376efc58facb8f817ae93,825606A,69ce432b2b2deb9f9bbb6a34,5,2027-12-30T18:30:00.000Z,69d34f4f6a90bf8f8480abd5,896.79,50,0,50,pending,,,true,196,9800,215.6,215.6,196,false,2026-04-06T09:03:43.328Z,2026-04-06T09:03:43.329Z,2026-04-08T08:50:31.714Z,0,
69d376efc58facb8f817ae94,BLT-3572,68c505d2267e3c8d0ddc2dde,5,2027-06-29T18:30:00.000Z,69d34f4f6a90bf8f8480ac26,899,50,0,30,pending,,,true,428.1,21405,470.91,470.91,428.1,false,2026-04-06T09:03:43.392Z,2026-04-06T09:03:43.393Z,2026-04-15T08:06:03.912Z,0,
69d376efc58facb8f817ae95,LUT24003,68c505d2267e3c8d0ddc2d6e,18,2026-06-29T18:30:00.000Z,6923ca24385a8494efbb17e7,904.2,60,10,58,pending,,,true,674.24,33712,741.66,741.66,561.87,false,2026-04-06T09:03:43.456Z,2026-04-06T09:03:43.456Z,2026-04-11T06:25:51.145Z,0,
69d376efc58facb8f817ae96,RD25002,69ce432a2b2deb9f9bbb6a19,5,2027-10-30T18:30:00.000Z,69d34f4f6a90bf8f8480abf6,980,20,0,20,pending,,,true,410,8200,451,451,410,false,2026-04-06T09:03:43.518Z,2026-04-06T09:03:43.518Z,2026-04-08T08:50:31.964Z,0,
69d376efc58facb8f817ae97,AK260019A,69ce43432b2deb9f9bbb6f5f,5,2028-01-30T18:30:00.000Z,69d34f4f6a90bf8f8480abfa,1017.72,50,0,20,pending,,,true,105,5250,115.5,115.5,105,false,2026-04-06T09:03:43.583Z,2026-04-06T09:03:43.583Z,2026-04-15T10:21:18.523Z,0,
69d376efc58facb8f817ae98,AK260023A,69ce43432b2deb9f9bbb6f71,5,2028-01-30T18:30:00.000Z,69d34f4f6a90bf8f8480ac23,1170.45,20,0,20,pending,,,true,250,5000,275,275,250,false,2026-04-06T09:03:43.648Z,2026-04-06T09:03:43.649Z,2026-04-08T08:50:32.126Z,0,
69d376efc58facb8f817ae99,AFT240713,68c505d2267e3c8d0ddc2e8d,12,2026-06-29T18:30:00.000Z,692429a031185c93746d91ef,1464.7,2,0,2,pending,,,true,787.55,1575.1,866.31,866.31,787.55,false,2026-04-06T09:03:43.711Z,2026-04-06T09:03:43.711Z,2026-04-08T08:50:32.210Z,0,
69d376efc58facb8f817ae9a,B25229B,69ce432b2b2deb9f9bbb6a3a,5,2027-06-29T18:30:00.000Z,69d34f4f6a90bf8f8480abd5,1810.26,69,0,69,pending,,,true,396,27324,435.6,435.6,396,false,2026-04-06T09:03:43.777Z,2026-04-06T09:03:43.777Z,2026-04-08T08:50:32.320Z,0,
69d376efc58facb8f817ae9b,B25675A,69ce432b2b2deb9f9bbb6a3a,5,2028-01-30T18:30:00.000Z,69d34f4f6a90bf8f8480abd5,1810.26,131,0,131,pending,,,true,396,51876,435.6,435.6,396,false,2026-04-06T09:03:43.843Z,2026-04-06T09:03:43.844Z,2026-04-08T08:50:32.404Z,0,
69d376efc58facb8f817ae9c,HA250119C,69ce43422b2deb9f9bbb6f0e,5,2027-06-29T18:30:00.000Z,69d34f4f6a90bf8f8480abfa,1907.81,50,0,50,pending,,,true,180,9000,198,198,180,false,2026-04-06T09:03:43.908Z,2026-04-06T09:03:43.908Z,2026-04-08T08:50:32.484Z,0,
69d376efc58facb8f817ae9d,L0702414I,68c505d2267e3c8d0ddc27ea,5,2026-11-29T18:30:00.000Z,69d34f4f6a90bf8f8480ac4e,2062.5,10,0,10,pending,,,true,241,2410,265.1,265.1,241,false,2026-04-06T09:03:43.972Z,2026-04-06T09:03:43.972Z,2026-04-08T08:50:32.589Z,0,
69d376f0c58facb8f817ae9e,SAI-24137D,68c505d2267e3c8d0ddc27ea,12,2026-04-29T18:30:00.000Z,69d34f4f6a90bf8f8480ac4e,2200,50,0,50,pending,,,true,241,12050,265.1,265.1,241,false,2026-04-06T09:03:44.033Z,2026-04-06T09:03:44.033Z,2026-04-08T08:50:32.674Z,0,
69d376f0c58facb8f817ae9f,RD25001,69ce432b2b2deb9f9bbb6a1f,5,2027-10-30T18:30:00.000Z,69d34f4f6a90bf8f8480abf6,2500,20,0,20,pending,,,true,800,16000,880,880,800,false,2026-04-06T09:03:44.094Z,2026-04-06T09:03:44.094Z,2026-04-08T08:50:32.756Z,0,
69d376f0c58facb8f817aea0,21124008,69251a68496994f2855ca24d,12,2026-06-29T18:30:00.000Z,692429a031185c93746d91ef,3043.59,20,0,20,pending,,,true,250,4800,275,275,240,false,2026-04-06T09:03:44.163Z,2026-04-06T09:03:44.164Z,2026-04-08T08:50:32.838Z,0,
69d376f0c58facb8f817aea1,4PB0054,69ce437b2b2deb9f9bbb7b4a,12,2025-10-30T18:30:00.000Z,692429a031185c93746d91ef,3455.42,5,0,5,pending,,,true,1028.25,5141.25,1131.08,1131.08,1028.25,false,2026-04-06T09:03:44.245Z,2026-04-06T09:03:44.245Z,2026-04-08T08:50:32.921Z,0,
69d376f0c58facb8f817aea2,AA250444A,69ce43772b2deb9f9bbb7a8f,5,2027-05-30T18:30:00.000Z,69d34f4f6a90bf8f8480abfa,6990,10,0,10,pending,,,true,475,4750,522.5,522.5,475,false,2026-04-06T09:03:44.307Z,2026-04-06T09:03:44.307Z,2026-04-08T08:50:33.006Z,0,
69d376f0c58facb8f817aea3,LADFB2403A,69251a77496994f2855ca4bc,5,2026-07-30T18:30:00.000Z,692ff963c9be211d89d5da4f,15338.6,10,0,10,pending,,,true,2800,28000,3080,3080,2800,false,2026-04-06T09:03:44.368Z,2026-04-06T09:03:44.368Z,2026-04-08T08:50:33.171Z,0,
69d38828090064a124ef8c24,***,69ce43702b2deb9f9bbb78da,5,2029-01-01T00:00:00.000Z,6923ca42385a8494efbb22a5,1000,10,0,8,pending,69d38828090064a124ef8c1a,69d38059f28294d4dfafca03,true,100,1000,110,110,100,false,2026-04-06T10:17:12.399Z,2026-04-06T10:17:12.400Z,2026-04-13T11:55:35.855Z,0,
69d38828090064a124ef8c23,W25419,69638f7d2557351e343cd02f,18,2027-12-01T00:00:00.000Z,6923ca42385a8494efbb22a5,514,24,0,0,pending,69d38828090064a124ef8c1a,69d38059f28294d4dfafca03,true,36,864,39.6,39.6,36,false,2026-04-06T10:17:12.399Z,2026-04-06T10:17:12.400Z,2026-04-06T11:26:28.362Z,0,
69d38828090064a124ef8c25,704326002,69d37882c295baae757c0bf4,5,2029-01-01T00:00:00.000Z,6923ca42385a8494efbb22a5,3200,2,0,0,pending,69d38828090064a124ef8c1a,69d38059f28294d4dfafca03,true,750,1500,825,825,750,false,2026-04-06T10:17:12.399Z,2026-04-06T10:17:12.400Z,2026-04-06T11:26:23.648Z,0,
69d38828090064a124ef8c22,BC1-26078,69ce43232b2deb9f9bbb6879,18,2028-02-01T00:00:00.000Z,6923ca42385a8494efbb22a5,908,40,0,20,pending,69d38828090064a124ef8c1a,69d38059f28294d4dfafca03,true,85,3400,93.5,93.5,85,false,2026-04-06T10:17:12.398Z,2026-04-06T10:17:12.400Z,2026-04-13T06:28:20.989Z,0,
69d38828090064a124ef8c21,704225012,696c5ee226351e91a3c338da,5,2028-11-01T00:00:00.000Z,6923ca42385a8494efbb22a5,3500,3,0,1,pending,69d38828090064a124ef8c1a,69d38059f28294d4dfafca03,true,750,2250,825,825,750,false,2026-04-06T10:17:12.398Z,2026-04-06T10:17:12.400Z,2026-04-06T11:26:26.010Z,0,
69d3a27d70ad071586feb1d6,CTA26001,69d39e38dd786c6c2f442116,5,2027-12-01T00:00:00.000Z,693d3b39812dbc0da46fa18b,614.22,10,0,10,pending,69d3a27d70ad071586feb1cf,69d39e6f70ad071586fe0c21,true,270,2700,297,297,270,,2026-04-06T12:09:33.702Z,2026-04-06T12:09:33.702Z,2026-04-06T12:09:33.702Z,0,
69d3a27d70ad071586feb1d5,MT-250801,6948f6a2c61fdbf8c4b62262,5,2027-07-01T00:00:00.000Z,693d3b39812dbc0da46fa18b,1511.82,20,0,10,pending,69d3a27d70ad071586feb1cf,69d39e6f70ad071586fe0c21,true,728.14,14562.8,720.86,720.86,655.33,false,2026-04-06T12:09:33.701Z,2026-04-06T12:09:33.702Z,2026-04-07T11:49:35.984Z,0,
69d3a27d70ad071586feb1d4,80U1063,69479219dcf084fea5668d1a,5,2027-09-01T00:00:00.000Z,693d3b39812dbc0da46fa18b,564,36,0,0,pending,69d3a27d70ad071586feb1cf,69d39e6f70ad071586fe0c21,true,345,12420,379.5,379.5,345,,2026-04-06T12:09:33.701Z,2026-04-06T12:09:33.702Z,2026-04-07T05:30:30.730Z,0,
69d48a548c4ba50a3612b068,VEB26005,692816a7a6f059dedd3c692e,5,2028-12-01T00:00:00.000Z,6926eff3a6f059dedd3a3c3a,405.94,20,0,10,pending,69d48a548c4ba50a3612b065,69d3971dcc87c2e7aadf0f82,true,309.29,6185.8,327.29,327.29,297.54,false,2026-04-07T04:38:44.547Z,2026-04-07T04:38:44.547Z,2026-04-15T11:51:49.637Z,0,
69d48c6b088ae1c80280467a,B-53260,69251a68496994f2855ca249,5,2028-02-01T00:00:00.000Z,6926eff3a6f059dedd3a3c3a,181.39,30,0,0,pending,69d48c6a088ae1c802804676,69d48ac74f90393c5843924a,true,145.11,4353.3,153.56,153.56,139.6,false,2026-04-07T04:47:39.033Z,2026-04-07T04:47:39.033Z,2026-04-10T11:42:35.518Z,0,
69d498d961e6654db018b8c4,5GAD043,69d491c67a61055c1362689e,5,2028-10-01T00:00:00.000Z,6923ca24385a8494efbb17d2,185.55,15,0,7,pending,69d498d961e6654db018b8bf,69d497027a61055c1362c688,true,141.37,2120.55,155.51,155.51,141.37,false,2026-04-07T05:40:41.709Z,2026-04-07T05:40:41.710Z,2026-04-10T11:42:30.182Z,0,
69d498d961e6654db018b8c5,5F037A,69d493cc37794bf546af461b,5,2028-07-01T00:00:00.000Z,6923ca24385a8494efbb17d2,2173.29,4,0,0,pending,69d498d961e6654db018b8bf,69d497027a61055c1362c688,true,1738.64,6954.56,1912.5,1912.5,1738.64,false,2026-04-07T05:40:41.709Z,2026-04-07T05:40:41.710Z,2026-04-10T11:42:27.504Z,0,
69d498d961e6654db018b8c6,N2503865,68c505d2267e3c8d0ddc2d00,5,2027-10-01T00:00:00.000Z,6923ca24385a8494efbb17d2,153.75,20,0,0,pending,69d498d961e6654db018b8bf,69d497027a61055c1362c688,true,117.14,2342.8,128.85,128.85,117.14,false,2026-04-07T05:40:41.709Z,2026-04-07T05:40:41.710Z,2026-04-14T10:29:55.500Z,0,
69d4af4178a0459eae010562,5SA2571,69d49aaa6922c5676dd6081f,5,2027-11-01T00:00:00.000Z,692429a031185c93746d91ef,277.33,10,0,0,pending,69d4af4178a0459eae01055d,69d4ac7ed156dd1a1a4e0d2d,true,211.3,2113,223.13,223.13,202.85,false,2026-04-07T07:16:17.860Z,2026-04-07T07:16:17.861Z,2026-04-14T10:29:55.775Z,0,
69d4af4178a0459eae010563,SIG1484A,69d49bb961e6654db01904e5,5,2027-06-01T00:00:00.000Z,692429a031185c93746d91ef,200.63,10,0,0,pending,69d4af4178a0459eae01055d,69d4ac7ed156dd1a1a4e0d2d,true,152.86,1528.6000000000001,161.43,161.43,146.75,false,2026-04-07T07:16:17.861Z,2026-04-07T07:16:17.861Z,2026-04-14T10:29:56.051Z,0,
69d4bf8563557725fced3313,091671,6965cd11868fcd18ccf995b3,5,2027-11-01T00:00:00.000Z,6923ca42385a8494efbb22ac,18.9,100,0,100,pending,69d4bf8563557725fced3310,69d4b431bef3623bd4b80e1e,true,10.1,1010,11.11,11.11,10.1,false,2026-04-07T08:25:41.662Z,2026-04-07T08:25:41.662Z,2026-04-07T08:25:41.662Z,0,
69d4c00e63557725fced366e,6F0591A,68c505d2267e3c8d0ddc2734,5,2028-11-01T00:00:00.000Z,6926eff3a6f059dedd3a3c3a,782.39,15,0,5,pending,69d4c00d63557725fced366b,69d4bbf0d18f1d0f3fa18d2e,true,626,9390,662.43,662.43,602.21,false,2026-04-07T08:27:58.132Z,2026-04-07T08:27:58.132Z,2026-04-14T10:46:02.682Z,0,
69d4c0f43e87b6724e9092f4,MP06625,69251a5f496994f2855ca0e1,5,2027-11-01T00:00:00.000Z,692825e5a6f059dedd3d9079,548.8,2,0,0,pending,69d4c0f43e87b6724e9092ef,69d4bf6c3e87b6724e909188,true,411.6,823.2,434.65,434.65,395.14,false,2026-04-07T08:31:48.977Z,2026-04-07T08:31:48.977Z,2026-04-11T05:33:30.806Z,0,
69d4c0f43e87b6724e9092f3,TP00225,692a8d0475a32a66bcf8a21b,5,2028-11-01T00:00:00.000Z,692825e5a6f059dedd3d9079,177.5,10,0,0,pending,69d4c0f43e87b6724e9092ef,69d4bf6c3e87b6724e909188,true,135.24,1352.4,142.81,142.81,129.83,false,2026-04-07T08:31:48.976Z,2026-04-07T08:31:48.977Z,2026-04-11T05:33:33.530Z,0,
69d4c13c91db60d80c0af0ab,AHL0122,68c505d2267e3c8d0ddc27a0,5,2028-02-01T00:00:00.000Z,6926eff3a6f059dedd3a3c3a,16.72,40,0,20,pending,69d4c13c91db60d80c0af0a6,69d4bc8fd18f1d0f3fa19ed6,true,12.74,509.6,13.49,13.49,12.26,false,2026-04-07T08:33:00.625Z,2026-04-07T08:33:00.626Z,2026-04-13T11:55:35.089Z,0,
69d4c13c91db60d80c0af0ac,AHL0138,68c505d2267e3c8d0ddc27a0,5,2028-10-01T00:00:00.000Z,6926eff3a6f059dedd3a3c3a,16.72,10,0,10,pending,69d4c13c91db60d80c0af0a6,69d4bc8fd18f1d0f3fa19ed6,true,12.74,127.4,13.49,13.49,12.26,false,2026-04-07T08:33:00.626Z,2026-04-07T08:33:00.627Z,2026-04-07T08:33:00.627Z,0,
69d4c3e050f16d99f48485a4,G25L010666,69251a64496994f2855ca1b5,5,2030-11-01T00:00:00.000Z,6969c67626351e91a3b80fd9,2278.13,6,0,6,pending,69d4c3df50f16d99f484859d,69d4c1818c8542c783628dec,true,460,2760,506,506,460,false,2026-04-07T08:44:16.034Z,2026-04-07T08:44:16.035Z,2026-04-07T08:44:16.035Z,0,
69d4c3e050f16d99f48485a3,G25I010389,69251a64496994f2855ca1b5,5,2030-08-01T00:00:00.000Z,6969c67626351e91a3b80fd9,2278.13,1,0,1,pending,69d4c3df50f16d99f484859d,69d4c1818c8542c783628dec,true,460,460,506,506,460,false,2026-04-07T08:44:16.034Z,2026-04-07T08:44:16.035Z,2026-04-07T08:44:16.035Z,0,
69d4c3e050f16d99f48485a2,G25D010281,69251a64496994f2855ca1b5,5,2030-03-01T00:00:00.000Z,6969c67626351e91a3b80fd9,2278.13,1,0,1,pending,69d4c3df50f16d99f484859d,69d4c1818c8542c783628dec,true,460,460,506,506,460,false,2026-04-07T08:44:16.033Z,2026-04-07T08:44:16.034Z,2026-04-07T08:44:16.034Z,0,
69d4c8c88c8542c78362f703,EMV242556B,69d4c6b050f16d99f4849f31,5,2026-11-01T00:00:00.000Z,69364dc8bcf19acba521152e,186.56,10,0,5,pending,69d4c8c88c8542c78362f6fe,69d4c6fb50f16d99f484b03a,true,142.14,1421.3999999999999,156.35,156.35,142.14,false,2026-04-07T09:05:12.415Z,2026-04-07T09:05:12.416Z,2026-04-14T10:36:30.974Z,0,
69d4c8c88c8542c78362f702,28027626,69d4c3728c8542c783629f4c,5,2027-11-01T00:00:00.000Z,69364dc8bcf19acba521152e,203.67,10,0,5,pending,69d4c8c88c8542c78362f6fe,69d4c6fb50f16d99f484b03a,true,155.18,1551.8000000000002,170.7,170.7,155.18,false,2026-04-07T09:05:12.415Z,2026-04-07T09:05:12.416Z,2026-04-14T10:36:31.248Z,0,
69d4caaa3e87b6724e91309e,05251015A,69251a79496994f2855ca537,5,2028-06-01T00:00:00.000Z,692429a031185c93746d91ef,328.6,30,0,10,pending,69d4caaa3e87b6724e913096,69d4c7db8c8542c78362f683,true,250.35,7510.5,264.37,264.37,240.34,false,2026-04-07T09:13:14.508Z,2026-04-07T09:13:14.509Z,2026-04-14T10:32:45.727Z,0,
69d4caaa3e87b6724e9130a1,MPC250947,69d4c7718c8542c78362f675,5,2027-02-01T00:00:00.000Z,692429a031185c93746d91ef,210.93,10,0,0,pending,69d4caaa3e87b6724e913096,69d4c7db8c8542c78362f683,true,59.52,595.2,62.85,62.85,57.14,false,2026-04-07T09:13:14.508Z,2026-04-07T09:13:14.509Z,2026-04-11T05:33:44.341Z,0,
69d4caaa3e87b6724e9130a0,SIG2433A,69d4c68950f16d99f4849f23,5,2027-09-01T00:00:00.000Z,692429a031185c93746d91ef,262.95,10,0,0,pending,69d4caaa3e87b6724e913096,69d4c7db8c8542c78362f683,true,200.34,2003.4,211.56,211.56,192.33,false,2026-04-07T09:13:14.508Z,2026-04-07T09:13:14.509Z,2026-04-11T05:33:47.061Z,0,
69d4caaa3e87b6724e91309d,MPM255048,68c505d2267e3c8d0ddc2bbe,5,2028-05-01T00:00:00.000Z,692429a031185c93746d91ef,36.56,25,0,0,pending,69d4caaa3e87b6724e913096,69d4c7db8c8542c78362f683,true,25.07,626.75,26.48,26.48,24.07,false,2026-04-07T09:13:14.508Z,2026-04-07T09:13:14.509Z,2026-04-14T10:46:02.411Z,0,
69d4caaa3e87b6724e91309f,L3026020,68c505d2267e3c8d0ddc2b73,5,2027-12-01T00:00:00.000Z,692429a031185c93746d91ef,315,32,0,16,pending,69d4caaa3e87b6724e913096,69d4c7db8c8542c78362f683,true,240,7680,253.44,253.44,230.4,false,2026-04-07T09:13:14.508Z,2026-04-07T09:13:14.509Z,2026-04-14T10:32:46.002Z,0,
69d4cc8a3e87b6724e9184da,DIPO7AAA,69d4cb153e87b6724e9150a8,5,2027-11-01T00:00:00.000Z,6963770d9e79681a67fa95d9,150,18,2,0,pending,69d4cc8a3e87b6724e9184d7,69d4cb7f3e87b6724e9161ab,true,114.29,2057.2200000000003,110.88,123.2,100.8,false,2026-04-07T09:21:14.587Z,2026-04-07T09:21:14.587Z,2026-04-10T11:42:11.363Z,0,
69d4d0f73e87b6724e92038a,0001208804,69d4ce523e87b6724e91b4ab,5,2030-10-01T00:00:00.000Z,6923ca4c385a8494efbb26e8,1384,1,0,1,pending,69d4d0f73e87b6724e920387,69d4cfe13e87b6724e91fa59,true,724.76,724.76,797.24,797.24,724.76,false,2026-04-07T09:40:07.606Z,2026-04-07T09:40:07.606Z,2026-04-07T09:40:07.606Z,0,
69d4d0ff3e87b6724e920676,2516001L,68c505d2267e3c8d0ddc2950,5,2030-09-01T00:00:00.000Z,6923ca4d385a8494efbb273c,343,30,0,25,pending,69d4d0ff3e87b6724e920672,69d4cf203e87b6724e91cffc,true,27,810,29.7,29.7,27,false,2026-04-07T09:40:15.324Z,2026-04-07T09:40:15.324Z,2026-04-13T11:55:35.232Z,0,
69d4d0ff3e87b6724e920677,2611789C,68c505d2267e3c8d0ddc2950,5,2031-02-01T00:00:00.000Z,6923ca4d385a8494efbb273c,343,30,0,0,pending,69d4d0ff3e87b6724e920672,69d4cf203e87b6724e91cffc,true,27,810,29.7,29.7,27,false,2026-04-07T09:40:15.324Z,2026-04-07T09:40:15.324Z,2026-04-13T12:16:06.111Z,0,
69d4d5753e87b6724e9294af,B25728B,69ce432b2b2deb9f9bbb6a3a,5,2028-02-01T00:00:00.000Z,69d34f4f6a90bf8f8480abd5,1810.26,400,0,400,pending,69d4d5753e87b6724e9294ac,69d4d3433e87b6724e9259d8,true,396,158400,435.6,435.6,396,false,2026-04-07T09:59:17.485Z,2026-04-07T09:59:17.485Z,2026-04-07T09:59:17.485Z,0,
69d4d73d3e87b6724e932526,BA024,68c505d2267e3c8d0ddc257e,5,2029-01-01T00:00:00.000Z,692eb408c9be211d89b4fcdc,207,5,0,0,pending,69d4d73d3e87b6724e932521,69d4d5923e87b6724e9297d9,true,157.71,788.5500000000001,166.54,166.54,151.4,false,2026-04-07T10:06:53.241Z,2026-04-07T10:06:53.241Z,2026-04-14T10:34:20.415Z,0,
69d4d73d3e87b6724e932527,PCL0622,69d4d4bb3e87b6724e927ece,5,2028-06-01T00:00:00.000Z,692eb408c9be211d89b4fcdc,84.79,12,0,0,pending,69d4d73d3e87b6724e932521,69d4d5923e87b6724e9297d9,true,64.6,775.1999999999999,68.22,68.22,62.02,false,2026-04-07T10:06:53.241Z,2026-04-07T10:06:53.242Z,2026-04-14T10:36:31.525Z,0,
69d4eb1054e441a4c5541086,KRPD6006A,69d4e6d63e87b6724e9505af,5,2027-12-01T00:00:00.000Z,6963770d9e79681a67fa95d9,649.5,10,0,0,pending,69d4eb1054e441a4c5541083,69d4e7073e87b6724e9516aa,true,412.38,4123.8,440.01,440.01,400.01,false,2026-04-07T11:31:28.353Z,2026-04-07T11:31:28.354Z,2026-04-07T11:49:33.836Z,0,
69d4ebd054e441a4c554358c,***,69ce432a2b2deb9f9bbb69f7,5,2030-12-01T00:00:00.000Z,6923ca4f385a8494efbb27cf,3281.25,3,0,3,pending,69d4ebd054e441a4c5543589,69d4e3363e87b6724e94e1e4,true,1350,4050,1485,1485,1350,false,2026-04-07T11:34:40.945Z,2026-04-07T11:34:40.946Z,2026-04-07T11:34:40.946Z,0,
69d4ec9a54e441a4c5543ab7,MAT-26123,68c505d2267e3c8d0ddc2e72,5,2028-02-01T00:00:00.000Z,6923ca41385a8494efbb2235,409.9,100,20,40,pending,69d4ec9a54e441a4c5543ab4,69d4e15a3e87b6724e949d09,true,281.07,28107,257.64,309.17,234.22,false,2026-04-07T11:38:02.990Z,2026-04-07T11:38:02.991Z,2026-04-15T08:06:02.812Z,0,
69d5ea7e54e441a4c556e1fa,**,6947a19ddcf084fea5673806,18,2029-12-01T00:00:00.000Z,6947aa6fdcf084fea567b0ea,1660.4,4,0,0,pending,69d5ea7e54e441a4c556e1e8,69d5e67454e441a4c556df46,true,1186,4744,1186,1186,1186,false,2026-04-08T05:41:18.554Z,2026-04-08T05:41:18.557Z,2026-04-11T06:30:18.873Z,0,
69d5ea7e54e441a4c556e1ff,**,69d5dfc254e441a4c556ab53,18,2030-11-01T00:00:00.000Z,6947aa6fdcf084fea567b0ea,60,12,0,0,pending,69d5ea7e54e441a4c556e1e8,69d5e67454e441a4c556df46,true,40,480,44,44,40,false,2026-04-08T05:41:18.554Z,2026-04-08T05:41:18.557Z,2026-04-11T06:29:57.264Z,0,
69d5ea7e54e441a4c556e1fb,**,69d5dde854e441a4c55665d0,18,2030-12-01T00:00:00.000Z,6947aa6fdcf084fea567b0ea,2335,2,0,0,pending,69d5ea7e54e441a4c556e1e8,69d5e67454e441a4c556df46,true,1666.3,3332.6,1832.93,1832.93,1666.3,false,2026-04-08T05:41:18.554Z,2026-04-08T05:41:18.557Z,2026-04-11T06:30:21.576Z,0,
69d5ea7e54e441a4c556e200,**,69479f06dcf084fea56713df,18,2029-10-01T00:00:00.000Z,6947aa6fdcf084fea567b0ea,121.8,25,0,2,pending,69d5ea7e54e441a4c556e1e8,69d5e67454e441a4c556df46,true,87,2175,95.7,95.7,87,false,2026-04-08T05:41:18.555Z,2026-04-08T05:41:18.557Z,2026-04-11T06:29:59.942Z,0,
69d5ea7e54e441a4c556e1fd,**,697482a45e174f9cf2400bc1,18,2030-11-01T00:00:00.000Z,6947aa6fdcf084fea567b0ea,44.49,48,0,0,pending,69d5ea7e54e441a4c556e1e8,69d5e67454e441a4c556df46,true,28,1344,30.8,30.8,28,false,2026-04-08T05:41:18.554Z,2026-04-08T05:41:18.557Z,2026-04-11T06:29:54.592Z,0,
69d5ea7e54e441a4c556e1f8,**,69d5dcb554e441a4c55654bf,18,2029-12-01T00:00:00.000Z,6947aa6fdcf084fea567b0ea,1435,2,0,0,pending,69d5ea7e54e441a4c556e1e8,69d5e67454e441a4c556df46,true,1024,2048,1126.4,1126.4,1024,false,2026-04-08T05:41:18.554Z,2026-04-08T05:41:18.557Z,2026-04-11T06:30:13.467Z,0,
69d5ea7e54e441a4c556e1fe,**,69ce43642b2deb9f9bbb7680,18,2030-10-01T00:00:00.000Z,6947aa6fdcf084fea567b0ea,85,30,0,0,pending,69d5ea7e54e441a4c556e1e8,69d5e67454e441a4c556df46,true,60,1800,66,66,60,false,2026-04-08T05:41:18.554Z,2026-04-08T05:41:18.557Z,2026-04-11T06:30:10.729Z,0,
69d5ea7e54e441a4c556e1f9,**,6947a482dcf084fea567501b,18,2029-12-01T00:00:00.000Z,6947aa6fdcf084fea567b0ea,1383.2,4,0,0,pending,69d5ea7e54e441a4c556e1e8,69d5e67454e441a4c556df46,true,988,3952,1086.8,1086.8,988,false,2026-04-08T05:41:18.554Z,2026-04-08T05:41:18.557Z,2026-04-11T06:30:16.172Z,0,
69d5ea7e54e441a4c556e1f7,**,69d5dbaa54e441a4c55643b8,18,2029-12-01T00:00:00.000Z,6947aa6fdcf084fea567b0ea,815,2,0,0,pending,69d5ea7e54e441a4c556e1e8,69d5e67454e441a4c556df46,true,580.5,1161,638.55,638.55,580.5,false,2026-04-08T05:41:18.553Z,2026-04-08T05:41:18.557Z,2026-04-11T06:29:51.887Z,0,
69d5ea7e54e441a4c556e1fc,**,69d5dea554e441a4c5569a3b,18,2029-12-01T00:00:00.000Z,6947aa6fdcf084fea567b0ea,570,2,0,0,pending,69d5ea7e54e441a4c556e1e8,69d5e67454e441a4c556df46,true,406.78,813.56,447.46,447.46,406.78,false,2026-04-08T05:41:18.554Z,2026-04-08T05:41:18.557Z,2026-04-11T06:30:24.250Z,0,
69d5ea7e54e441a4c556e203,**,695cecc06c01633bcfc5c10d,18,2029-10-01T00:00:00.000Z,6947aa6fdcf084fea567b0ea,450,5,0,0,pending,69d5ea7e54e441a4c556e1e8,69d5e67454e441a4c556df46,true,320,1600,352,352,320,false,2026-04-08T05:41:18.556Z,2026-04-08T05:41:18.557Z,2026-04-11T06:30:05.341Z,0,
69d5ea7e54e441a4c556e202,**,69d5e09654e441a4c556cd5b,18,2030-10-01T00:00:00.000Z,6947aa6fdcf084fea567b0ea,450,5,0,0,pending,69d5ea7e54e441a4c556e1e8,69d5e67454e441a4c556df46,true,320,1600,352,352,320,false,2026-04-08T05:41:18.556Z,2026-04-08T05:41:18.557Z,2026-04-11T06:30:08.027Z,0,
69d5ea7e54e441a4c556e201,**,69479f97dcf084fea5671fe7,18,2029-12-01T00:00:00.000Z,6947aa6fdcf084fea567b0ea,121.8,25,0,0,pending,69d5ea7e54e441a4c556e1e8,69d5e67454e441a4c556df46,true,87,2175,95.7,95.7,87,false,2026-04-08T05:41:18.556Z,2026-04-08T05:41:18.557Z,2026-04-11T06:30:02.645Z,0,
69d5f39b54e441a4c55789ef,N2503488,69d5f15a54e441a4c5574e65,5,2027-09-01T00:00:00.000Z,692429a031185c93746d91ef,266.48,20,0,10,pending,69d5f39b54e441a4c55789ec,69d5f22b54e441a4c5575fff,true,203.04,4060.7999999999997,214.41,214.41,194.92,false,2026-04-08T06:20:11.919Z,2026-04-08T06:20:11.919Z,2026-04-14T10:46:00.783Z,0,
69d5f8e654e441a4c5582b54,KP85434,69ce437e2b2deb9f9bbb7c2d,5,2027-01-01T00:00:00.000Z,6923ca42385a8494efbb22ac,13.04,100,0,0,pending,69d5f8e654e441a4c5582b4f,69d5f75654e441a4c55805ef,true,10.2,1019.9999999999999,11.22,11.22,10.2,false,2026-04-08T06:42:46.542Z,2026-04-08T06:42:46.543Z,2026-04-11T05:33:38.928Z,0,
69d5f8e654e441a4c5582b53,1440169,69d4e31d3e87b6724e94d0e9,5,2027-08-01T00:00:00.000Z,6923ca42385a8494efbb22ac,419.5,10,0,5,pending,69d5f8e654e441a4c5582b4f,69d5f75654e441a4c55805ef,true,277,2770,304.7,304.7,277,false,2026-04-08T06:42:46.542Z,2026-04-08T06:42:46.543Z,2026-04-11T05:33:36.246Z,0,
69d5faf354e441a4c5586914,LARYNGO,69638a9e2557351e343c2820,5,2030-10-01T00:00:00.000Z,6923ca4d385a8494efbb273c,3500,2,0,1,pending,69d5faf354e441a4c5586911,69d5f53c54e441a4c557d21b,true,2450,4900,2695,2695,2450,false,2026-04-08T06:51:31.840Z,2026-04-08T06:51:31.840Z,2026-04-10T12:24:15.377Z,0,
69d5fb49c9bb26a21b461ce2,CDS2511023,698311218151e654b500e575,5,2028-09-01T00:00:00.000Z,69830aa19c03d184736c2e80,135,100,0,50,pending,69d5fb49c9bb26a21b461cdb,69d0eb106369b4b21037ef78,true,128.57,12857,63.49,63.49,57.72,false,2026-04-08T06:52:57.280Z,2026-04-08T06:52:57.288Z,2026-04-09T09:46:00.179Z,0,
69d5fb49c9bb26a21b461ce4,CSD2510022,69d0e3f2d52f96afc1012aff,5,2028-09-01T00:00:00.000Z,69830aa19c03d184736c2e80,85,200,0,0,pending,69d5fb49c9bb26a21b461cdb,69d0eb106369b4b21037ef78,true,80.95,16190,39.97,39.97,36.34,false,2026-04-08T06:52:57.281Z,2026-04-08T06:52:57.288Z,2026-04-09T09:46:04.429Z,0,
69d5fb49c9bb26a21b461ce3,CSD2510022,69d0e3427b998b545441198b,5,2028-09-01T00:00:00.000Z,69830aa19c03d184736c2e80,75,200,0,0,pending,69d5fb49c9bb26a21b461cdb,69d0eb106369b4b21037ef78,true,71.43,14286.000000000002,35.27,35.27,32.06,false,2026-04-08T06:52:57.281Z,2026-04-08T06:52:57.288Z,2026-04-09T09:46:02.325Z,0,
69d5fb49c9bb26a21b461ce5,CSD2512024,69d0e4a1d52f96afc1012b19,5,2028-09-01T00:00:00.000Z,69830aa19c03d184736c2e80,245,200,0,0,pending,69d5fb49c9bb26a21b461cdb,69d0eb106369b4b21037ef78,true,233.33,46666,115.21,115.21,104.74,false,2026-04-08T06:52:57.284Z,2026-04-08T06:52:57.288Z,2026-04-13T07:10:13.026Z,0,
69d5fb49c9bb26a21b461ce6,CSD2512024,69ce433a2b2deb9f9bbb6d57,5,2028-11-29T18:30:00.000Z,69830aa19c03d184736c2e80,340,100,0,50,pending,69d5fb49c9bb26a21b461cdb,69d0eb106369b4b21037ef78,true,323.81,32381,145.36,145.36,145.36,false,2026-04-08T06:52:57.285Z,2026-04-08T06:52:57.288Z,2026-04-09T09:46:08.614Z,0,
69d5fed654e441a4c558d7de,MPDK5E7,69d5f80d54e441a4c558093d,5,2027-10-01T00:00:00.000Z,69d34f4f6a90bf8f8480ac4b,1283.44,10,0,0,pending,69d5fed654e441a4c558d7d6,69d5fa9054e441a4c55845f8,true,495,4950,544.5,544.5,495,false,2026-04-08T07:08:06.291Z,2026-04-08T07:08:06.292Z,2026-04-13T10:14:32.699Z,0,
69d5fed654e441a4c558d7dc,CLCL5B14,693bfaeb4f899252628d8ce3,5,2027-11-01T00:00:00.000Z,69d34f4f6a90bf8f8480ac4b,239,50,0,0,pending,69d5fed654e441a4c558d7d6,69d5fa9054e441a4c55845f8,true,120,6000,132,132,120,false,2026-04-08T07:08:06.291Z,2026-04-08T07:08:06.292Z,2026-04-15T05:00:28.424Z,0,
69d5fed654e441a4c558d7dd,CJNA6AI,69638c602557351e343c696e,5,2027-12-01T00:00:00.000Z,69d34f4f6a90bf8f8480ac4b,1533.75,20,0,0,pending,69d5fed654e441a4c558d7d6,69d5fa9054e441a4c55845f8,true,730,14600,803,803,730,false,2026-04-08T07:08:06.291Z,2026-04-08T07:08:06.292Z,2026-04-14T10:46:01.321Z,0,
69d5fed654e441a4c558d7df,MPDC5D2,69d5f90f54e441a4c558311e,5,2027-02-01T00:00:00.000Z,69d34f4f6a90bf8f8480ac4b,703.13,10,0,0,pending,69d5fed654e441a4c558d7d6,69d5fa9054e441a4c55845f8,true,277,2770,304.7,304.7,277,false,2026-04-08T07:08:06.292Z,2026-04-08T07:08:06.292Z,2026-04-15T05:00:30.335Z,0,
69d6006b54e441a4c5594b10,G26B040233,6991538e46f480868bc0d41d,5,2030-01-01T00:00:00.000Z,6923ca4c385a8494efbb26e8,7412,2,0,0,pending,69d6006a54e441a4c5594b0b,69d5fc0b54e441a4c558914f,true,2525,5050,2777.5,2777.5,2525,false,2026-04-08T07:14:51.234Z,2026-04-08T07:14:51.234Z,2026-04-15T07:04:15.820Z,0,
69d6006b54e441a4c5594b0f,0411,69d5fbbf54e441a4c5588054,5,2030-03-01T00:00:00.000Z,6923ca4c385a8494efbb26e8,65.63,10,0,5,pending,69d6006a54e441a4c5594b0b,69d5fc0b54e441a4c558914f,true,17,170,18.7,18.7,17,false,2026-04-08T07:14:51.234Z,2026-04-08T07:14:51.234Z,2026-04-11T05:33:06.358Z,0,
69d60bb654e441a4c559f03f,344337,69d5fd8c54e441a4c558c585,5,2030-01-01T00:00:00.000Z,6923ca4d385a8494efbb273c,703,2,0,0,pending,69d60bb654e441a4c559f039,69d5fdd854e441a4c558d680,true,290,580,319,319,290,false,2026-04-08T08:03:02.603Z,2026-04-08T08:03:02.604Z,2026-04-11T05:33:09.070Z,0,
69d60bb654e441a4c559f040,8629825L,69251a73496994f2855ca422,5,2030-09-01T00:00:00.000Z,6923ca4d385a8494efbb273c,769,10,0,10,pending,69d60bb654e441a4c559f039,69d5fdd854e441a4c558d680,true,105,1050,115.5,115.5,105,false,2026-04-08T08:03:02.603Z,2026-04-08T08:03:02.604Z,2026-04-08T08:03:02.604Z,0,
69d60bb654e441a4c559f03e,SA/TC06/25,6963862a2557351e343a749d,5,2028-03-01T00:00:00.000Z,6923ca4d385a8494efbb273c,113,50,0,50,pending,69d60bb654e441a4c559f039,69d5fdd854e441a4c558d680,true,30,1500,33,33,30,false,2026-04-08T08:03:02.603Z,2026-04-08T08:03:02.604Z,2026-04-08T08:03:02.604Z,0,
69d618a054e441a4c55a012e,2101978770,69d5ffb254e441a4c5591793,5,2030-12-01T00:00:00.000Z,6923ca4d385a8494efbb273c,2203.13,2,0,0,pending,69d618a054e441a4c55a0128,69d6010654e441a4c5596408,true,1500,3000,1650,1650,1500,false,2026-04-08T08:58:08.523Z,2026-04-08T08:58:08.524Z,2026-04-13T11:55:35.380Z,0,
69d618a054e441a4c55a0131,2025-0599,69251a74496994f2855ca43e,5,2030-11-01T00:00:00.000Z,6923ca4d385a8494efbb273c,2953,1,0,0,pending,69d618a054e441a4c55a0128,69d6010654e441a4c5596408,true,1560,1560,1716,1716,1560,false,2026-04-08T08:58:08.524Z,2026-04-08T08:58:08.524Z,2026-04-11T05:33:22.683Z,0,
69d618a054e441a4c55a0130,2025-0550,69251a74496994f2855ca440,5,2030-10-01T00:00:00.000Z,6923ca4d385a8494efbb273c,2953,1,0,0,pending,69d618a054e441a4c55a0128,69d6010654e441a4c5596408,true,1560,1560,1716,1716,1560,false,2026-04-08T08:58:08.523Z,2026-04-08T08:58:08.524Z,2026-04-11T05:33:19.999Z,0,
69d618a054e441a4c55a012f,260901639,69ce43302b2deb9f9bbb6b3e,5,2031-01-01T00:00:00.000Z,6923ca4d385a8494efbb273c,75,40,0,0,pending,69d618a054e441a4c55a0128,69d6010654e441a4c5596408,true,33.42,1336.8000000000002,36.76,36.76,33.42,false,2026-04-08T08:58:08.523Z,2026-04-08T08:58:08.524Z,2026-04-13T11:55:35.534Z,0,
69d6369673c7816af989f2eb,25LH37A,69ce43222b2deb9f9bbb6835,0,2027-06-01T00:00:00.000Z,6923ca4a385a8494efbb25c3,5,100,0,100,pending,69d6369573c7816af989f2e6,69d4e99954e441a4c553e86b,true,0,0,0,0,0,false,2026-04-08T11:05:58.233Z,2026-04-08T11:05:58.234Z,2026-04-08T11:05:58.234Z,0,
69d6369673c7816af989f2ea,25GH200,69d4e1743e87b6724e949d90,5,2027-07-01T00:00:00.000Z,6923ca4a385a8494efbb25c3,2109.37,100,0,90,pending,69d6369573c7816af989f2e6,69d4e99954e441a4c553e86b,true,220,22000,242,242,220,false,2026-04-08T11:05:58.233Z,2026-04-08T11:05:58.234Z,2026-04-14T10:36:31.802Z,0,
69d636d073c7816af98a09b0,1145879,6933cd69885130098808581e,5,2030-10-01T00:00:00.000Z,6923ca4c385a8494efbb26e8,1440,5,0,5,pending,69d636cf73c7816af98a09ad,69d6347373c7816af989475c,true,754.29,3771.45,829.72,829.72,754.29,false,2026-04-08T11:06:56.101Z,2026-04-08T11:06:56.102Z,2026-04-08T11:06:56.102Z,0,
69d644d128b2ddd0519d58f8,AK260060A,69d642ea28b2ddd0519cc9b7,5,2028-02-01T00:00:00.000Z,69d34f4f6a90bf8f8480ac23,5437.5,10,0,10,pending,69d644d028b2ddd0519d58f5,69d6443928b2ddd0519d3394,true,350,3500,385,385,350,false,2026-04-08T12:06:41.055Z,2026-04-08T12:06:41.055Z,2026-04-08T12:06:41.055Z,0,
69d7318d41ca803b06f19125,853161D7,69560703639e1da529148d36,5,2027-12-01T00:00:00.000Z,6926eff3a6f059dedd3a3c3a,196.87,2,0,2,pending,69d7318d41ca803b06f19118,69d5f22554e441a4c5575f60,true,150,300,158.73,158.73,144.3,false,2026-04-09T04:56:45.327Z,2026-04-09T04:56:45.328Z,2026-04-09T04:56:45.328Z,0,
69d7318d41ca803b06f19123,793182D7,69560703639e1da529148d36,5,2027-06-01T00:00:00.000Z,6926eff3a6f059dedd3a3c3a,196.87,1,0,1,pending,69d7318d41ca803b06f19118,69d5f22554e441a4c5575f60,true,150,150,158.73,158.73,144.3,false,2026-04-09T04:56:45.326Z,2026-04-09T04:56:45.328Z,2026-04-09T04:56:45.328Z,0,
69d7318d41ca803b06f19121,VD4L,69251a79496994f2855ca529,5,2027-02-01T00:00:00.000Z,6926eff3a6f059dedd3a3c3a,325.08,19,1,20,pending,69d7318d41ca803b06f19118,69d5f22554e441a4c5575f60,true,247.68,4705.92,248.98,262.09,226.35,false,2026-04-09T04:56:45.325Z,2026-04-09T04:56:45.328Z,2026-04-09T04:56:45.328Z,0,
69d7318d41ca803b06f19120,UGT251085,69d5d845467b9445a8099e3d,5,2027-06-01T00:00:00.000Z,6926eff3a6f059dedd3a3c3a,281.25,10,0,5,pending,69d7318d41ca803b06f19118,69d5f22554e441a4c5575f60,true,214.28,2142.8,226.75,226.75,206.14,false,2026-04-09T04:56:45.324Z,2026-04-09T04:56:45.328Z,2026-04-11T08:59:16.559Z,0,
69d7318d41ca803b06f19122,HWY0325044AM,69d5e08a54e441a4c556bc5a,5,2027-11-01T00:00:00.000Z,6926eff3a6f059dedd3a3c3a,88.5,9,1,0,pending,69d7318d41ca803b06f19118,69d5f22554e441a4c5575f60,true,67.42,606.78,64.21,71.34,58.37,false,2026-04-09T04:56:45.325Z,2026-04-09T04:56:45.328Z,2026-04-11T08:58:38.331Z,0,
69d7318d41ca803b06f19124,843182D7,69560703639e1da529148d36,5,2027-11-01T00:00:00.000Z,6926eff3a6f059dedd3a3c3a,196.87,7,0,7,pending,69d7318d41ca803b06f19118,69d5f22554e441a4c5575f60,true,150,1050,158.73,158.73,144.3,false,2026-04-09T04:56:45.326Z,2026-04-09T04:56:45.328Z,2026-04-09T04:56:45.328Z,0,
69d7364441ca803b06f2eb58,**,698c1ffa13049bfce9157301,18,2033-12-01T00:00:00.000Z,6923ca46385a8494efbb243b,290,5,0,0,pending,69d7364441ca803b06f2eb52,69d6313954e441a4c55c422b,true,202,1010,222.2,222.2,202,false,2026-04-09T05:16:52.881Z,2026-04-09T05:16:52.883Z,2026-04-09T06:13:44.411Z,0,
69d7364441ca803b06f2eb57,**,69662113b6f2a316d885407c,18,2032-12-01T00:00:00.000Z,6923ca46385a8494efbb243b,800,100,0,0,pending,69d7364441ca803b06f2eb52,69d6313954e441a4c55c422b,true,168,16800,184.8,184.8,168,false,2026-04-09T05:16:52.881Z,2026-04-09T05:16:52.883Z,2026-04-09T06:13:42.351Z,0,
69d7364441ca803b06f2eb59,**,695cd94f4094f0324b30ba9f,18,2034-12-01T00:00:00.000Z,6923ca46385a8494efbb243b,0,1,0,1,pending,69d7364441ca803b06f2eb52,69d6313954e441a4c55c422b,true,150,150,157.5,157.5,150,false,2026-04-09T05:16:52.882Z,2026-04-09T05:16:52.883Z,2026-04-09T05:16:52.883Z,0,
69d7396041ca803b06f437ea,2084Y012A,69251a73496994f2855ca420,5,2027-08-01T00:00:00.000Z,6923ca2d385a8494efbb1ac6,2280,5,0,2,pending,69d7396041ca803b06f437e6,69d64acf28b2ddd0519e97a6,true,1128.59,5642.95,1191.8,1191.8,1083.45,false,2026-04-09T05:30:08.745Z,2026-04-09T05:30:08.747Z,2026-04-11T05:33:00.921Z,0,
69d7396041ca803b06f437eb,N05,69d64a9728b2ddd0519e8698,5,2026-01-01T00:00:00.000Z,6923ca2d385a8494efbb1ac6,2688,5,0,2,pending,69d7396041ca803b06f437e6,69d64acf28b2ddd0519e97a6,true,1047.62,5238.099999999999,1152.38,1152.38,1047.62,false,2026-04-09T05:30:08.746Z,2026-04-09T05:30:08.747Z,2026-04-11T05:33:03.633Z,0,
69d73a0d41ca803b06f4612e,BE2504-78,6927db4ca6f059dedd3ab92c,5,2027-03-01T00:00:00.000Z,6926eff3a6f059dedd3a3c3a,135.94,20,6,26,pending,69d73a0d41ca803b06f46121,69d4dddca8dcbf7db1fb0468,true,103.57,2071.3999999999996,84.3,109.6,76.64,false,2026-04-09T05:33:01.544Z,2026-04-09T05:33:01.547Z,2026-04-09T05:33:01.547Z,0,
69d73a0d41ca803b06f4612a,SH24111013,68c505d2267e3c8d0ddc2594,5,2026-10-01T00:00:00.000Z,6926eff3a6f059dedd3a3c3a,281.25,20,6,26,pending,69d73a0d41ca803b06f46121,69d4dddca8dcbf7db1fb0468,true,214.28,4285.6,174.43,226.76,158.57,false,2026-04-09T05:33:01.542Z,2026-04-09T05:33:01.546Z,2026-04-09T05:33:01.546Z,0,
69d73a0d41ca803b06f4612f,SH25111149A,68c505d2267e3c8d0ddc25a4,5,2027-10-01T00:00:00.000Z,6926eff3a6f059dedd3a3c3a,492.19,20,6,26,pending,69d73a0d41ca803b06f46121,69d4dddca8dcbf7db1fb0468,true,375,7500,305.25,396.82,277.5,false,2026-04-09T05:33:01.545Z,2026-04-09T05:33:01.547Z,2026-04-09T05:33:01.547Z,0,
69d73a0d41ca803b06f46130,SH25090958A,69251a5f496994f2855ca0dd,5,2027-08-01T00:00:00.000Z,6926eff3a6f059dedd3a3c3a,281.25,10,3,13,pending,69d73a0d41ca803b06f46121,69d4dddca8dcbf7db1fb0468,true,214.28,2142.8,174.43,226.76,158.57,false,2026-04-09T05:33:01.545Z,2026-04-09T05:33:01.547Z,2026-04-09T05:33:01.547Z,0,
69d73a0d41ca803b06f4612b,SN250454,693cf1394f899252629938d4,5,2027-05-01T00:00:00.000Z,6926eff3a6f059dedd3a3c3a,225,50,15,55,pending,69d73a0d41ca803b06f46121,69d4dddca8dcbf7db1fb0468,true,171.42,8571,139.53,181.4,126.85,false,2026-04-09T05:33:01.542Z,2026-04-09T05:33:01.547Z,2026-04-14T10:36:28.221Z,0,
69d73a0d41ca803b06f4612d,260020,68c505d2267e3c8d0ddc2599,5,2027-12-01T00:00:00.000Z,6926eff3a6f059dedd3a3c3a,182,20,6,26,pending,69d73a0d41ca803b06f46121,69d4dddca8dcbf7db1fb0468,true,138.66,2773.2,112.87,146.73,102.61,false,2026-04-09T05:33:01.543Z,2026-04-09T05:33:01.547Z,2026-04-09T05:33:01.547Z,0,
69d73a0d41ca803b06f4612c,260149A,68c505d2267e3c8d0ddc258d,5,2028-01-01T00:00:00.000Z,6926eff3a6f059dedd3a3c3a,185,30,9,29,pending,69d73a0d41ca803b06f46121,69d4dddca8dcbf7db1fb0468,true,140.95,4228.5,114.73,149.15,104.3,false,2026-04-09T05:33:01.543Z,2026-04-09T05:33:01.547Z,2026-04-10T07:36:08.683Z,0,
69d73d24faba69e047504270,JKFL25011,69251a73496994f2855ca40a,5,2029-05-01T00:00:00.000Z,692429a031185c93746d91ef,76.91,20,0,10,pending,69d73d24faba69e047504260,69d7318141ca803b06f19055,true,48.83,976.5999999999999,51.57,51.57,46.88,false,2026-04-09T05:46:12.556Z,2026-04-09T05:46:12.560Z,2026-04-13T06:34:36.195Z,0,
69d73d24faba69e04750426d,SZC0078,694d07d1b0398ee9744b0861,5,2027-10-01T00:00:00.000Z,692429a031185c93746d91ef,235.31,30,0,20,pending,69d73d24faba69e047504260,69d7318141ca803b06f19055,true,179.28,5378.4,189.32,189.32,172.11,false,2026-04-09T05:46:12.555Z,2026-04-09T05:46:12.560Z,2026-04-11T08:58:33.073Z,0,
69d73d24faba69e04750426c,5BA2633,69d72d9241ca803b06f16d94,5,2027-03-01T00:00:00.000Z,692429a031185c93746d91ef,928.12,2,0,0,pending,69d73d24faba69e047504260,69d7318141ca803b06f19055,true,707.14,1414.28,746.74,746.74,678.85,false,2026-04-09T05:46:12.555Z,2026-04-09T05:46:12.560Z,2026-04-11T08:59:11.129Z,0,
69d73d24faba69e04750426b,5SN1942,68c505d2267e3c8d0ddc2ff7,5,2028-08-01T00:00:00.000Z,692429a031185c93746d91ef,402.34,12,0,3,pending,69d73d24faba69e047504260,69d7318141ca803b06f19055,true,306.54,3678.4800000000005,323.71,323.71,294.28,false,2026-04-09T05:46:12.554Z,2026-04-09T05:46:12.559Z,2026-04-11T08:58:56.578Z,0,
69d73d24faba69e04750426e,GTG4057A,68c505d2267e3c8d0ddc26bd,5,2028-12-01T00:00:00.000Z,692429a031185c93746d91ef,84.84,30,0,20,pending,69d73d24faba69e047504260,69d7318141ca803b06f19055,true,64.64,1939.2,68.25,68.25,62.05,false,2026-04-09T05:46:12.555Z,2026-04-09T05:46:12.560Z,2026-04-13T11:55:35.898Z,0,
69d73d24faba69e047504271,NND0416,69d7310641ca803b06f17f07,5,2027-11-01T00:00:00.000Z,692429a031185c93746d91ef,598.31,6,0,1,pending,69d73d24faba69e047504260,69d7318141ca803b06f19055,true,455.86,2735.16,481.39,481.39,437.63,false,2026-04-09T05:46:12.557Z,2026-04-09T05:46:12.560Z,2026-04-11T08:59:13.811Z,0,
69d73d24faba69e04750426f,PZ25133,68c505d2267e3c8d0ddc2ad9,5,2027-09-01T00:00:00.000Z,692429a031185c93746d91ef,34.68,20,0,10,pending,69d73d24faba69e047504260,69d7318141ca803b06f19055,true,23.78,475.6,25.11,25.11,22.83,false,2026-04-09T05:46:12.556Z,2026-04-09T05:46:12.560Z,2026-04-11T08:59:08.441Z,0,
69d73d24faba69e047504272,5BA2409,68e794925ce49336968f8620,5,2027-07-01T00:00:00.000Z,692429a031185c93746d91ef,217.36,20,0,10,pending,69d73d24faba69e047504260,69d7318141ca803b06f19055,true,165.61,3312.2000000000003,174.89,174.89,158.99,false,2026-04-09T05:46:12.557Z,2026-04-09T05:46:12.560Z,2026-04-11T08:58:53.948Z,0,
69d73d24faba69e047504273,5BA2046,69d72d9241ca803b06f16d94,5,2027-01-01T00:00:00.000Z,692429a031185c93746d91ef,928.12,2,0,2,pending,69d73d24faba69e047504260,69d7318141ca803b06f19055,true,707.14,1414.28,746.74,746.74,678.85,false,2026-04-09T05:46:12.557Z,2026-04-09T05:46:12.560Z,2026-04-09T05:46:12.560Z,0,
69d7409ffaba69e047506052,API44004,69ce435e2b2deb9f9bbb7531,5,2026-11-01T00:00:00.000Z,69d34f4f6a90bf8f8480ac30,12.51,1000,0,1000,pending,69d7409ffaba69e04750604a,69d72aa641ca803b06f0af10,true,4.08,4080,4.08,4.08,3.71,false,2026-04-09T06:01:03.981Z,2026-04-09T06:01:03.983Z,2026-04-09T06:01:03.983Z,0,
69d7409ffaba69e047506053,AZH45001,69ce43742b2deb9f9bbb79d6,5,2027-05-01T00:00:00.000Z,69d34f4f6a90bf8f8480ac30,407.65,50,0,50,pending,69d7409ffaba69e04750604a,69d72aa641ca803b06f0af10,true,84,4200,84,84,76.36,false,2026-04-09T06:01:03.981Z,2026-04-09T06:01:03.983Z,2026-04-09T06:01:03.983Z,0,
69d7409ffaba69e047506050,AMK45002,69d647f228b2ddd0519e18ed,5,2027-07-01T00:00:00.000Z,69d34f4f6a90bf8f8480ac30,115.73,250,0,250,pending,69d7409ffaba69e04750604a,69d72aa641ca803b06f0af10,true,18.7,4675,20.57,20.57,18.7,false,2026-04-09T06:01:03.980Z,2026-04-09T06:01:03.982Z,2026-04-09T06:01:03.982Z,0,
69d7409ffaba69e047506051,APA45003,69d648b428b2ddd0519e4f36,5,2026-09-01T00:00:00.000Z,69d34f4f6a90bf8f8480ac30,41.17,300,0,200,pending,69d7409ffaba69e04750604a,69d72aa641ca803b06f0af10,true,8.88,2664.0000000000005,7.81,7.81,7.1,false,2026-04-09T06:01:03.981Z,2026-04-09T06:01:03.983Z,2026-04-10T07:35:59.724Z,0,
69d7429afaba69e047506e5e,2103849139,69d63d4428b2ddd0519ada67,5,2035-12-01T00:00:00.000Z,6923ca4d385a8494efbb273c,2357,2,0,2,pending,69d7429afaba69e047506e58,69d63e5028b2ddd0519b473c,true,1500,3000,1650,1650,1500,false,2026-04-09T06:09:30.697Z,2026-04-09T06:09:30.699Z,2026-04-09T06:09:30.699Z,0,
69d7429afaba69e047506e61,210970964,69251a71496994f2855ca3b1,5,2030-12-01T00:00:00.000Z,6923ca4d385a8494efbb273c,2909,3,0,3,pending,69d7429afaba69e047506e58,69d63e5028b2ddd0519b473c,true,1870,5610,2057,2057,1870,false,2026-04-09T06:09:30.698Z,2026-04-09T06:09:30.699Z,2026-04-09T06:09:30.699Z,0,
69d7429afaba69e047506e60,2108937,69251a71496994f2855ca3b1,5,2036-12-01T00:00:00.000Z,6923ca4d385a8494efbb273c,2909,2,0,2,pending,69d7429afaba69e047506e58,69d63e5028b2ddd0519b473c,true,1870,3740,2057,2057,1870,false,2026-04-09T06:09:30.698Z,2026-04-09T06:09:30.699Z,2026-04-09T06:09:30.699Z,0,
69d7429afaba69e047506e5f,2104108937,69d63e0828b2ddd0519b10fa,5,2030-12-01T00:00:00.000Z,6923ca4d385a8494efbb273c,2357,2,0,2,pending,69d7429afaba69e047506e58,69d63e5028b2ddd0519b473c,true,1500,3000,1650,1650,1500,false,2026-04-09T06:09:30.697Z,2026-04-09T06:09:30.699Z,2026-04-09T06:09:30.699Z,0,
69d744a0faba69e04751022f,VD4L,69251a79496994f2855ca529,5,2027-02-01T00:00:00.000Z,6926eff3a6f059dedd3a3c3a,325.08,9.5,0.5,0,pending,69d744a0faba69e04751022c,69d74428faba69e04750f93f,true,247.68,2352.96,248.98,262.09,226.35,false,2026-04-09T06:18:08.563Z,2026-04-09T06:18:08.563Z,2026-04-11T08:58:59.229Z,0,
69d7454bfaba69e04751295e,2025-0594,69251a74496994f2855ca440,5,2030-11-01T00:00:00.000Z,6923ca4d385a8494efbb273c,2953,2,0,1,pending,69d7454bfaba69e047512956,69d6439628b2ddd0519d0f5f,true,1560,3120,1716,1716,1560,false,2026-04-09T06:20:59.440Z,2026-04-09T06:20:59.441Z,2026-04-13T11:55:35.406Z,0,
69d7454bfaba69e04751295c,3069222C,69ce43652b2deb9f9bbb769d,5,2027-02-01T00:00:00.000Z,6923ca4d385a8494efbb273c,3553,3,0,3,pending,69d7454bfaba69e047512956,69d6439628b2ddd0519d0f5f,true,840,2520,924,924,840,false,2026-04-09T06:20:59.437Z,2026-04-09T06:20:59.441Z,2026-04-09T06:20:59.441Z,0,
69d7454bfaba69e04751295f,2025-0599,69251a74496994f2855ca43e,5,2030-11-01T00:00:00.000Z,6923ca4d385a8494efbb273c,2953,2,0,1,pending,69d7454bfaba69e047512956,69d6439628b2ddd0519d0f5f,true,1560,3120,1716,1716,1560,false,2026-04-09T06:20:59.440Z,2026-04-09T06:20:59.441Z,2026-04-13T11:55:35.430Z,0,
69d7454bfaba69e04751295d,2516344M,69522ecd8da4f7c5d927d6f8,5,2030-10-01T00:00:00.000Z,6923ca4d385a8494efbb273c,75,50,0,50,pending,69d7454bfaba69e047512956,69d6439628b2ddd0519d0f5f,true,7,350,7.7,7.7,7,false,2026-04-09T06:20:59.440Z,2026-04-09T06:20:59.441Z,2026-04-09T06:20:59.441Z,0,
69d74761faba69e047513db7,PCL0855,69d4d4bb3e87b6724e927ece,5,2028-09-01T00:00:00.000Z,6926eff3a6f059dedd3a3c3a,84.78,60,0,18,pending,69d74761faba69e047513db4,69d74503faba69e04751281f,true,64.6,3875.9999999999995,68.36,68.36,62.15,false,2026-04-09T06:29:53.847Z,2026-04-09T06:29:53.847Z,2026-04-10T07:35:55.969Z,0,
69d74b5ffaba69e04751fcea,N03225,68c505d2267e3c8d0ddc29d3,5,2027-10-01T00:00:00.000Z,692825e5a6f059dedd3d9079,64.21,20,0,20,pending,69d74b5efaba69e04751fce5,69d749d4faba69e04751f4f2,true,48.93,978.6,51.67,51.67,46.97,false,2026-04-09T06:46:55.085Z,2026-04-09T06:46:55.086Z,2026-04-09T06:46:55.086Z,0,
69d74b5ffaba69e04751fce9,DAMF041,69d7347f41ca803b06f23286,18,2028-05-01T00:00:00.000Z,692825e5a6f059dedd3d9079,260,10,0,10,pending,69d74b5efaba69e04751fce5,69d749d4faba69e04751f4f2,true,196.11,1961.1000000000001,207.1,207.1,188.27,false,2026-04-09T06:46:55.085Z,2026-04-09T06:46:55.086Z,2026-04-09T06:46:55.086Z,0,
69d74d69faba69e047522e99,5SA2609,68c505d2267e3c8d0ddc24bc,5,2028-02-01T00:00:00.000Z,692429a031185c93746d91ef,324.43,20,0,20,pending,69d74d69faba69e047522e90,69d62c0754e441a4c55b636d,true,222.46,4449.2,234.92,234.92,213.56,false,2026-04-09T06:55:37.483Z,2026-04-09T06:55:37.486Z,2026-04-09T06:55:37.486Z,0,
69d74d69faba69e047522e9b,ATS01CTA,69251a77496994f2855ca4c8,5,2027-11-01T00:00:00.000Z,692429a031185c93746d91ef,588.82,20,0,15,pending,69d74d69faba69e047522e90,69d62c0754e441a4c55b636d,true,448.62,8972.4,473.75,473.75,430.68,false,2026-04-09T06:55:37.484Z,2026-04-09T06:55:37.486Z,2026-04-14T08:39:39.597Z,0,
69d74d69faba69e047522e9a,SPM251710,68c505d2267e3c8d0ddc2d89,5,2027-11-01T00:00:00.000Z,692429a031185c93746d91ef,164.06,50,0,30,pending,69d74d69faba69e047522e90,69d62c0754e441a4c55b636d,true,125,6250,132,132,120,false,2026-04-09T06:55:37.483Z,2026-04-09T06:55:37.486Z,2026-04-13T06:58:12.806Z,0,
69d74d69faba69e047522e98,SB201M135,68c505d2267e3c8d0ddc2bbe,5,2028-05-01T00:00:00.000Z,692429a031185c93746d91ef,36.56,18,2,20,pending,69d74d69faba69e047522e90,69d62c0754e441a4c55b636d,true,27.86,501.48,26.48,29.42,24.07,false,2026-04-09T06:55:37.482Z,2026-04-09T06:55:37.486Z,2026-04-09T06:55:37.486Z,0,
69d74d69faba69e047522e9c,5SN1670,68c505d2267e3c8d0ddc2652,5,2027-06-01T00:00:00.000Z,692429a031185c93746d91ef,914.73,5,0,2,pending,69d74d69faba69e047522e90,69d62c0754e441a4c55b636d,true,696.94,3484.7000000000003,735.97,735.97,669.06,false,2026-04-09T06:55:37.484Z,2026-04-09T06:55:37.486Z,2026-04-14T10:46:01.589Z,0,
69d74d69faba69e047522e9d,5SN1585,6933d05c88513009880898ec,5,2028-06-01T00:00:00.000Z,692429a031185c93746d91ef,58.16,20,0,20,pending,69d74d69faba69e047522e90,69d62c0754e441a4c55b636d,true,44.31,886.2,46.79,46.79,42.54,false,2026-04-09T06:55:37.484Z,2026-04-09T06:55:37.486Z,2026-04-09T06:55:37.486Z,0,
69d74dd1faba69e047523e51,0911,69ce43802b2deb9f9bbb7c96,5,2030-10-01T00:00:00.000Z,6936866cbcf19acba530e2eb,865,10,0,0,pending,69d74dd1faba69e047523e4e,69d74cd3faba69e047522a7d,true,475.75,4757.5,498.41,498.41,453.1,false,2026-04-09T06:57:21.410Z,2026-04-09T06:57:21.411Z,2026-04-14T10:34:20.690Z,0,
69d753d62feddc615ef7d481,EC2642,69251a60496994f2855ca10d,5,2027-12-01T00:00:00.000Z,6926eff3a6f059dedd3a3c3a,32.04,1,0,1,pending,69d753d62feddc615ef7d47e,69d750412feddc615ef74217,true,24.41,24.41,25.83,25.83,23.48,false,2026-04-09T07:23:02.341Z,2026-04-09T07:23:02.341Z,2026-04-09T07:23:02.341Z,0,
69d756642feddc615ef83dec,GTH0334A,695f883c17aa50edcc34ff3a,5,2028-12-01T00:00:00.000Z,692eb408c9be211d89b4fcdc,64.88,10,0,10,pending,69d756632feddc615ef83de5,69d752582feddc615ef7aa88,true,49.43,494.3,52.2,52.2,47.45,false,2026-04-09T07:33:56.270Z,2026-04-09T07:33:56.272Z,2026-04-09T07:33:56.272Z,0,
69d756642feddc615ef83df0,DCAF096,69d752252feddc615ef7981f,18,2028-06-01T00:00:00.000Z,692eb408c9be211d89b4fcdc,260,1,0,0,pending,69d756632feddc615ef83de5,69d752582feddc615ef7aa88,true,196.11,196.11,207.1,207.1,188.27,false,2026-04-09T07:33:56.271Z,2026-04-09T07:33:56.272Z,2026-04-14T04:33:47.174Z,0,
69d756642feddc615ef83dee,DCAF132,68c505d2267e3c8d0ddc28c9,18,2028-10-01T00:00:00.000Z,692eb408c9be211d89b4fcdc,165,8,0,3,pending,69d756632feddc615ef83de5,69d752582feddc615ef7aa88,true,124.45,995.6,136.9,136.9,124.45,false,2026-04-09T07:33:56.271Z,2026-04-09T07:33:56.272Z,2026-04-14T10:29:01.633Z,0,
69d756642feddc615ef83ded,YT1126A,69d74f962feddc615ef6eabc,5,2027-06-01T00:00:00.000Z,692eb408c9be211d89b4fcdc,281.16,10,1,11,pending,69d756632feddc615ef83de5,69d752582feddc615ef7aa88,true,214.37,2143.7,205.8,226.38,187.09,false,2026-04-09T07:33:56.271Z,2026-04-09T07:33:56.272Z,2026-04-09T07:33:56.272Z,0,
69d756642feddc615ef83def,DAMF041,69d7512b2feddc615ef764cb,18,2028-05-01T00:00:00.000Z,692eb408c9be211d89b4fcdc,260,1,0,1,pending,69d756632feddc615ef83de5,69d752582feddc615ef7aa88,true,196.11,196.11,207.1,207.1,188.27,false,2026-04-09T07:33:56.271Z,2026-04-09T07:33:56.272Z,2026-04-09T07:33:56.272Z,0,
69d75e592feddc615ef84b86,TDGNAT507,69d7344141ca803b06f2216e,5,2027-11-01T00:00:00.000Z,6923ca42385a8494efbb22ac,14.17,6,0,2,pending,69d75e582feddc615ef84b7f,69d7348741ca803b06f2439e,true,11.63,69.78,12.79,12.79,11.63,false,2026-04-09T08:07:53.277Z,2026-04-09T08:07:53.279Z,2026-04-10T12:24:23.214Z,0,
69d75e592feddc615ef84b84,SU238285,69832fb9e05405627a131e59,5,2028-10-01T00:00:00.000Z,6923ca42385a8494efbb22ac,55.48,10,0,5,pending,69d75e582feddc615ef84b7f,69d7348741ca803b06f2439e,true,44,440,48.4,48.4,44,false,2026-04-09T08:07:53.276Z,2026-04-09T08:07:53.279Z,2026-04-14T05:03:52.956Z,0,
69d75e592feddc615ef84b85,97130,697d5ddb7650d5ea2b3c8e4d,5,2027-06-01T00:00:00.000Z,6923ca42385a8494efbb22ac,318.5,10,0,10,pending,69d75e582feddc615ef84b7f,69d7348741ca803b06f2439e,true,69.6,696,76.56,76.56,69.6,false,2026-04-09T08:07:53.277Z,2026-04-09T08:07:53.279Z,2026-04-09T08:07:53.279Z,0,
69d75e752feddc615ef853ce,JDC-440,697d5db17650d5ea2b3c87f3,5,2027-06-01T00:00:00.000Z,6923ca34385a8494efbb1d3c,110.8,20,5,0,pending,69d75e752feddc615ef853ca,69d73544b8a39af2c73bfbd8,true,84.42,1688.4,71.31,89.14,64.83,false,2026-04-09T08:08:21.809Z,2026-04-09T08:08:21.810Z,2026-04-10T11:42:16.784Z,0,
69d75e752feddc615ef853cf,JDT-073,69d4cab13e87b6724e913ce9,0,2028-10-01T00:00:00.000Z,6923ca34385a8494efbb1d3c,67.98,20,6,0,pending,69d75e752feddc615ef853ca,69d73544b8a39af2c73bfbd8,true,56.94,1138.8,46.25,60.13,42.05,false,2026-04-09T08:08:21.809Z,2026-04-09T08:08:21.810Z,2026-04-10T11:42:14.080Z,0,
69d762d42feddc615ef8e3a0,CD-260133B,69d751542feddc615ef775e3,5,2027-12-01T00:00:00.000Z,69d761642feddc615ef888d9,228,20,4,0,pending,69d762d42feddc615ef8e39d,69d7621a2feddc615ef8bcee,true,156.34,3126.8,143.31,171.97,130.28,false,2026-04-09T08:27:00.544Z,2026-04-09T08:27:00.545Z,2026-04-14T10:28:45.392Z,0,
69d7658d2feddc615ef917c6,B-5130,69d763d22feddc615ef9025f,5,2028-01-01T00:00:00.000Z,6923ca24385a8494efbb17b6,622,8,2,0,pending,69d7658d2feddc615ef917c1,69d7641f2feddc615ef91415,true,481.6,3852.8,406.86,508.57,369.87,false,2026-04-09T08:38:37.334Z,2026-04-09T08:38:37.335Z,2026-04-11T05:33:25.375Z,0,
69d7658d2feddc615ef917c5,25T199,69d761e02feddc615ef8899f,5,2027-05-01T00:00:00.000Z,6923ca24385a8494efbb17b6,370,8,2,0,pending,69d7658d2feddc615ef917c1,69d7641f2feddc615ef91415,true,289.48,2315.84,244.55,305.69,222.32,false,2026-04-09T08:38:37.333Z,2026-04-09T08:38:37.335Z,2026-04-11T05:33:28.081Z,0,
69d768a12feddc615ef9851d,SH50739,69d767192feddc615ef9674c,18,2028-02-01T00:00:00.000Z,6923ca42385a8494efbb22a5,300,96,0,50,pending,69d768a12feddc615ef98518,69d7676a2feddc615ef97869,true,30,2880,33,33,30,false,2026-04-09T08:51:45.638Z,2026-04-09T08:51:45.639Z,2026-04-13T06:28:23.654Z,0,
69d768a12feddc615ef9851c,BC1-26078,6933d613885130098808e0ad,18,2028-02-01T00:00:00.000Z,6923ca42385a8494efbb22a5,908,20,0,20,pending,69d768a12feddc615ef98518,69d7676a2feddc615ef97869,true,85,1700,93.5,93.5,85,false,2026-04-09T08:51:45.637Z,2026-04-09T08:51:45.639Z,2026-04-09T08:51:45.639Z,0,
69d769022feddc615ef98b50,**,6947a87adcf084fea567a48a,18,2032-12-01T00:00:00.000Z,6947aa6fdcf084fea567b0ea,65.26,20,0,20,pending,69d769022feddc615ef98b49,69d766e22feddc615ef962cb,true,46.62,932.4,51.28,51.28,46.62,false,2026-04-09T08:53:22.557Z,2026-04-09T08:53:22.558Z,2026-04-09T08:53:22.558Z,0,
69d769022feddc615ef98b4f,**,69479f06dcf084fea56713df,18,2031-12-01T00:00:00.000Z,6947aa6fdcf084fea567b0ea,123,15,0,15,pending,69d769022feddc615ef98b49,69d766e22feddc615ef962cb,true,87,1305,95.7,95.7,87,false,2026-04-09T08:53:22.557Z,2026-04-09T08:53:22.558Z,2026-04-09T08:53:22.558Z,0,
69d769022feddc615ef98b4e,**,69479f97dcf084fea5671fe7,18,2030-12-01T00:00:00.000Z,6947aa6fdcf084fea567b0ea,123,5,0,5,pending,69d769022feddc615ef98b49,69d766e22feddc615ef962cb,true,87,435,95.7,95.7,87,false,2026-04-09T08:53:22.556Z,2026-04-09T08:53:22.557Z,2026-04-09T08:53:22.557Z,0,
69d76e806cd4f187600b7520,I0DK25048,6963799b9e79681a67fb010b,5,2028-10-01T00:00:00.000Z,69637b139e79681a67fb5fe6,4585.87,1,0,0,pending,69d76e806cd4f187600b7518,69d62bfb54e441a4c55b62b9,true,2240,2240,2464,2464,2240,false,2026-04-09T09:16:48.860Z,2026-04-09T09:16:48.861Z,2026-04-10T12:24:28.402Z,0,
69d76e806cd4f187600b7521,I0DK25049,6963799b9e79681a67fb010b,5,2028-10-01T00:00:00.000Z,69637b139e79681a67fb5fe6,4585.87,9,0,5,pending,69d76e806cd4f187600b7518,69d62bfb54e441a4c55b62b9,true,2240,20160,2464,2464,2240,false,2026-04-09T09:16:48.860Z,2026-04-09T09:16:48.861Z,2026-04-10T12:24:31.028Z,0,
69d76e806cd4f187600b751e,W0D26015,696378929e79681a67fab13f,5,2029-12-01T00:00:00.000Z,69637b139e79681a67fb5fe6,1521.45,20,0,10,pending,69d76e806cd4f187600b7518,69d62bfb54e441a4c55b62b9,true,990,19800,1089,1089,990,false,2026-04-09T09:16:48.859Z,2026-04-09T09:16:48.861Z,2026-04-10T12:24:36.272Z,0,
69d76e806cd4f187600b751f,I0O26002,69d6272254e441a4c55b2869,5,2028-12-01T00:00:00.000Z,69637b139e79681a67fb5fe6,2525.36,10,0,0,pending,69d76e806cd4f187600b7518,69d62bfb54e441a4c55b62b9,true,460,4600,506,506,460,false,2026-04-09T09:16:48.859Z,2026-04-09T09:16:48.861Z,2026-04-10T12:24:33.656Z,0,
69d76f956cd4f187600b8008,L8AHY014,69d5fb4354e441a4c5586f58,5,2028-10-01T00:00:00.000Z,692eb408c9be211d89b4fcdc,159,4,0,4,pending,69d76f956cd4f187600b7ff2,69d604da54e441a4c55989bc,true,121.14,484.56,127.92,127.92,116.29,false,2026-04-09T09:21:25.382Z,2026-04-09T09:21:25.387Z,2026-04-09T09:21:25.387Z,0,
69d76f956cd4f187600b8003,SA26003,69251a64496994f2855ca193,5,2028-01-01T00:00:00.000Z,692eb408c9be211d89b4fcdc,230.88,3,0,3,pending,69d76f956cd4f187600b7ff2,69d604da54e441a4c55989bc,true,175.91,527.73,185.76,185.76,168.87,false,2026-04-09T09:21:25.380Z,2026-04-09T09:21:25.387Z,2026-04-09T09:21:25.387Z,0,
69d76f956cd4f187600b8007,PKNCQ41,69d5f88954e441a4c5581a44,5,2027-03-01T00:00:00.000Z,692eb408c9be211d89b4fcdc,170,10,0,10,pending,69d76f956cd4f187600b7ff2,69d604da54e441a4c55989bc,true,129.52,1295.2,136.77,136.77,124.34,false,2026-04-09T09:21:25.381Z,2026-04-09T09:21:25.387Z,2026-04-09T09:21:25.387Z,0,
69d76f956cd4f187600b8005,BOBTY004,697f35491b747d866edb4c29,5,2027-05-01T00:00:00.000Z,692eb408c9be211d89b4fcdc,61.13,5,0,0,pending,69d76f956cd4f187600b7ff2,69d604da54e441a4c55989bc,true,46.58,232.89999999999998,49.19,49.19,44.72,false,2026-04-09T09:21:25.381Z,2026-04-09T09:21:25.387Z,2026-04-11T08:58:30.433Z,0,
69d76f956cd4f187600b8004,BIF26004,69045b5431811f2ae2c97e93,5,2027-06-01T00:00:00.000Z,692eb408c9be211d89b4fcdc,248.15,21,0,6,pending,69d76f956cd4f187600b7ff2,69d604da54e441a4c55989bc,true,189.07,3970.47,199.66,199.66,181.51,false,2026-04-09T09:21:25.380Z,2026-04-09T09:21:25.387Z,2026-04-13T06:49:24.355Z,0,
69d76f956cd4f187600b8009,14255016A,69d5fd1b54e441a4c558b482,5,2028-10-01T00:00:00.000Z,692eb408c9be211d89b4fcdc,198.03,20,0,20,pending,69d76f956cd4f187600b7ff2,69d604da54e441a4c55989bc,true,150.88,3017.6,159.32,159.32,144.84,false,2026-04-09T09:21:25.382Z,2026-04-09T09:21:25.387Z,2026-04-09T09:21:25.387Z,0,
69d76f956cd4f187600b8006,26440477,697d5d807650d5ea2b3c8065,5,2028-01-01T00:00:00.000Z,692eb408c9be211d89b4fcdc,261.9,20,0,10,pending,69d76f956cd4f187600b7ff2,69d604da54e441a4c55989bc,true,199.54,3990.7999999999997,210.72,210.72,191.56,false,2026-04-09T09:21:25.381Z,2026-04-09T09:21:25.387Z,2026-04-11T08:58:46.112Z,0,
69d76f956cd4f187600b800d,B95Y155,69ce435d2b2deb9f9bbb74f6,5,2027-11-01T00:00:00.000Z,692eb408c9be211d89b4fcdc,238.91,7.5,0.5,0,pending,69d76f956cd4f187600b7ff2,69d604da54e441a4c55989bc,true,182.03,1365.225,180.21,192.23,163.83,false,2026-04-09T09:21:25.383Z,2026-04-09T09:21:25.387Z,2026-04-11T08:58:48.692Z,0,
69d76f956cd4f187600b800c,ZEG0624A,69d600af54e441a4c55952fb,5,2028-12-01T00:00:00.000Z,692eb408c9be211d89b4fcdc,156.54,5,0,0,pending,69d76f956cd4f187600b7ff2,69d604da54e441a4c55989bc,true,119.27,596.35,125.95,125.95,114.5,false,2026-04-09T09:21:25.383Z,2026-04-09T09:21:25.387Z,2026-04-11T08:59:01.936Z,0,
69d76f956cd4f187600b800e,SM2T-26024,69d601c454e441a4c55965b8,5,2028-01-01T00:00:00.000Z,692eb408c9be211d89b4fcdc,53.44,5,1,6,pending,69d76f956cd4f187600b7ff2,69d604da54e441a4c55989bc,true,40.72,203.6,35.84,43.01,32.58,false,2026-04-09T09:21:25.383Z,2026-04-09T09:21:25.387Z,2026-04-09T09:21:25.387Z,0,
69d76f956cd4f187600b800f,IEW-1554,69d6033054e441a4c55976c4,5,2026-12-01T00:00:00.000Z,692eb408c9be211d89b4fcdc,30.63,30,0,30,pending,69d76f956cd4f187600b7ff2,69d604da54e441a4c55989bc,true,10.18,305.4,10.75,10.75,9.77,false,2026-04-09T09:21:25.384Z,2026-04-09T09:21:25.387Z,2026-04-09T09:21:25.387Z,0,
69d76f956cd4f187600b8010,PKNCQ40,69d5f88954e441a4c5581a44,5,2026-12-01T00:00:00.000Z,692eb408c9be211d89b4fcdc,170,8,0,8,pending,69d76f956cd4f187600b7ff2,69d604da54e441a4c55989bc,true,129.52,1036.16,136.77,136.77,124.34,false,2026-04-09T09:21:25.384Z,2026-04-09T09:21:25.387Z,2026-04-09T09:21:25.387Z,0,
69d76f956cd4f187600b8011,B95Y155,69ce435d2b2deb9f9bbb74f6,5,2027-11-01T00:00:00.000Z,692eb408c9be211d89b4fcdc,238.91,2,0,0,pending,69d76f956cd4f187600b7ff2,69d604da54e441a4c55989bc,true,166.86,333.72,176.21,176.21,160.19,false,2026-04-09T09:21:25.384Z,2026-04-09T09:21:25.387Z,2026-04-11T08:58:51.288Z,0,
69d76f956cd4f187600b800b,28027863,68c505d2267e3c8d0ddc2cb5,5,2027-06-01T00:00:00.000Z,692eb408c9be211d89b4fcdc,61.22,30,0,20,pending,69d76f956cd4f187600b7ff2,69d604da54e441a4c55989bc,true,48.97,1469.1,51.71,51.71,47.01,false,2026-04-09T09:21:25.383Z,2026-04-09T09:21:25.387Z,2026-04-11T08:58:40.934Z,0,
69d76f956cd4f187600b800a,LXC26003,69d5ff4b54e441a4c5590695,5,2028-01-01T00:00:00.000Z,692eb408c9be211d89b4fcdc,229.73,10,0,0,pending,69d76f956cd4f187600b7ff2,69d604da54e441a4c55989bc,true,175.03,1750.3,184.83,184.83,168.03,false,2026-04-09T09:21:25.382Z,2026-04-09T09:21:25.387Z,2026-04-11T08:58:35.719Z,0,
69d770286cd4f187600babd0,3824732,69d76965d2844d65cf2c7142,5,2028-12-01T00:00:00.000Z,6923ca42385a8494efbb22ac,488,10,0,10,pending,69d770286cd4f187600babcd,69d76dea6cd4f187600b7060,true,348.57,3485.7,383.43,383.43,348.57,false,2026-04-09T09:23:52.300Z,2026-04-09T09:23:52.300Z,2026-04-09T09:23:52.300Z,0,
69d7714c6cd4f187600be1d7,TL0304C6,69251a72496994f2855ca3f8,5,2029-02-01T00:00:00.000Z,6923ca3a385a8494efbb1f95,21.02,500,0,500,pending,69d7714b6cd4f187600be1d4,69d770946cd4f187600bd417,true,9.5,4750,10.45,10.45,9.5,false,2026-04-09T09:28:44.049Z,2026-04-09T09:28:44.050Z,2026-04-09T09:28:44.050Z,0,
69d771dd6cd4f187600be546,TEGH2601B,69424899fa5d727ee63585c3,5,2028-01-01T00:00:00.000Z,69424afafa5d727ee635e446,53828.56,1,0,1,pending,69d771dd6cd4f187600be541,69d76ed7d2844d65cf2ca742,true,17500,17500,19250,19250,17500,false,2026-04-09T09:31:09.945Z,2026-04-09T09:31:09.945Z,2026-04-09T09:31:09.945Z,0,
69d771dd6cd4f187600be545,TEFH2601C,6942483bfa5d727ee63579d0,5,2027-12-01T00:00:00.000Z,69424afafa5d727ee635e446,37960.88,1,0,1,pending,69d771dd6cd4f187600be541,69d76ed7d2844d65cf2ca742,true,15500,15500,17050,17050,15500,false,2026-04-09T09:31:09.944Z,2026-04-09T09:31:09.945Z,2026-04-09T09:31:09.945Z,0,
69d774f56cd4f187600c5a20,2514160G,69251a68496994f2855ca241,5,2030-06-01T00:00:00.000Z,6923ca4d385a8494efbb273c,286,50,0,50,pending,69d774f56cd4f187600c5a1c,69d773e86cd4f187600c315d,true,22.8,1140,25.08,25.08,22.8,false,2026-04-09T09:44:21.572Z,2026-04-09T09:44:21.573Z,2026-04-09T09:44:21.573Z,0,
69d774f56cd4f187600c5a21,2516344M,69251a78496994f2855ca4f2,5,2030-10-01T00:00:00.000Z,6923ca4d385a8494efbb273c,75,50,0,30,pending,69d774f56cd4f187600c5a1c,69d773e86cd4f187600c315d,true,7,350,7.7,7.7,7,false,2026-04-09T09:44:21.573Z,2026-04-09T09:44:21.573Z,2026-04-13T06:32:20.659Z,0,
69d77a49c123721a53898e71,ASCO-25278,69d778fdc123721a53896bfd,5,2027-04-01T00:00:00.000Z,6963770d9e79681a67fa95d9,475.17,20,4,24,pending,69d77a48c123721a53898e6c,69d77921c123721a53897d47,true,362.03,7240.599999999999,325.23,390.27,295.66,false,2026-04-09T10:07:05.182Z,2026-04-09T10:07:05.183Z,2026-04-09T10:07:05.183Z,0,
69d77a49c123721a53898e70,T240666,69d776706cd4f187600cf1e4,5,2026-07-01T00:00:00.000Z,6963770d9e79681a67fa95d9,256.88,20,4,24,pending,69d77a48c123721a53898e6c,69d77921c123721a53897d47,true,195.71,3914.2000000000003,175.81,210.98,159.83,false,2026-04-09T10:07:05.181Z,2026-04-09T10:07:05.182Z,2026-04-09T10:07:05.182Z,0,
69d77aefc123721a538994ba,**,697de6db332f38d770ca03c5,18,2030-12-01T00:00:00.000Z,6923ca40385a8494efbb21a9,200,5,0,5,pending,69d77aefc123721a538994ab,69d777a8c123721a53890757,true,120,600,132,132,120,false,2026-04-09T10:09:51.364Z,2026-04-09T10:09:51.365Z,2026-04-09T10:09:51.365Z,0,
69d77aefc123721a538994b9,**,6954fe44cf8216c6d7bb3cc5,18,2029-12-01T00:00:00.000Z,6923ca40385a8494efbb21a9,250,2,0,2,pending,69d77aefc123721a538994ab,69d777a8c123721a53890757,true,150,300,165,165,150,false,2026-04-09T10:09:51.362Z,2026-04-09T10:09:51.365Z,2026-04-09T10:09:51.365Z,0,
69d77aefc123721a538994b7,**,69479444dcf084fea566b1f9,18,2032-01-01T00:00:00.000Z,6923ca40385a8494efbb21a9,120,10,0,10,pending,69d77aefc123721a538994ab,69d777a8c123721a53890757,true,80,800,88,88,80,false,2026-04-09T10:09:51.362Z,2026-04-09T10:09:51.365Z,2026-04-09T10:09:51.365Z,0,
69d77aefc123721a538994b6,**,69d7769d6cd4f187600d032b,18,2030-11-01T00:00:00.000Z,6923ca40385a8494efbb21a9,250,5,0,5,pending,69d77aefc123721a538994ab,69d777a8c123721a53890757,true,180,900,198,198,180,false,2026-04-09T10:09:51.361Z,2026-04-09T10:09:51.365Z,2026-04-09T10:09:51.365Z,0,
69d77aefc123721a538994b8,**,69479395dcf084fea566a5e7,18,2030-12-01T00:00:00.000Z,6923ca40385a8494efbb21a9,300,5,0,5,pending,69d77aefc123721a538994ab,69d777a8c123721a53890757,true,80,400,88,88,80,false,2026-04-09T10:09:51.362Z,2026-04-09T10:09:51.365Z,2026-04-09T10:09:51.365Z,0,
69d77aefc123721a538994b4,**,69d7755e6cd4f187600cbddd,18,2029-12-01T00:00:00.000Z,6923ca40385a8494efbb21a9,250,4,0,4,pending,69d77aefc123721a538994ab,69d777a8c123721a53890757,true,180,720,198,198,180,false,2026-04-09T10:09:51.360Z,2026-04-09T10:09:51.365Z,2026-04-09T10:09:51.365Z,0,
69d77aefc123721a538994b5,**,69d775df6cd4f187600ce01f,18,2030-11-01T00:00:00.000Z,6923ca40385a8494efbb21a9,50,20,0,20,pending,69d77aefc123721a538994ab,69d777a8c123721a53890757,true,35,700,38.5,38.5,35,false,2026-04-09T10:09:51.361Z,2026-04-09T10:09:51.365Z,2026-04-09T10:09:51.365Z,0,
69d7866cc123721a5389d790,STG-260054,69ce434e2b2deb9f9bbb71d8,5,2028-12-01T00:00:00.000Z,69d34f4f6a90bf8f8480abd5,456.56,200,0,200,pending,69d7866cc123721a5389d78c,69d78536c123721a5389d031,true,304.58,60916,335.04,335.04,304.58,false,2026-04-09T10:58:52.538Z,2026-04-09T10:58:52.540Z,2026-04-09T10:58:52.540Z,0,
69d7866cc123721a5389d791,STB-250194,69d7762ee8816ebab6107096,5,2027-06-01T00:00:00.000Z,69d34f4f6a90bf8f8480abd5,517.5,30,0,30,pending,69d7866cc123721a5389d78c,69d78536c123721a5389d031,true,240,7200,264,264,240,false,2026-04-09T10:58:52.539Z,2026-04-09T10:58:52.540Z,2026-04-09T10:58:52.540Z,0,
69d78919c123721a538a51ca,TP00225,692a8d0475a32a66bcf8a21b,5,2028-11-01T00:00:00.000Z,692825e5a6f059dedd3d9079,177.5,40,0,0,pending,69d78919c123721a538a51c6,69d787e4c123721a538a2872,true,135.24,5409.6,142.81,142.81,129.83,false,2026-04-09T11:10:17.652Z,2026-04-09T11:10:17.657Z,2026-04-10T05:48:15.505Z,0,
69d78919c123721a538a51cb,P02325,68c505d2267e3c8d0ddc29d3,5,2027-11-01T00:00:00.000Z,692825e5a6f059dedd3d9079,64.21,30,0,30,pending,69d78919c123721a538a51c6,69d787e4c123721a538a2872,true,48.93,1467.9,51.67,51.67,46.97,false,2026-04-09T11:10:17.653Z,2026-04-09T11:10:17.657Z,2026-04-09T11:10:17.657Z,0,
69d78e26eb7cb8ce7c0f1066,0000752162,69d78af5c123721a538ab051,18,2031-02-01T00:00:00.000Z,69451e3d609c8b24f4a4b037,5185,2,0,2,pending,69d78e26eb7cb8ce7c0f1060,69d78cb5c123721a538adb06,true,3988,7976,4386.8,4386.8,3988,false,2026-04-09T11:31:50.898Z,2026-04-09T11:31:50.899Z,2026-04-09T11:31:50.899Z,0,
69d78e26eb7cb8ce7c0f1065,0000743984,69d78a55c123721a538a7be6,18,2030-12-01T00:00:00.000Z,69451e3d609c8b24f4a4b037,6671.1,2,0,2,pending,69d78e26eb7cb8ce7c0f1060,69d78cb5c123721a538adb06,true,5132,10264,5645.2,5645.2,5132,false,2026-04-09T11:31:50.898Z,2026-04-09T11:31:50.899Z,2026-04-09T11:31:50.899Z,0,
69d78e26eb7cb8ce7c0f1067,0000739925,69d78c47c123721a538ac9c2,18,2030-12-01T00:00:00.000Z,69451e3d609c8b24f4a4b037,5893,1,0,1,pending,69d78e26eb7cb8ce7c0f1060,69d78cb5c123721a538adb06,true,4533,4533,4986.3,4986.3,4533,false,2026-04-09T11:31:50.898Z,2026-04-09T11:31:50.899Z,2026-04-09T11:31:50.899Z,0,
69d79192eb7cb8ce7c0f890e,60772J6D2,694a2f91f25719f74a5190d5,5,2027-07-01T00:00:00.000Z,6923ca35385a8494efbb1d88,9000,10,0,0,pending,69d79192eb7cb8ce7c0f8908,69d78faeeb7cb8ce7c0f2cc1,true,2300,23000,2530,2530,2300,false,2026-04-09T11:46:26.303Z,2026-04-09T11:46:26.305Z,2026-04-10T05:28:31.222Z,0,
69d79192eb7cb8ce7c0f8911,62071Q3D2,69744dca5e174f9cf2381bf0,5,2027-07-01T00:00:00.000Z,6923ca35385a8494efbb1d88,7500,2,0,0,pending,69d79192eb7cb8ce7c0f8908,69d78faeeb7cb8ce7c0f2cc1,true,1500,3000,1650,1650,1500,false,2026-04-09T11:46:26.304Z,2026-04-09T11:46:26.305Z,2026-04-10T05:28:39.082Z,0,
69d79192eb7cb8ce7c0f890f,6217371D2,69d78cdeeb7cb8ce7c0e932e,5,2027-08-01T00:00:00.000Z,6923ca35385a8494efbb1d88,10000,5,0,0,pending,69d79192eb7cb8ce7c0f8908,69d78faeeb7cb8ce7c0f2cc1,true,3700,18500,4070,4070,3700,false,2026-04-09T11:46:26.304Z,2026-04-09T11:46:26.305Z,2026-04-10T05:28:33.853Z,0,
69d79192eb7cb8ce7c0f8910,6417241D1,69d78f08eb7cb8ce7c0f1b86,5,2027-04-01T00:00:00.000Z,6923ca35385a8494efbb1d88,30000,2,0,0,pending,69d79192eb7cb8ce7c0f8908,69d78faeeb7cb8ce7c0f2cc1,true,10200,20400,11220,11220,10200,false,2026-04-09T11:46:26.304Z,2026-04-09T11:46:26.305Z,2026-04-10T05:28:36.478Z,0,
69d7931deb7cb8ce7c0fd305,250654009,69d7926ceb7cb8ce7c0f9520,5,2027-10-01T00:00:00.000Z,69d34f4f6a90bf8f8480ac44,40879,1,0,0,pending,69d7931ceb7cb8ce7c0fd302,69d79299eb7cb8ce7c0fc85f,true,38932.38,38932.38,38932.38,38932.38,38932.38,false,2026-04-09T11:53:01.183Z,2026-04-09T11:53:01.184Z,2026-04-09T11:56:31.105Z,0,
69d793bbeb7cb8ce7c100146,BI250279H,68ff5c59f4ae89bffe1dcef8,5,2027-10-01T00:00:00.000Z,6926eff3a6f059dedd3a3c3a,3083.44,8,0,0,pending,69d793bbeb7cb8ce7c10013f,69d7523b2feddc615ef7a937,true,2349.29,18794.32,795.53,795.53,723.21,false,2026-04-09T11:55:39.514Z,2026-04-09T11:55:39.515Z,2026-04-13T06:28:14.318Z,0,
69d793bbeb7cb8ce7c100148,BI260023D,68ff5c59f4ae89bffe1dcef8,5,2027-12-01T00:00:00.000Z,6926eff3a6f059dedd3a3c3a,3083.44,2,0,0,pending,69d793bbeb7cb8ce7c10013f,69d7523b2feddc615ef7a937,true,2349.29,4698.58,795.53,795.53,723.21,false,2026-04-09T11:55:39.514Z,2026-04-09T11:55:39.515Z,2026-04-13T06:28:17.057Z,0,
69d793bbeb7cb8ce7c100147,F26L101,69d7520f2feddc615ef78707,5,2027-06-01T00:00:00.000Z,6926eff3a6f059dedd3a3c3a,96.99,5.5,0.5,3,pending,69d793bbeb7cb8ce7c10013f,69d7523b2feddc615ef7a937,true,73.9,406.45000000000005,71.69,78.2,65.17,false,2026-04-09T11:55:39.514Z,2026-04-09T11:55:39.515Z,2026-04-13T06:28:11.413Z,0,
69d793bbeb7cb8ce7c100145,035L027,68c505d2267e3c8d0ddc2991,5,2027-05-01T00:00:00.000Z,6926eff3a6f059dedd3a3c3a,333.68,5,0,3,pending,69d793bbeb7cb8ce7c10013f,69d7523b2feddc615ef7a937,true,254.23,1271.1499999999999,269.03,269.03,244.57,false,2026-04-09T11:55:39.513Z,2026-04-09T11:55:39.515Z,2026-04-13T06:28:08.746Z,0,
69d79638eb7cb8ce7c107baf,CC23105,68c505d2267e3c8d0ddc28c2,18,2026-08-01T00:00:00.000Z,6923ca4a385a8494efbb25d1,638,20,0,5,pending,69d79637eb7cb8ce7c107bac,69d795aaeb7cb8ce7c105350,true,389.29,7785.8,428.22,428.22,389.29,false,2026-04-09T12:06:16.235Z,2026-04-09T12:06:16.235Z,2026-04-09T12:12:05.135Z,0,
69d799aceb7cb8ce7c10ec49,31051,697d5ddd7650d5ea2b3c8ea3,5,2027-11-01T00:00:00.000Z,6923ca42385a8494efbb22ac,1017.65,10,0,0,pending,69d799abeb7cb8ce7c10ec40,69d79854eb7cb8ce7c10e61d,true,92.5,925,101.75,101.75,92.5,false,2026-04-09T12:21:00.220Z,2026-04-09T12:21:00.221Z,2026-04-10T05:29:30.079Z,0,
69d799aceb7cb8ce7c10ec47,KPNP736016,69d797e1eb7cb8ce7c10b262,5,2027-10-01T00:00:00.000Z,6923ca42385a8494efbb22ac,378.3,3,0,0,pending,69d799abeb7cb8ce7c10ec40,69d79854eb7cb8ce7c10e61d,true,275.55,826.6500000000001,303.11,303.11,275.55,false,2026-04-09T12:21:00.219Z,2026-04-09T12:21:00.221Z,2026-04-10T05:29:24.944Z,0,
69d799aceb7cb8ce7c10ec46,KP094053,69d79737eb7cb8ce7c10a12f,5,2027-08-01T00:00:00.000Z,6923ca42385a8494efbb22ac,64.86,10,0,2,pending,69d799abeb7cb8ce7c10ec40,69d79854eb7cb8ce7c10e61d,true,41,410,45.1,45.1,41,false,2026-04-09T12:21:00.218Z,2026-04-09T12:21:00.221Z,2026-04-10T05:29:27.509Z,0,
69d799aceb7cb8ce7c10ec48,SU530252,69ce43342b2deb9f9bbb6c05,5,2027-07-01T00:00:00.000Z,6923ca42385a8494efbb22ac,270.9,2,0,2,pending,69d799abeb7cb8ce7c10ec40,69d79854eb7cb8ce7c10e61d,true,130,260,130,130,130,false,2026-04-09T12:21:00.219Z,2026-04-09T12:21:00.221Z,2026-04-09T12:21:00.221Z,0,
69d87e0f509d57f41e54d2b0,**,69521cab8da4f7c5d9260b13,18,2031-12-01T00:00:00.000Z,6923ca4d385a8494efbb2712,18,10,0,10,pending,69d87e0f509d57f41e54d2a4,69d87a4a695c31ac121ff199,true,8.5,85,9.35,9.35,8.5,false,2026-04-10T04:35:27.443Z,2026-04-10T04:35:27.447Z,2026-04-10T04:35:27.447Z,0,
69d87e0f509d57f41e54d2b1,**,69d87a00695c31ac121fe07c,18,2036-02-01T00:00:00.000Z,6923ca4d385a8494efbb2712,190,5,0,5,pending,69d87e0f509d57f41e54d2a4,69d87a4a695c31ac121ff199,true,130,650,143,143,130,false,2026-04-10T04:35:27.444Z,2026-04-10T04:35:27.447Z,2026-04-10T04:35:27.447Z,0,
69d87e0f509d57f41e54d2af,**,695e35088998f1e02a42b568,18,2030-12-01T00:00:00.000Z,6923ca4d385a8494efbb2712,50,10,0,10,pending,69d87e0f509d57f41e54d2a4,69d87a4a695c31ac121ff199,true,25,250,27.5,27.5,25,false,2026-04-10T04:35:27.442Z,2026-04-10T04:35:27.447Z,2026-04-10T04:35:27.447Z,0,
69d87e0f509d57f41e54d2b4,**,69521fcf8da4f7c5d92647e5,18,2030-12-01T00:00:00.000Z,6923ca4d385a8494efbb2712,35,10,0,10,pending,69d87e0f509d57f41e54d2a4,69d87a4a695c31ac121ff199,true,13,130,14.3,14.3,13,false,2026-04-10T04:35:27.445Z,2026-04-10T04:35:27.447Z,2026-04-10T04:35:27.447Z,0,
69d87e0f509d57f41e54d2b3,**,69662392b6f2a316d885772e,18,2029-11-01T00:00:00.000Z,6923ca4d385a8494efbb2712,298.09,5,0,5,pending,69d87e0f509d57f41e54d2a4,69d87a4a695c31ac121ff199,true,210,1050,231,231,210,false,2026-04-10T04:35:27.444Z,2026-04-10T04:35:27.447Z,2026-04-10T04:35:27.447Z,0,
69d87e0f509d57f41e54d2b5,**,69ce436d2b2deb9f9bbb7855,5,2030-12-01T00:00:00.000Z,6923ca4d385a8494efbb2712,200,10,0,10,pending,69d87e0f509d57f41e54d2a4,69d87a4a695c31ac121ff199,true,50,500,55,55,50,false,2026-04-10T04:35:27.445Z,2026-04-10T04:35:27.447Z,2026-04-10T04:35:27.447Z,0,
69d87e0f509d57f41e54d2b6,**,6971ffb8bd1798cc350fe614,18,2030-12-01T00:00:00.000Z,6923ca4d385a8494efbb2712,500,2,0,1,pending,69d87e0f509d57f41e54d2a4,69d87a4a695c31ac121ff199,true,138,276,151.8,151.8,138,false,2026-04-10T04:35:27.445Z,2026-04-10T04:35:27.447Z,2026-04-15T05:05:01.524Z,0,
69d87e0f509d57f41e54d2b2,**,69521d028da4f7c5d9261731,18,2035-12-01T00:00:00.000Z,6923ca4d385a8494efbb2712,25,10,0,10,pending,69d87e0f509d57f41e54d2a4,69d87a4a695c31ac121ff199,true,17.2,172,18.92,18.92,17.2,false,2026-04-10T04:35:27.444Z,2026-04-10T04:35:27.447Z,2026-04-10T04:35:27.447Z,0,
69d887a7eb7cb8ce7c14fc8f,SRV5073,69d886d6eb7cb8ce7c14d707,5,2028-11-01T00:00:00.000Z,693be6f24f899252628c9d94,404.4,10,0,0,pending,69d887a6eb7cb8ce7c14fc8c,69d8870aeb7cb8ce7c14e830,true,304.76,3047.6,335.24,335.24,304.76,false,2026-04-10T05:16:23.131Z,2026-04-10T05:16:23.131Z,2026-04-10T05:48:20.693Z,0,
69d889e6eb7cb8ce7c153ec7,0054W002,69d888edeb7cb8ce7c1522b6,5,2027-04-01T00:00:00.000Z,6923ca2d385a8494efbb1ac6,138,2,0,0,pending,69d889e5eb7cb8ce7c153ec4,69d88932eb7cb8ce7c1533d3,true,104.76,209.52,115.24,115.24,104.76,false,2026-04-10T05:25:58.020Z,2026-04-10T05:25:58.021Z,2026-04-10T11:43:37.617Z,0,
69d8969beb7cb8ce7c160d19,B26009,69d87c3aeb7cb8ce7c131d9c,5,2028-01-01T00:00:00.000Z,69451e3d609c8b24f4a4b037,6417,1,0,0,pending,69d8969beb7cb8ce7c160cfa,69d88a79eb7cb8ce7c155461,true,4936,4936,5429.6,5429.6,4936,false,2026-04-10T06:20:11.939Z,2026-04-10T06:20:11.946Z,2026-04-14T04:48:25.613Z,0,
69d8969beb7cb8ce7c160d1a,LP2504,69d87cbdeb7cb8ce7c133e9a,5,2026-12-01T00:00:00.000Z,69451e3d609c8b24f4a4b037,22400,1,0,0,pending,69d8969beb7cb8ce7c160cfa,69d88a79eb7cb8ce7c155461,true,17920,17920,19712,19712,17920,false,2026-04-10T06:20:11.940Z,2026-04-10T06:20:11.946Z,2026-04-14T04:48:25.918Z,0,
69d8969beb7cb8ce7c160d16,60172983,69671c4ab6f2a316d888181e,5,2027-02-01T00:00:00.000Z,69451e3d609c8b24f4a4b037,10632,1,0,0,pending,69d8969beb7cb8ce7c160cfa,69d88a79eb7cb8ce7c155461,true,5210,5210,5731,5731,5210,false,2026-04-10T06:20:11.939Z,2026-04-10T06:20:11.945Z,2026-04-14T04:48:24.659Z,0,
69d8969beb7cb8ce7c160d17,60174078,69d87a3ceb7cb8ce7c12902f,5,2026-12-01T00:00:00.000Z,69451e3d609c8b24f4a4b037,30879,1,0,0,pending,69d8969beb7cb8ce7c160cfa,69d88a79eb7cb8ce7c155461,true,14850,14850,16335,16335,14850,false,2026-04-10T06:20:11.939Z,2026-04-10T06:20:11.946Z,2026-04-14T04:48:24.940Z,0,
69d8969beb7cb8ce7c160d15,301251020T,69d87998eb7cb8ce7c12484d,18,2027-10-01T00:00:00.000Z,69451e3d609c8b24f4a4b037,10200,1,0,0,pending,69d8969beb7cb8ce7c160cfa,69d88a79eb7cb8ce7c155461,true,6769,6769,7445.9,7445.9,6769,false,2026-04-10T06:20:11.938Z,2026-04-10T06:20:11.945Z,2026-04-14T04:48:24.380Z,0,
69d8969beb7cb8ce7c160d1b,251027011,694e7618777307ec7453e71a,5,2027-10-01T00:00:00.000Z,69451e3d609c8b24f4a4b037,12750,1,0,1,pending,69d8969beb7cb8ce7c160cfa,69d88a79eb7cb8ce7c155461,true,9110,9110,10021,10021,9110,false,2026-04-10T06:20:11.940Z,2026-04-10T06:20:11.946Z,2026-04-10T06:20:11.946Z,0,
69d8969beb7cb8ce7c160d14,241250231,69d875f3eb7cb8ce7c119698,5,2027-10-01T00:00:00.000Z,69451e3d609c8b24f4a4b037,2958,1,0,0,pending,69d8969beb7cb8ce7c160cfa,69d88a79eb7cb8ce7c155461,true,2275,2275,2502.5,2502.5,2275,false,2026-04-10T06:20:11.937Z,2026-04-10T06:20:11.945Z,2026-04-14T04:48:24.101Z,0,
69d8969beb7cb8ce7c160d18,CREZ2503,69d87b3ceb7cb8ce7c12d1f5,5,2026-09-01T00:00:00.000Z,69451e3d609c8b24f4a4b037,7280,1,0,0,pending,69d8969beb7cb8ce7c160cfa,69d88a79eb7cb8ce7c155461,true,6915,6915,6915,6915,6915,false,2026-04-10T06:20:11.939Z,2026-04-10T06:20:11.946Z,2026-04-14T04:48:25.294Z,0,
69d8969beb7cb8ce7c160d1c,2025090501,69478433dcf084fea565bdff,5,2027-09-01T00:00:00.000Z,69451e3d609c8b24f4a4b037,8000,1,0,0,pending,69d8969beb7cb8ce7c160cfa,69d88a79eb7cb8ce7c155461,true,7368,7368,7368,7368,7368,false,2026-04-10T06:20:11.940Z,2026-04-10T06:20:11.946Z,2026-04-14T04:48:26.476Z,0,
69d8969beb7cb8ce7c160d1f,URS502040,69d8866ceb7cb8ce7c14c5ea,5,2027-02-01T00:00:00.000Z,69451e3d609c8b24f4a4b037,1445,1,0,0,pending,69d8969beb7cb8ce7c160cfa,69d88a79eb7cb8ce7c155461,true,650,650,715,715,650,false,2026-04-10T06:20:11.940Z,2026-04-10T06:20:11.946Z,2026-04-14T04:48:27.328Z,0,
69d8969beb7cb8ce7c160d21,HCD122552,69845a995aee69d3a766fa6a,5,2027-11-01T00:00:00.000Z,69451e3d609c8b24f4a4b037,9068,1,0,0,pending,69d8969beb7cb8ce7c160cfa,69d88a79eb7cb8ce7c155461,true,5800,5800,6380,6380,5800,false,2026-04-10T06:20:11.941Z,2026-04-10T06:20:11.946Z,2026-04-14T04:48:27.961Z,0,
69d8969beb7cb8ce7c160d20,F0621W3H00D,69d88788eb7cb8ce7c14eb6c,5,2027-05-01T00:00:00.000Z,69451e3d609c8b24f4a4b037,93.66,30,0,0,pending,69d8969beb7cb8ce7c160cfa,69d88a79eb7cb8ce7c155461,true,32,960,35.2,35.2,32,false,2026-04-10T06:20:11.940Z,2026-04-10T06:20:11.946Z,2026-04-14T04:48:27.605Z,0,
69d8969beb7cb8ce7c160d22,HPC260319,69d87fb9eb7cb8ce7c13cd2d,5,2028-08-01T00:00:00.000Z,69451e3d609c8b24f4a4b037,2365,1,0,0,pending,69d8969beb7cb8ce7c160cfa,69d88a79eb7cb8ce7c155461,true,1359,1359,1494.9,1494.9,1359,false,2026-04-10T06:20:11.941Z,2026-04-10T06:20:11.946Z,2026-04-14T04:48:28.398Z,0,
69d8969beb7cb8ce7c160d25,240327,69478ce3dcf084fea5662a5d,18,2029-09-01T00:00:00.000Z,69451e3d609c8b24f4a4b037,330,1,0,0,pending,69d8969beb7cb8ce7c160cfa,69d88a79eb7cb8ce7c155461,true,165,165,181.5,181.5,165,false,2026-04-10T06:20:11.941Z,2026-04-10T06:20:11.946Z,2026-04-14T04:48:29.614Z,0,
69d8969beb7cb8ce7c160d23,HTD022606,69845a165aee69d3a766fa50,5,2028-01-01T00:00:00.000Z,69451e3d609c8b24f4a4b037,7118.64,1,0,0,pending,69d8969beb7cb8ce7c160cfa,69d88a79eb7cb8ce7c155461,true,5800,5800,6380,6380,5800,false,2026-04-10T06:20:11.941Z,2026-04-10T06:20:11.946Z,2026-04-14T04:48:28.707Z,0,
69d8969beb7cb8ce7c160d26,240327,69478d79dcf084fea5663665,18,2029-03-01T00:00:00.000Z,69451e3d609c8b24f4a4b037,350,1,0,0,pending,69d8969beb7cb8ce7c160cfa,69d88a79eb7cb8ce7c155461,true,175,175,192.5,192.5,175,false,2026-04-10T06:20:11.942Z,2026-04-10T06:20:11.947Z,2026-04-14T04:48:29.308Z,0,
69d8969beb7cb8ce7c160d24,**,69843ae69a36e5544775d363,18,2030-12-01T00:00:00.000Z,69451e3d609c8b24f4a4b037,124.58,50,0,0,pending,69d8969beb7cb8ce7c160cfa,69d88a79eb7cb8ce7c155461,true,75,3750,82.5,82.5,75,false,2026-04-10T06:20:11.941Z,2026-04-10T06:20:11.946Z,2026-04-14T04:48:29.005Z,0,
69d8969beb7cb8ce7c160d27,01092025,69d881c2eb7cb8ce7c140d7a,5,2030-08-01T00:00:00.000Z,69451e3d609c8b24f4a4b037,525,1,0,0,pending,69d8969beb7cb8ce7c160cfa,69d88a79eb7cb8ce7c155461,true,260,260,286,286,260,false,2026-04-10T06:20:11.942Z,2026-04-10T06:20:11.947Z,2026-04-14T04:48:29.895Z,0,
69d8969beb7cb8ce7c160d28,3032512,698437f21d5b8d85db508b8e,5,2027-03-01T00:00:00.000Z,69451e3d609c8b24f4a4b037,810,2,0,0,pending,69d8969beb7cb8ce7c160cfa,69d88a79eb7cb8ce7c155461,true,688.5,1377,757.35,757.35,688.5,false,2026-04-10T06:20:11.942Z,2026-04-10T06:20:11.947Z,2026-04-14T04:48:30.174Z,0,
69d8969beb7cb8ce7c160d2a,HA52008,69d889e9eb7cb8ce7c154148,5,2027-05-01T00:00:00.000Z,69451e3d609c8b24f4a4b037,2200,1,0,0,pending,69d8969beb7cb8ce7c160cfa,69d88a79eb7cb8ce7c155461,true,975,975,1072.5,1072.5,975,false,2026-04-10T06:20:11.942Z,2026-04-10T06:20:11.947Z,2026-04-14T04:48:30.737Z,0,
69d8969beb7cb8ce7c160d29,20250110,69478efedcf084fea5665a77,18,2030-12-01T00:00:00.000Z,69451e3d609c8b24f4a4b037,386.75,1,0,0,pending,69d8969beb7cb8ce7c160cfa,69d88a79eb7cb8ce7c155461,true,297.5,297.5,327.25,327.25,297.5,false,2026-04-10T06:20:11.942Z,2026-04-10T06:20:11.947Z,2026-04-14T04:48:30.456Z,0,
69d8969beb7cb8ce7c160d2b,URS5030057,69d8866ceb7cb8ce7c14c5ea,5,2027-05-01T00:00:00.000Z,69451e3d609c8b24f4a4b037,1445,1,0,1,pending,69d8969beb7cb8ce7c160cfa,69d88a79eb7cb8ce7c155461,true,650,650,715,715,650,false,2026-04-10T06:20:11.944Z,2026-04-10T06:20:11.947Z,2026-04-10T06:20:11.947Z,0,
69d8969beb7cb8ce7c160d1d,2025051001,696b3f9826351e91a3be6741,5,2027-05-01T00:00:00.000Z,69451e3d609c8b24f4a4b037,12000,1,0,0,pending,69d8969beb7cb8ce7c160cfa,69d88a79eb7cb8ce7c155461,true,9042,9042,9946.2,9946.2,9042,false,2026-04-10T06:20:11.940Z,2026-04-10T06:20:11.946Z,2026-04-14T04:48:26.754Z,0,
69d8969beb7cb8ce7c160d1e,4000032915,69478bc5dcf084fea5661e4b,5,2027-03-01T00:00:00.000Z,69451e3d609c8b24f4a4b037,301,1,0,0,pending,69d8969beb7cb8ce7c160cfa,69d88a79eb7cb8ce7c155461,true,185,185,203.5,203.5,185,false,2026-04-10T06:20:11.940Z,2026-04-10T06:20:11.946Z,2026-04-14T04:48:27.049Z,0,
69d89d5deb7cb8ce7c17c76b,NE25008,69d74a4bcaf26cd7d37f3e74,5,2027-09-01T00:00:00.000Z,6923ca34385a8494efbb1d3c,39.06,7,0,0,pending,69d89d5deb7cb8ce7c17c758,69d8993feb7cb8ce7c16e4f4,true,31,217,32.74,32.74,29.76,false,2026-04-10T06:49:01.741Z,2026-04-10T06:49:01.748Z,2026-04-13T06:27:47.542Z,0,
69d89d5deb7cb8ce7c17c764,LPR-1757,6955f152639e1da529137a59,5,2027-10-01T00:00:00.000Z,6923ca34385a8494efbb1d3c,64.1,20,0,14,pending,69d89d5deb7cb8ce7c17c758,69d8993feb7cb8ce7c16e4f4,true,51.28,1025.6,54.15,54.15,49.23,false,2026-04-10T06:49:01.738Z,2026-04-10T06:49:01.744Z,2026-04-13T06:27:42.177Z,0,
69d89d5deb7cb8ce7c17c768,IA01933A,697d5dee7650d5ea2b3c915b,5,2027-11-01T00:00:00.000Z,6923ca34385a8494efbb1d3c,31.6,10,0,0,pending,69d89d5deb7cb8ce7c17c758,69d8993feb7cb8ce7c16e4f4,true,24.08,240.79999999999998,25.43,25.43,23.12,false,2026-04-10T06:49:01.740Z,2026-04-10T06:49:01.748Z,2026-04-13T06:27:34.427Z,0,
69d89d5deb7cb8ce7c17c766,5T00253,69251a67496994f2855ca21d,5,2027-07-01T00:00:00.000Z,6923ca34385a8494efbb1d3c,52.5,90,0,0,pending,69d89d5deb7cb8ce7c17c758,69d8993feb7cb8ce7c16e4f4,true,40,3600,42.24,42.24,38.4,false,2026-04-10T06:49:01.740Z,2026-04-10T06:49:01.748Z,2026-04-11T05:33:41.614Z,0,
69d89d5deb7cb8ce7c17c769,51254,68c505d2267e3c8d0ddc29f3,5,2027-04-01T00:00:00.000Z,6923ca34385a8494efbb1d3c,74.62,50,0,25,pending,69d89d5deb7cb8ce7c17c758,69d8993feb7cb8ce7c16e4f4,true,56.86,2843,60.05,60.05,54.59,false,2026-04-10T06:49:01.741Z,2026-04-10T06:49:01.748Z,2026-04-14T10:28:43.487Z,0,
69d89d5deb7cb8ce7c17c76a,TMFBR-526,69d7457b82815ea2938ad986,5,2027-10-01T00:00:00.000Z,6923ca34385a8494efbb1d3c,85.1,12,0,12,pending,69d89d5deb7cb8ce7c17c758,69d8993feb7cb8ce7c16e4f4,true,68.08,816.96,71.9,71.9,65.36,false,2026-04-10T06:49:01.741Z,2026-04-10T06:49:01.748Z,2026-04-10T06:49:01.748Z,0,
69d89d5deb7cb8ce7c17c76c,ND25015,69d74cb9c2cff0f735cdada3,5,2027-10-01T00:00:00.000Z,6923ca34385a8494efbb1d3c,71.62,6,0,0,pending,69d89d5deb7cb8ce7c17c758,69d8993feb7cb8ce7c16e4f4,true,56.84,341.04,60.03,60.03,54.57,false,2026-04-10T06:49:01.741Z,2026-04-10T06:49:01.748Z,2026-04-13T06:27:44.859Z,0,
69d89d5deb7cb8ce7c17c767,DOBS4007,69d740acd5cf9033b6eb43f7,5,2029-03-01T00:00:00.000Z,6923ca34385a8494efbb1d3c,32.13,16,4,0,pending,69d89d5deb7cb8ce7c17c758,69d8993feb7cb8ce7c16e4f4,true,24.48,391.68,20.68,25.85,18.8,false,2026-04-10T06:49:01.740Z,2026-04-10T06:49:01.748Z,2026-04-13T06:27:16.929Z,0,
69d89d5deb7cb8ce7c17c765,BRB1276,69d73bb3a59c89eb92637e5b,5,2027-10-01T00:00:00.000Z,6923ca34385a8494efbb1d3c,149.06,32,8,20,pending,69d89d5deb7cb8ce7c17c758,69d8993feb7cb8ce7c16e4f4,true,113.57,3634.24,95.94,119.93,87.22,false,2026-04-10T06:49:01.739Z,2026-04-10T06:49:01.748Z,2026-04-13T06:27:31.788Z,0,
69d89d5deb7cb8ce7c17c76d,MEOD2550,69d752b53ebc7c4ee29b0a84,5,2027-05-01T00:00:00.000Z,6923ca34385a8494efbb1d3c,126.56,12,0,12,pending,69d89d5deb7cb8ce7c17c758,69d8993feb7cb8ce7c16e4f4,true,96.43,1157.16,101.83,101.83,92.57,false,2026-04-10T06:49:01.742Z,2026-04-10T06:49:01.748Z,2026-04-10T06:49:01.748Z,0,
69d8b8d8847fa190f0db3d20,2516589M,69d8a63aeb7cb8ce7c193e37,5,2030-10-01T00:00:00.000Z,6923ca4d385a8494efbb273c,267,25,0,25,pending,69d8b8d8847fa190f0db3d1a,69d8a91deb7cb8ce7c199dd4,true,21,525,23.1,23.1,21,false,2026-04-10T08:46:16.990Z,2026-04-10T08:46:16.991Z,2026-04-10T08:46:16.991Z,0,
69d8b8d8847fa190f0db3d21,20251101,69d8a8f2eb7cb8ce7c198cbb,5,2028-06-01T00:00:00.000Z,6923ca4d385a8494efbb273c,459,6,0,6,pending,69d8b8d8847fa190f0db3d1a,69d8a91deb7cb8ce7c199dd4,true,340,2040,374,374,340,false,2026-04-10T08:46:16.990Z,2026-04-10T08:46:16.991Z,2026-04-10T08:46:16.991Z,0,
69d8b8d8847fa190f0db3d1f,D2507160,69d8a524eb7cb8ce7c18f9dc,5,2028-06-01T00:00:00.000Z,6923ca4d385a8494efbb273c,1265,2,0,2,pending,69d8b8d8847fa190f0db3d1a,69d8a91deb7cb8ce7c199dd4,true,480,960,528,528,480,false,2026-04-10T08:46:16.990Z,2026-04-10T08:46:16.991Z,2026-04-10T08:46:16.991Z,0,
69d8ba9d847fa190f0dc27e9,250850,68c505d2267e3c8d0ddc2791,5,2027-07-01T00:00:00.000Z,6923ca2c385a8494efbb1a10,18281.25,15,0,0,pending,69d8ba9c847fa190f0dc27e4,69d8b91d847fa190f0db6891,true,5357.14,80357.1,5892.85,5892.85,5357.14,false,2026-04-10T08:53:49.013Z,2026-04-10T08:53:49.014Z,2026-04-13T11:54:42.691Z,0,
69d8ba9d847fa190f0dc27e8,CCC25369A,69ce43362b2deb9f9bbb6c8c,5,2027-11-01T00:00:00.000Z,6923ca2c385a8494efbb1a10,175,100,0,100,pending,69d8ba9c847fa190f0dc27e4,69d8b91d847fa190f0db6891,true,75,7500,82.5,82.5,75,false,2026-04-10T08:53:49.012Z,2026-04-10T08:53:49.014Z,2026-04-10T08:53:49.014Z,0,
69d8baf7847fa190f0dc2df9,5F037A,69d493cc37794bf546af461b,5,2028-07-01T00:00:00.000Z,6923ca24385a8494efbb17d2,2173.29,2,0,0,pending,69d8baf6847fa190f0dc2df6,69d8b991847fa190f0dbc5df,true,1738.64,3477.28,1912.5,1912.5,1738.64,false,2026-04-10T08:55:19.197Z,2026-04-10T08:55:19.198Z,2026-04-13T06:31:30.646Z,0,
69d8c636847fa190f0e04a0c,LPR-1757,6955f152639e1da529137a59,5,2027-10-01T00:00:00.000Z,6923ca34385a8494efbb1d3c,64.1,6,0,6,pending,69d8c635847fa190f0e04a09,69d8c597847fa190f0e032f0,true,51.28,307.68,54.15,54.15,49.23,false,2026-04-10T09:43:18.250Z,2026-04-10T09:43:18.251Z,2026-04-10T11:05:33.816Z,0,
69d8ce22847fa190f0e0cae1,JDC-440,697d5db17650d5ea2b3c87f3,5,2027-06-01T00:00:00.000Z,6923ca34385a8494efbb1d3c,110.8,10,5,15,pending,69d8ce22847fa190f0e0cada,69d8c767847fa190f0e08f10,true,84.42,844.2,59.43,89.15,54.03,false,2026-04-10T10:17:06.629Z,2026-04-10T10:17:06.629Z,2026-04-10T10:17:06.629Z,0,
69d8ce22847fa190f0e0cae0,JDT-073,69d4cab13e87b6724e913ce9,0,2028-10-01T00:00:00.000Z,6923ca34385a8494efbb1d3c,67.98,10,3,13,pending,69d8ce22847fa190f0e0cada,69d8c767847fa190f0e08f10,true,56.94,569.4,46.25,60.13,42.05,false,2026-04-10T10:17:06.628Z,2026-04-10T10:17:06.629Z,2026-04-10T10:17:06.629Z,0,
69d8ce22847fa190f0e0cadf,JDC-444,697d5db17650d5ea2b3c87f3,5,2027-08-01T00:00:00.000Z,6923ca34385a8494efbb1d3c,110.8,10,0,10,pending,69d8ce22847fa190f0e0cada,69d8c767847fa190f0e08f10,true,84.42,844.2,89.14,89.14,81.04,false,2026-04-10T10:17:06.628Z,2026-04-10T10:17:06.629Z,2026-04-10T10:17:06.629Z,0,
69d8d64a847fa190f0e18363,E2600286,69316e1f8e39b28fbf89115e,5,2028-01-01T00:00:00.000Z,6926eff3a6f059dedd3a3c3a,106.4,10,0,5,pending,69d8d64a847fa190f0e18360,69d8d5b2847fa190f0e17d30,true,81.06,810.6,85.78,85.78,77.98,false,2026-04-10T10:51:54.273Z,2026-04-10T10:51:54.274Z,2026-04-10T11:05:31.180Z,0,
69d8d8d8274eb4d2a16981c1,AHAVA192AC,69251a68496994f2855ca23b,5,2027-05-01T00:00:00.000Z,6923ca2d385a8494efbb1abf,2528,2,0,0,pending,,,true,1441.97,2883.94,1441.97,1441.97,1441.97,false,2026-04-10T11:02:48.395Z,2026-04-10T11:02:48.395Z,2026-04-13T06:35:44.100Z,0,68c28b7c865ae237f06a4e4f
69d8d9d0274eb4d2a169b471,017,69251a62496994f2855ca157,5,2027-07-01T00:00:00.000Z,6923ca43385a8494efbb22c1,262.81,20,0,0,pending,,,true,176.46,3529.2000000000003,176.46,176.46,176.46,false,2026-04-10T11:06:56.355Z,2026-04-10T11:06:56.356Z,2026-04-13T06:31:38.520Z,0,68c28b7c865ae237f06a4e4f
69d8e391274eb4d2a16c928e,32510890,693bce414f899252625dc8c1,5,2028-05-01T00:00:00.000Z,6923ca4d385a8494efbb273c,4500,3,0,0,pending,,,true,1940,5820,1940,1940,1940,false,2026-04-10T11:48:33.307Z,2026-04-10T11:48:33.307Z,2026-04-10T12:24:20.619Z,0,68c28b7c865ae237f06a4e4f
69d8eb24274eb4d2a17092bc,826D049,694a362ef25719f74a526d69,5,2027-07-01T00:00:00.000Z,6923ca36385a8494efbb1ddc,195.39,30,0,20,pending,,,true,133.98,4019.3999999999996,133.98,133.98,133.98,false,2026-04-10T12:20:52.586Z,2026-04-10T12:20:52.590Z,2026-04-14T10:44:42.467Z,0,68c28b40865ae237f06a4dcd
69d9cfd9274eb4d2a1727094,API44004,69ce435e2b2deb9f9bbb7531,5,2026-11-01T00:00:00.000Z,69d34f4f6a90bf8f8480ac30,12.51,1000,0,1000,pending,69d9cfd9274eb4d2a172708d,69d9cd5b274eb4d2a17222d1,true,4.08,4080,4.08,4.08,3.71,false,2026-04-11T04:36:41.934Z,2026-04-11T04:36:41.934Z,2026-04-11T04:36:41.934Z,0,
69d9cfd9274eb4d2a1727093,APA45003,69d648b428b2ddd0519e4f36,5,2026-09-01T00:00:00.000Z,69d34f4f6a90bf8f8480ac30,41.16,300,0,200,pending,69d9cfd9274eb4d2a172708d,69d9cd5b274eb4d2a17222d1,true,8.88,2664.0000000000005,7.81,7.81,7.1,false,2026-04-11T04:36:41.933Z,2026-04-11T04:36:41.934Z,2026-04-15T11:51:47.937Z,0,
69d9cfd9274eb4d2a1727092,AMK45002,69d647f228b2ddd0519e18ed,5,2027-07-01T00:00:00.000Z,69d34f4f6a90bf8f8480ac30,115.73,750,0,750,pending,69d9cfd9274eb4d2a172708d,69d9cd5b274eb4d2a17222d1,true,18.7,14025,20.57,20.57,18.7,false,2026-04-11T04:36:41.933Z,2026-04-11T04:36:41.934Z,2026-04-11T04:36:41.934Z,0,
69d9eb3055d55f91dedf806d,5SA2396,697f24bd1b747d866ed6b3d9,5,2027-10-01T00:00:00.000Z,692429a031185c93746d91ef,118.72,90,0,1,pending,,,true,86.83,7814.7,86.83,86.83,86.83,false,2026-04-11T06:33:20.176Z,2026-04-11T06:33:20.177Z,2026-04-15T11:53:55.683Z,0,68c28b40865ae237f06a4dcd
69d9ec0f55d55f91dee0360b,5T00265,697eec556ecbf4102a65a5d4,5,2027-07-01T00:00:00.000Z,692429a031185c93746d91ef,73.88,90,0,70,pending,,,true,54.04,4863.6,54.04,54.04,54.04,false,2026-04-11T06:37:03.785Z,2026-04-11T06:37:03.786Z,2026-04-13T12:16:06.383Z,0,68c28b40865ae237f06a4dcd
69d9ec3255d55f91dee05978,0152503,6975ac415e174f9cf254e18d,5,2027-12-01T00:00:00.000Z,69451e3d609c8b24f4a4b037,2253,2,0,0,pending,69d9ec3155d55f91dee0594b,69d8d56d847fa190f0e159ae,true,1239.15,2478.3,1363.07,1363.07,1239.15,false,2026-04-11T06:37:38.569Z,2026-04-11T06:37:38.576Z,2026-04-14T10:40:54.370Z,0,
69d9ec3255d55f91dee0597c,251109,69478ce3dcf084fea5662a5d,18,2030-11-01T00:00:00.000Z,69451e3d609c8b24f4a4b037,330,5,0,0,pending,69d9ec3155d55f91dee0594b,69d8d56d847fa190f0e159ae,true,165,825,181.5,181.5,165,false,2026-04-11T06:37:38.570Z,2026-04-11T06:37:38.576Z,2026-04-14T10:40:55.471Z,0,
69d9ec3255d55f91dee05977,0032508,6947855fdcf084fea565ca07,5,2027-08-01T00:00:00.000Z,69451e3d609c8b24f4a4b037,2493,2,0,0,pending,69d9ec3155d55f91dee0594b,69d8d56d847fa190f0e159ae,true,1371.15,2742.3,1508.27,1508.27,1371.15,false,2026-04-11T06:37:38.569Z,2026-04-11T06:37:38.576Z,2026-04-14T10:40:54.095Z,0,
69d9ec3255d55f91dee05976,042508,69478233dcf084fea565a5e7,5,2028-08-01T00:00:00.000Z,69451e3d609c8b24f4a4b037,2539,2,0,0,pending,69d9ec3155d55f91dee0594b,69d8d56d847fa190f0e159ae,true,1396.45,2792.9,1536.1,1536.1,1396.45,false,2026-04-11T06:37:38.569Z,2026-04-11T06:37:38.576Z,2026-04-14T10:40:53.820Z,0,
69d9ec3255d55f91dee05975,0132601,69d8bc75847fa190f0dd22ff,5,2028-07-01T00:00:00.000Z,69451e3d609c8b24f4a4b037,1130,1,0,0,pending,69d9ec3155d55f91dee0594b,69d8d56d847fa190f0e159ae,true,847.5,847.5,932.25,932.25,847.5,false,2026-04-11T06:37:38.569Z,2026-04-11T06:37:38.576Z,2026-04-14T10:40:53.545Z,0,
69d9ec3255d55f91dee05973,0972603,69d8bb8e847fa190f0dc3197,5,2027-10-01T00:00:00.000Z,69451e3d609c8b24f4a4b037,14945,1,0,0,pending,69d9ec3155d55f91dee0594b,69d8d56d847fa190f0e159ae,true,11496,11496,12645.6,12645.6,11496,false,2026-04-11T06:37:38.568Z,2026-04-11T06:37:38.576Z,2026-04-14T10:40:52.995Z,0,
69d9ec3255d55f91dee0597b,**,69843ae69a36e5544775d363,18,2030-01-01T00:00:00.000Z,69451e3d609c8b24f4a4b037,124.58,20,0,0,pending,69d9ec3155d55f91dee0594b,69d8d56d847fa190f0e159ae,true,95,1900,104.5,104.5,95,false,2026-04-11T06:37:38.570Z,2026-04-11T06:37:38.576Z,2026-04-14T10:40:55.196Z,0,
69d9ec3255d55f91dee05979,RV072025,6975a7d25e174f9cf2548249,5,2030-06-01T00:00:00.000Z,69451e3d609c8b24f4a4b037,937.5,4,0,0,pending,69d9ec3155d55f91dee0594b,69d8d56d847fa190f0e159ae,true,565,2260,621.5,621.5,565,false,2026-04-11T06:37:38.569Z,2026-04-11T06:37:38.576Z,2026-04-14T10:40:54.646Z,0,
69d9ec3255d55f91dee0597a,**,69d8bdf8847fa190f0de09ca,18,2030-01-01T00:00:00.000Z,69451e3d609c8b24f4a4b037,300,10,0,0,pending,69d9ec3155d55f91dee0594b,69d8d56d847fa190f0e159ae,true,225,2250,247.5,247.5,225,false,2026-04-11T06:37:38.570Z,2026-04-11T06:37:38.576Z,2026-04-14T10:40:54.922Z,0,
69d9ec3255d55f91dee05974,0372504,69478950dcf084fea565fa27,5,2028-03-01T00:00:00.000Z,69451e3d609c8b24f4a4b037,1323,2,0,0,pending,69d9ec3155d55f91dee0594b,69d8d56d847fa190f0e159ae,true,682,1364,750.2,750.2,682,false,2026-04-11T06:37:38.569Z,2026-04-11T06:37:38.576Z,2026-04-14T10:40:53.270Z,0,
69d9ec3255d55f91dee0597f,202510,69478648dcf084fea565d60f,5,2027-06-01T00:00:00.000Z,69451e3d609c8b24f4a4b037,9,500,0,500,pending,69d9ec3155d55f91dee0594b,69d8d56d847fa190f0e159ae,true,1.9,950,2.09,2.09,1.9,false,2026-04-11T06:37:38.570Z,2026-04-11T06:37:38.576Z,2026-04-11T06:37:38.576Z,0,
69d9ec3255d55f91dee05981,**,6947880ddcf084fea565ee1f,5,2030-01-01T00:00:00.000Z,69451e3d609c8b24f4a4b037,12.5,500,0,0,pending,69d9ec3155d55f91dee0594b,69d8d56d847fa190f0e159ae,true,2.5,1250,2.75,2.75,2.5,false,2026-04-11T06:37:38.571Z,2026-04-11T06:37:38.576Z,2026-04-15T05:07:57.929Z,0,
69d9ec3255d55f91dee05980,202510,69478735dcf084fea565e217,5,2027-09-01T00:00:00.000Z,69451e3d609c8b24f4a4b037,9.5,500,0,0,pending,69d9ec3155d55f91dee0594b,69d8d56d847fa190f0e159ae,true,1.9,950,2.09,2.09,1.9,false,2026-04-11T06:37:38.571Z,2026-04-11T06:37:38.576Z,2026-04-15T05:07:57.629Z,0,
69d9ec3255d55f91dee05982,32501,6975a8f65e174f9cf2548ef4,5,2027-01-01T00:00:00.000Z,69451e3d609c8b24f4a4b037,9.38,500,0,0,pending,69d9ec3155d55f91dee0594b,69d8d56d847fa190f0e159ae,true,2.95,1475,3.25,3.25,2.95,false,2026-04-11T06:37:38.571Z,2026-04-11T06:37:38.576Z,2026-04-15T05:07:58.896Z,0,
69d9ec3255d55f91dee05983,0212502,69478a52dcf084fea566062f,5,2027-01-01T00:00:00.000Z,69451e3d609c8b24f4a4b037,1528,5,0,0,pending,69d9ec3155d55f91dee0594b,69d8d56d847fa190f0e159ae,true,840.4,4202,924.44,924.44,840.4,false,2026-04-11T06:37:38.571Z,2026-04-11T06:37:38.576Z,2026-04-15T05:07:59.173Z,0,
69d9ec3255d55f91dee05984,HTD260209,69845a165aee69d3a766fa50,5,2028-01-01T00:00:00.000Z,69451e3d609c8b24f4a4b037,7118.64,2,0,0,pending,69d9ec3155d55f91dee0594b,69d8d56d847fa190f0e159ae,true,5800,11600,6380,6380,5800,false,2026-04-11T06:37:38.571Z,2026-04-11T06:37:38.576Z,2026-04-15T05:07:59.466Z,0,
69d9ec3255d55f91dee05985,HCD122552,69845a995aee69d3a766fa6a,5,2027-11-01T00:00:00.000Z,69451e3d609c8b24f4a4b037,9068,2,0,0,pending,69d9ec3155d55f91dee0594b,69d8d56d847fa190f0e159ae,true,5800,11600,6380,6380,5800,false,2026-04-11T06:37:38.571Z,2026-04-11T06:37:38.576Z,2026-04-15T05:07:59.743Z,0,
69d9ec3255d55f91dee05986,HPC260319,69d87fb9eb7cb8ce7c13cd2d,5,2028-08-01T00:00:00.000Z,69451e3d609c8b24f4a4b037,2365,2,0,0,pending,69d9ec3155d55f91dee0594b,69d8d56d847fa190f0e159ae,true,1359,2718,1494.9,1494.9,1359,false,2026-04-11T06:37:38.571Z,2026-04-11T06:37:38.576Z,2026-04-15T05:08:00.024Z,0,
69d9ec3255d55f91dee05987,2025051001,696b3f9826351e91a3be6741,5,2027-05-01T00:00:00.000Z,69451e3d609c8b24f4a4b037,12000,2,0,0,pending,69d9ec3155d55f91dee0594b,69d8d56d847fa190f0e159ae,true,9042,18084,9946.2,9946.2,9042,false,2026-04-11T06:37:38.571Z,2026-04-11T06:37:38.576Z,2026-04-15T05:08:00.301Z,0,
69d9ec3255d55f91dee05988,ACM461025,6944e532609c8b24f4a1d7e3,5,2028-03-01T00:00:00.000Z,69451e3d609c8b24f4a4b037,3544,5,0,0,pending,69d9ec3155d55f91dee0594b,69d8d56d847fa190f0e159ae,true,950,4750,1045,1045,950,false,2026-04-11T06:37:38.572Z,2026-04-11T06:37:38.576Z,2026-04-15T05:08:00.680Z,0,
69d9ec3255d55f91dee05989,F0621W3H00D,69d88788eb7cb8ce7c14eb6c,5,2027-10-01T00:00:00.000Z,69451e3d609c8b24f4a4b037,93.66,150,0,0,pending,69d9ec3155d55f91dee0594b,69d8d56d847fa190f0e159ae,true,32,4800,35.2,35.2,32,false,2026-04-11T06:37:38.572Z,2026-04-11T06:37:38.576Z,2026-04-15T05:08:00.957Z,0,
69d9ec3255d55f91dee0598b,MI0524026,69d8c54f847fa190f0dff86d,5,2026-05-01T00:00:00.000Z,69451e3d609c8b24f4a4b037,8230,10,0,0,pending,69d9ec3155d55f91dee0594b,69d8d56d847fa190f0e159ae,true,550,5500,605,605,550,false,2026-04-11T06:37:38.572Z,2026-04-11T06:37:38.576Z,2026-04-15T05:08:01.523Z,0,
69d9ec3255d55f91dee0598a,2026011212,69d8c309847fa190f0df59ff,5,2027-12-01T00:00:00.000Z,69451e3d609c8b24f4a4b037,2053,2,0,0,pending,69d9ec3155d55f91dee0594b,69d8d56d847fa190f0e159ae,true,1579,3158,1736.9,1736.9,1579,false,2026-04-11T06:37:38.572Z,2026-04-11T06:37:38.576Z,2026-04-15T05:08:01.245Z,0,
69d9ec3255d55f91dee0598c,URS5100046,69d8866ceb7cb8ce7c14c5ea,5,2026-12-01T00:00:00.000Z,69451e3d609c8b24f4a4b037,700,6,0,0,pending,69d9ec3155d55f91dee0594b,69d8d56d847fa190f0e159ae,true,290,1740,290,290,290,false,2026-04-11T06:37:38.572Z,2026-04-11T06:37:38.576Z,2026-04-15T05:08:01.800Z,0,
69d9ec3255d55f91dee0598d,20250110,69478efedcf084fea5665a77,18,2030-01-01T00:00:00.000Z,69451e3d609c8b24f4a4b037,387,5,0,0,pending,69d9ec3155d55f91dee0594b,69d8d56d847fa190f0e159ae,true,297.5,1487.5,327.25,327.25,297.5,false,2026-04-11T06:37:38.572Z,2026-04-11T06:37:38.576Z,2026-04-15T04:56:32.999Z,0,
69d9ec3255d55f91dee0598e,0352504,69d8bfd3847fa190f0dec4a1,5,2027-03-01T00:00:00.000Z,69451e3d609c8b24f4a4b037,920,2,0,0,pending,69d9ec3155d55f91dee0594b,69d8d56d847fa190f0e159ae,true,506,1012,556.6,556.6,506,false,2026-04-11T06:37:38.572Z,2026-04-11T06:37:38.576Z,2026-04-15T04:56:33.277Z,0,
69d9ec3255d55f91dee0598f,0052410,69d8c0c9847fa190f0dee6f0,5,2026-07-01T00:00:00.000Z,69451e3d609c8b24f4a4b037,5292,1,0,0,pending,69d9ec3155d55f91dee0594b,69d8d56d847fa190f0e159ae,true,4042,4042,4446.2,4446.2,4042,false,2026-04-11T06:37:38.573Z,2026-04-11T06:37:38.576Z,2026-04-15T04:56:33.553Z,0,
69d9ec3255d55f91dee05990,0112502,69d8c875847fa190f0e096ab,5,2028-09-01T00:00:00.000Z,69451e3d609c8b24f4a4b037,469,2,0,0,pending,69d9ec3155d55f91dee0594b,69d8d56d847fa190f0e159ae,true,351.75,703.5,386.93,386.93,351.75,false,2026-04-11T06:37:38.573Z,2026-04-11T06:37:38.576Z,2026-04-15T04:56:33.829Z,0,
69d9ec3255d55f91dee05991,32603353,698458f1de0f7f05e305fc80,5,2027-08-01T00:00:00.000Z,69451e3d609c8b24f4a4b037,851,1,0,0,pending,69d9ec3155d55f91dee0594b,69d8d56d847fa190f0e159ae,true,808.45,808.45,808.45,808.45,808.45,false,2026-04-11T06:37:38.573Z,2026-04-11T06:37:38.576Z,2026-04-15T04:56:34.105Z,0,
69d9ec3255d55f91dee05992,0612510,69d8ce74847fa190f0e104e3,5,2027-04-01T00:00:00.000Z,69451e3d609c8b24f4a4b037,22366,2,0,0,pending,69d9ec3155d55f91dee0594b,69d8d56d847fa190f0e159ae,true,21000,42000,21000,21000,21000,false,2026-04-11T06:37:38.573Z,2026-04-11T06:37:38.576Z,2026-04-15T04:56:34.657Z,0,
69d9ec3255d55f91dee05993,**,696b407326351e91a3be73b6,18,2030-01-01T00:00:00.000Z,69451e3d609c8b24f4a4b037,2278,1,0,0,pending,69d9ec3155d55f91dee0594b,69d8d56d847fa190f0e159ae,true,1752,1752,1927.2,1927.2,1752,false,2026-04-11T06:37:38.573Z,2026-04-11T06:37:38.576Z,2026-04-15T04:56:34.933Z,0,
69d9ec3255d55f91dee05994,0722505,69ce431f2b2deb9f9bbb67c2,5,2027-02-01T00:00:00.000Z,69451e3d609c8b24f4a4b037,22500,2,0,1,pending,69d9ec3155d55f91dee0594b,69d8d56d847fa190f0e159ae,true,12578,25156,13835.8,13835.8,12578,false,2026-04-11T06:37:38.573Z,2026-04-11T06:37:38.576Z,2026-04-15T04:56:35.209Z,0,
69d9ec3255d55f91dee05996,32602474,698458f1de0f7f05e305fc80,5,2027-07-01T00:00:00.000Z,69451e3d609c8b24f4a4b037,851,2,0,0,pending,69d9ec3155d55f91dee0594b,69d8d56d847fa190f0e159ae,true,808.45,1616.9,808.45,808.45,808.45,false,2026-04-11T06:37:38.574Z,2026-04-11T06:37:38.576Z,2026-04-15T04:56:34.381Z,0,
69d9ec3255d55f91dee05995,URS4110039,69d8866ceb7cb8ce7c14c5ea,5,2026-12-01T00:00:00.000Z,69451e3d609c8b24f4a4b037,700,4,0,0,pending,69d9ec3155d55f91dee0594b,69d8d56d847fa190f0e159ae,true,290,1160,319,319,290,false,2026-04-11T06:37:38.574Z,2026-04-11T06:37:38.576Z,2026-04-15T05:08:02.076Z,0,
69d9ec3255d55f91dee0597d,251109,69478d79dcf084fea5663665,18,2030-11-01T00:00:00.000Z,69451e3d609c8b24f4a4b037,350,5,0,0,pending,69d9ec3155d55f91dee0594b,69d8d56d847fa190f0e159ae,true,175,875,192.5,192.5,175,false,2026-04-11T06:37:38.570Z,2026-04-11T06:37:38.576Z,2026-04-14T10:40:55.747Z,0,
69d9ec3255d55f91dee0597e,**,69d8c075847fa190f0ded5d7,18,2030-01-01T00:00:00.000Z,69451e3d609c8b24f4a4b037,85,20,0,0,pending,69d9ec3155d55f91dee0594b,69d8d56d847fa190f0e159ae,true,65,1300,71.5,71.5,65,false,2026-04-11T06:37:38.570Z,2026-04-11T06:37:38.576Z,2026-04-15T05:07:57.078Z,0,
69d9f20755d55f91dee67c32,FHB0811,68c505d2267e3c8d0ddc2db8,5,2027-07-01T00:00:00.000Z,692429a031185c93746d91ef,171,10,0,10,pending,,,true,122.14,1221.4,122.14,122.14,122.14,false,2026-04-11T07:02:31.145Z,2026-04-11T07:02:31.146Z,2026-04-11T07:02:31.146Z,0,68c28b40865ae237f06a4dcd
69d9fc8455d55f91deeea1a3,SRV5073,69d886d6eb7cb8ce7c14d707,5,2028-11-01T00:00:00.000Z,693be6f24f899252628c9d94,404.4,10,0,10,pending,69d9fc8455d55f91deeea1a0,69d9fb2a55d55f91deee0194,true,304.76,3047.6,335.24,335.24,304.76,false,2026-04-11T07:47:16.560Z,2026-04-11T07:47:16.560Z,2026-04-11T07:47:16.560Z,0,
69da196055d55f91def43cb2,CSD2601031,69d0e3f2d52f96afc1012aff,5,2028-12-01T00:00:00.000Z,69830aa19c03d184736c2e80,85,100,0,0,pending,69da196055d55f91def43ca5,69da08c955d55f91deef6817,true,80.95,8095,39.97,39.97,36.34,false,2026-04-11T09:50:24.557Z,2026-04-11T09:50:24.559Z,2026-04-13T07:10:10.291Z,0,
69da196055d55f91def43cb3,CSD2512024,69ce433a2b2deb9f9bbb6d57,5,2028-11-01T00:00:00.000Z,69830aa19c03d184736c2e80,340,100,0,50,pending,69da196055d55f91def43ca5,69da08c955d55f91deef6817,true,323.81,32381,159.9,159.9,145.36,false,2026-04-11T09:50:24.557Z,2026-04-11T09:50:24.559Z,2026-04-13T07:10:20.850Z,0,
69da196055d55f91def43cb1,CSD2510022,69d0e3427b998b545441198b,5,2028-09-01T00:00:00.000Z,69830aa19c03d184736c2e80,75,100,0,0,pending,69da196055d55f91def43ca5,69da08c955d55f91deef6817,true,71.43,7143.000000000001,35.27,35.27,32.06,false,2026-04-11T09:50:24.557Z,2026-04-11T09:50:24.559Z,2026-04-13T07:10:07.663Z,0,
69da196055d55f91def43cb0,CSD2511023,698311218151e654b500e575,5,2028-10-01T00:00:00.000Z,69830aa19c03d184736c2e80,135,100,0,50,pending,69da196055d55f91def43ca5,69da08c955d55f91deef6817,true,128.57,12857,63.49,63.49,57.72,false,2026-04-11T09:50:24.556Z,2026-04-11T09:50:24.559Z,2026-04-13T07:10:04.968Z,0,
69da196055d55f91def43cb4,CSD2512024,69d0e4a1d52f96afc1012b19,5,2028-11-01T00:00:00.000Z,69830aa19c03d184736c2e80,245,100,0,100,pending,69da196055d55f91def43ca5,69da08c955d55f91deef6817,true,233.33,23333,115.21,115.21,104.74,false,2026-04-11T09:50:24.557Z,2026-04-11T09:50:24.559Z,2026-04-11T09:50:24.559Z,0,
69da196055d55f91def43caf,CSD2511023,698310dbf550c1d8d90758f7,5,2028-10-01T00:00:00.000Z,69830aa19c03d184736c2e80,100,100,0,0,pending,69da196055d55f91def43ca5,69da08c955d55f91deef6817,true,95.24,9524,47.02,47.02,42.75,false,2026-04-11T09:50:24.556Z,2026-04-11T09:50:24.559Z,2026-04-13T07:09:57.135Z,0,
69da196055d55f91def43cae,CSD2510022,698308c1c417ef6ece3d0093,5,2028-09-01T00:00:00.000Z,69830aa19c03d184736c2e80,85,50,0,0,pending,69da196055d55f91def43ca5,69da08c955d55f91deef6817,true,80.95,4047.5,39.97,39.97,36.34,false,2026-04-11T09:50:24.556Z,2026-04-11T09:50:24.559Z,2026-04-13T07:09:54.480Z,0,
69da2cfa55d55f91defbe4e6,KRPD5199A,69d4e6d63e87b6724e9505af,5,2027-10-01T00:00:00.000Z,6963770d9e79681a67fa95d9,590.63,5,1,0,pending,69da2cfa55d55f91defbe4e3,69da2ab255d55f91defbcc43,true,450,2250,400.13,480.15,363.75,false,2026-04-11T11:14:02.655Z,2026-04-11T11:14:02.655Z,2026-04-13T10:21:22.225Z,0,
69da3aee55d55f91defd5191,075K011,69da36a755d55f91defcba9e,5,2028-10-01T00:00:00.000Z,692eb408c9be211d89b4fcdc,26.46,20,0,0,pending,69da3aed55d55f91defd5189,69da37e655d55f91defcdcec,true,20.16,403.2,21.29,21.29,19.35,false,2026-04-11T12:13:34.217Z,2026-04-11T12:13:34.217Z,2026-04-14T05:49:11.106Z,0,
69da3aee55d55f91defd5192,S517,69da37a955d55f91defccbcb,5,2027-04-01T00:00:00.000Z,692eb408c9be211d89b4fcdc,134.06,5,0,0,pending,69da3aed55d55f91defd5189,69da37e655d55f91defcdcec,true,102.14,510.7,107.85,107.85,98.05,false,2026-04-11T12:13:34.217Z,2026-04-11T12:13:34.217Z,2026-04-14T05:48:18.252Z,0,
69da3aee55d55f91defd518f,SIG2735A,69ce434b2b2deb9f9bbb710b,5,2027-11-01T00:00:00.000Z,692eb408c9be211d89b4fcdc,161.84,5,0,3,pending,69da3aed55d55f91defd5189,69da37e655d55f91defcdcec,true,123.33,616.65,130.24,130.24,118.4,false,2026-04-11T12:13:34.216Z,2026-04-11T12:13:34.217Z,2026-04-14T05:48:18.802Z,0,
69da3aee55d55f91defd5190,NA437,69da350855d55f91defc9731,5,2027-03-01T00:00:00.000Z,692eb408c9be211d89b4fcdc,28.19,5,0,3,pending,69da3aed55d55f91defd5189,69da37e655d55f91defcdcec,true,21.48,107.4,22.68,22.68,20.62,false,2026-04-11T12:13:34.216Z,2026-04-11T12:13:34.217Z,2026-04-14T05:48:18.527Z,0,
69db1a7a55d55f91defe5961,SU530252,69ce43342b2deb9f9bbb6c05,5,2027-07-01T00:00:00.000Z,6923ca42385a8494efbb22ac,270.9,2,0,2,pending,69db1a7955d55f91defe5959,69da3e5855d55f91defddaf0,true,130,260,143,143,130,false,2026-04-12T04:07:22.271Z,2026-04-12T04:07:22.272Z,2026-04-12T04:07:22.272Z,0,
69db1a7a55d55f91defe5960,KPNP736016,69d797e1eb7cb8ce7c10b262,5,2027-10-01T00:00:00.000Z,6923ca42385a8494efbb22ac,378.3,3,0,0,pending,69db1a7955d55f91defe5959,69da3e5855d55f91defddaf0,true,275.55,826.6500000000001,303.11,303.11,275.55,false,2026-04-12T04:07:22.271Z,2026-04-12T04:07:22.272Z,2026-04-14T05:03:52.400Z,0,
69db1a7a55d55f91defe5962,31051,69da19b53bc994a610063b4f,5,2027-11-01T00:00:00.000Z,6923ca42385a8494efbb22ac,550.5,10,0,10,pending,69db1a7955d55f91defe5959,69da3e5855d55f91defddaf0,true,92.5,925,101.75,101.75,92.5,false,2026-04-12T04:07:22.271Z,2026-04-12T04:07:22.272Z,2026-04-12T04:07:22.272Z,0,
69db1a7a55d55f91defe595f,KP094053,69d79737eb7cb8ce7c10a12f,5,2027-08-01T00:00:00.000Z,6923ca42385a8494efbb22ac,64.86,10,0,10,pending,69db1a7955d55f91defe5959,69da3e5855d55f91defddaf0,true,41,410,45.1,45.1,41,false,2026-04-12T04:07:22.270Z,2026-04-12T04:07:22.272Z,2026-04-12T04:07:22.272Z,0,
69db2e9055d55f91deff6fc6,5F040A,69d493cc37794bf546af461b,5,2028-08-01T00:00:00.000Z,6923ca24385a8494efbb17d2,2173.29,2,0,0,pending,69db2e9055d55f91deff6fc3,69da3a8b55d55f91defd1cb7,true,1738.64,3477.28,1912.5,1912.5,1738.64,false,2026-04-12T05:33:04.952Z,2026-04-12T05:33:04.952Z,2026-04-13T06:31:33.270Z,0,
69db325b55d55f91deff7b19,CTA1072,697d5dec7650d5ea2b3c9107,5,2026-06-01T00:00:00.000Z,692eb408c9be211d89b4fcdc,256.95,10,0,0,pending,69db325a55d55f91deff7b16,69db2e7255d55f91deff6ed7,true,60,600,63.36,63.36,57.6,false,2026-04-12T05:49:15.115Z,2026-04-12T05:49:15.116Z,2026-04-13T06:47:23.173Z,0,
69db33ec55d55f91deffcd6d,A325P02,68c505d2267e3c8d0ddc2b44,5,2027-07-01T00:00:00.000Z,692eb408c9be211d89b4fcdc,134.06,6,0,1,pending,,,true,89.14,534.84,89.14,89.14,89.14,false,2026-04-12T05:55:56.241Z,2026-04-12T05:55:56.242Z,2026-04-13T06:32:49.957Z,0,68c28b40865ae237f06a4dcd
69db401d55d55f91de01525b,BO260018A,68c505d2267e3c8d0ddc2bf3,5,2027-12-01T00:00:00.000Z,692429a031185c93746d91ef,226.87,10,0,10,pending,69db401d55d55f91de01524c,69db3aed55d55f91de00a24b,true,138.28,1382.8,146.03,146.03,132.75,false,2026-04-12T06:47:57.608Z,2026-04-12T06:47:57.612Z,2026-04-12T06:47:57.612Z,0,
69db401d55d55f91de015261,191CBL003,68c505d2267e3c8d0ddc2468,5,2027-09-01T00:00:00.000Z,692429a031185c93746d91ef,103.13,20,0,20,pending,69db401d55d55f91de01524c,69db3aed55d55f91de00a24b,true,65.48,1309.6000000000001,69.15,69.15,62.86,false,2026-04-12T06:47:57.610Z,2026-04-12T06:47:57.612Z,2026-04-12T06:47:57.612Z,0,
69db401d55d55f91de01525c,5SA2372,697f061a6ecbf4102a681fea,5,2027-01-01T00:00:00.000Z,692429a031185c93746d91ef,185.39,5,0,5,pending,69db401d55d55f91de01524c,69db3aed55d55f91de00a24b,true,131.83,659.1500000000001,139.22,139.22,126.56,false,2026-04-12T06:47:57.608Z,2026-04-12T06:47:57.612Z,2026-04-12T06:47:57.612Z,0,
69db401d55d55f91de01525d,5BA1359,69db361c55d55f91de0015da,5,2027-05-01T00:00:00.000Z,692429a031185c93746d91ef,152.52,5,0,5,pending,69db401d55d55f91de01524c,69db3aed55d55f91de00a24b,true,116.21,581.05,122.72,122.72,111.56,false,2026-04-12T06:47:57.609Z,2026-04-12T06:47:57.612Z,2026-04-12T06:47:57.612Z,0,
69db401d55d55f91de015263,74250119,68c505d2267e3c8d0ddc2711,5,2027-09-01T00:00:00.000Z,692429a031185c93746d91ef,3649.68,5,0,5,pending,69db401d55d55f91de01524c,69db3aed55d55f91de00a24b,true,250,1250,264,264,240,false,2026-04-12T06:47:57.610Z,2026-04-12T06:47:57.612Z,2026-04-12T06:47:57.612Z,0,
69db401d55d55f91de01525f,A25009SD,68c505d2267e3c8d0ddc2b74,5,2027-04-01T00:00:00.000Z,692429a031185c93746d91ef,481.88,1,0,1,pending,69db401d55d55f91de01524c,69db3aed55d55f91de00a24b,true,367.14,367.14,387.69,387.69,352.45,false,2026-04-12T06:47:57.609Z,2026-04-12T06:47:57.612Z,2026-04-12T06:47:57.612Z,0,
69db401d55d55f91de015260,GTG3773A,69db38bf55d55f91de00387a,5,2028-11-01T00:00:00.000Z,692429a031185c93746d91ef,342.19,5,0,5,pending,69db401d55d55f91de01524c,69db3aed55d55f91de00a24b,true,260.72,1303.6000000000001,275.32,275.32,250.29,false,2026-04-12T06:47:57.609Z,2026-04-12T06:47:57.612Z,2026-04-12T06:47:57.612Z,0,
69db401d55d55f91de015264,N2503865,68c505d2267e3c8d0ddc2d00,5,2027-10-01T00:00:00.000Z,692429a031185c93746d91ef,153.75,20,0,20,pending,69db401d55d55f91de01524c,69db3aed55d55f91de00a24b,true,117.14,2342.8,123.7,123.7,112.45,false,2026-04-12T06:47:57.610Z,2026-04-12T06:47:57.612Z,2026-04-12T06:47:57.612Z,0,
69db401d55d55f91de01525e,N2503714,69db373555d55f91de002716,5,2027-10-01T00:00:00.000Z,692429a031185c93746d91ef,340.31,10,0,10,pending,69db401d55d55f91de01524c,69db3aed55d55f91de00a24b,true,259.29,2592.9,273.81,273.81,248.92,false,2026-04-12T06:47:57.609Z,2026-04-12T06:47:57.612Z,2026-04-12T06:47:57.612Z,0,
69db401d55d55f91de015266,44250003,69db3ab855d55f91de00912a,5,2027-06-01T00:00:00.000Z,692429a031185c93746d91ef,1612.5,10,0,0,pending,69db401d55d55f91de01524c,69db3aed55d55f91de00a24b,true,149.17,1491.6999999999998,157.52,157.52,143.2,false,2026-04-12T06:47:57.611Z,2026-04-12T06:47:57.612Z,2026-04-14T11:03:45.811Z,0,
69db401d55d55f91de015262,ATS01BLA,68c505d2267e3c8d0ddc2bc3,5,2027-05-01T00:00:00.000Z,692429a031185c93746d91ef,237.81,10,0,10,pending,69db401d55d55f91de01524c,69db3aed55d55f91de00a24b,true,181.19,1811.9,191.33,191.33,173.94,false,2026-04-12T06:47:57.610Z,2026-04-12T06:47:57.612Z,2026-04-12T06:47:57.612Z,0,
69db401d55d55f91de015265,ZJN2555,69576f6f87f25f0abb79a050,5,2027-06-01T00:00:00.000Z,692429a031185c93746d91ef,53.79,50,0,0,pending,69db401d55d55f91de01524c,69db3aed55d55f91de00a24b,true,13.49,674.5,14.24,14.24,12.95,false,2026-04-12T06:47:57.610Z,2026-04-12T06:47:57.612Z,2026-04-13T06:47:25.823Z,0,
69db44ab55d55f91de01e96e,**,69d880605868bd613d0db396,18,2030-01-01T00:00:00.000Z,6923ca4d385a8494efbb2712,800,2,0,0,pending,69db44ab55d55f91de01e95f,69db2ac855d55f91deff3840,true,420,840,462,462,420,false,2026-04-12T07:07:23.537Z,2026-04-12T07:07:23.538Z,2026-04-15T05:05:00.408Z,0,
69db44ab55d55f91de01e96f,**,69d88157509d57f41e54e801,18,2030-01-01T00:00:00.000Z,6923ca4d385a8494efbb2712,525,1,0,1,pending,69db44ab55d55f91de01e95f,69db2ac855d55f91deff3840,true,225,225,247.5,247.5,225,false,2026-04-12T07:07:23.537Z,2026-04-12T07:07:23.538Z,2026-04-12T07:07:23.538Z,0,
69db44ab55d55f91de01e970,**,6927eb9da6f059dedd3b5d3b,18,2030-01-01T00:00:00.000Z,6923ca4d385a8494efbb2712,409.32,20,0,20,pending,69db44ab55d55f91de01e95f,69db2ac855d55f91deff3840,true,205,4100,225.5,225.5,205,false,2026-04-12T07:07:23.538Z,2026-04-12T07:07:23.538Z,2026-04-12T07:07:23.538Z,0,
69db44ab55d55f91de01e96d,**,695e31a38998f1e02a429ce7,18,2030-01-01T00:00:00.000Z,6923ca4d385a8494efbb2712,15,20,0,20,pending,69db44ab55d55f91de01e95f,69db2ac855d55f91deff3840,true,7,140,7.7,7.7,7,false,2026-04-12T07:07:23.537Z,2026-04-12T07:07:23.538Z,2026-04-12T07:07:23.538Z,0,
69db44ab55d55f91de01e96c,**,69365530bcf19acba522ed4c,18,2030-01-01T00:00:00.000Z,6923ca4d385a8494efbb2712,300,10,0,10,pending,69db44ab55d55f91de01e95f,69db2ac855d55f91deff3840,true,105,1050,115.5,115.5,105,false,2026-04-12T07:07:23.537Z,2026-04-12T07:07:23.538Z,2026-04-12T07:07:23.538Z,0,
69db44ab55d55f91de01e96a,**,69d87f225868bd613d0da26d,18,2030-01-01T00:00:00.000Z,6923ca4d385a8494efbb2712,20,100,0,100,pending,69db44ab55d55f91de01e95f,69db2ac855d55f91deff3840,true,14,1400,15.4,15.4,14,false,2026-04-12T07:07:23.536Z,2026-04-12T07:07:23.538Z,2026-04-12T07:07:23.538Z,0,
69db44ab55d55f91de01e96b,**,69521e4c8da4f7c5d9262f8b,18,2030-01-01T00:00:00.000Z,6923ca4d385a8494efbb2712,65,6,0,6,pending,69db44ab55d55f91de01e95f,69db2ac855d55f91deff3840,true,38,228,41.8,41.8,38,false,2026-04-12T07:07:23.536Z,2026-04-12T07:07:23.538Z,2026-04-12T07:07:23.538Z,0,
69db44ab55d55f91de01e969,**,69365453bcf19acba522c75b,18,2030-01-01T00:00:00.000Z,6923ca4d385a8494efbb2712,85,20,0,20,pending,69db44ab55d55f91de01e95f,69db2ac855d55f91deff3840,true,55,1100,60.5,60.5,55,false,2026-04-12T07:07:23.535Z,2026-04-12T07:07:23.538Z,2026-04-12T07:07:23.538Z,0,
69db523155d55f91de02b320,**,697497ec5e174f9cf2443c18,18,2030-01-01T00:00:00.000Z,6923ca4d385a8494efbb2712,390,10,0,10,pending,69db523155d55f91de02b31a,69db513855d55f91de02adf2,true,300,3000,315,315,300,false,2026-04-12T08:05:05.599Z,2026-04-12T08:05:05.601Z,2026-04-12T08:05:05.601Z,0,
69db523155d55f91de02b323,**,69521d028da4f7c5d9261731,18,2030-01-01T00:00:00.000Z,6923ca4d385a8494efbb2712,25,20,0,20,pending,69db523155d55f91de02b31a,69db513855d55f91de02adf2,true,17.2,344,18.92,18.92,17.2,false,2026-04-12T08:05:05.600Z,2026-04-12T08:05:05.601Z,2026-04-12T08:05:05.601Z,0,
69db523155d55f91de02b322,**,6971f851bd1798cc350f22a5,18,2030-01-01T00:00:00.000Z,6923ca4d385a8494efbb2712,71.19,100,0,0,pending,69db523155d55f91de02b31a,69db513855d55f91de02adf2,true,14,1400,15.4,15.4,14,false,2026-04-12T08:05:05.600Z,2026-04-12T08:05:05.601Z,2026-04-15T05:05:00.967Z,0,
69db523155d55f91de02b321,**,69db50e055d55f91de029cd1,18,2030-01-01T00:00:00.000Z,6923ca4d385a8494efbb2712,5,50,0,50,pending,69db523155d55f91de02b31a,69db513855d55f91de02adf2,true,3,150,3.3,3.3,3,false,2026-04-12T08:05:05.600Z,2026-04-12T08:05:05.601Z,2026-04-12T08:05:05.601Z,0,
69db564e55d55f91de030f05,260901639,69ce43302b2deb9f9bbb6b3e,5,2031-01-01T00:00:00.000Z,6923ca4d385a8494efbb273c,75,40,0,40,pending,69db564e55d55f91de030f02,69db539a55d55f91de0303c9,true,33.42,1336.8000000000002,36.76,36.76,33.42,false,2026-04-12T08:22:38.945Z,2026-04-12T08:22:38.946Z,2026-04-12T08:22:38.946Z,0,
69db577f55d55f91de031a6f,DN125379,68c505d2267e3c8d0ddc248f,5,2027-09-01T00:00:00.000Z,6936866cbcf19acba530e2eb,538.35,50,10,40,pending,69db577f55d55f91de031a6c,69db535a55d55f91de02e0f9,true,410.17,20508.5,360.95,433.14,328.14,false,2026-04-12T08:27:43.470Z,2026-04-12T08:27:43.470Z,2026-04-14T05:48:19.900Z,0,
69db5e8f55d55f91de045e1f,CMT242340A,68c505d2267e3c8d0ddc2d0e,5,2026-11-01T00:00:00.000Z,6923ca48385a8494efbb2529,77.5,315,0,275,pending,,,true,38.32,12070.8,38.32,38.32,38.32,false,2026-04-12T08:57:51.002Z,2026-04-12T08:57:51.003Z,2026-04-13T07:05:20.996Z,0,68c28b40865ae237f06a4dcd
69db5f9455d55f91de04f4a7,1256106,69251a75496994f2855ca45c,5,2028-10-01T00:00:00.000Z,6923ca3a385a8494efbb1f95,60.34,56,0,56,pending,69db5f9355d55f91de04f4a2,69db5e9a55d55f91de04609f,true,22.5,1260,24.75,24.75,22.5,false,2026-04-12T09:02:12.270Z,2026-04-12T09:02:12.274Z,2026-04-12T09:02:12.274Z,0,
69db5f9455d55f91de04f4a9,1254687,69251a6b496994f2855ca2cb,5,2028-08-01T00:00:00.000Z,6923ca3a385a8494efbb1f95,22.05,100,0,100,pending,69db5f9355d55f91de04f4a2,69db5e9a55d55f91de04609f,true,13.5,1350,14.85,14.85,13.5,false,2026-04-12T09:02:12.273Z,2026-04-12T09:02:12.275Z,2026-04-12T09:02:12.275Z,0,
69db5f9455d55f91de04f4a8,1260033,69251a72496994f2855ca3f8,5,2028-12-01T00:00:00.000Z,6923ca3a385a8494efbb1f95,22.42,300,0,0,pending,69db5f9355d55f91de04f4a2,69db5e9a55d55f91de04609f,true,11.5,3450,12.65,12.65,11.5,false,2026-04-12T09:02:12.271Z,2026-04-12T09:02:12.274Z,2026-04-14T10:29:18.095Z,0,
69db60bd55d55f91de0562ff,5SN2028,693fbf67dff3f5256b71f822,5,2028-08-01T00:00:00.000Z,692429a031185c93746d91ef,79.68,20,0,0,pending,,,true,58.28,1165.6,58.28,58.28,58.28,false,2026-04-12T09:07:09.397Z,2026-04-12T09:07:09.398Z,2026-04-15T11:51:48.504Z,0,68c28b40865ae237f06a4dcd
69db686d55d55f91de06f0e6,AYLC01813,692d6e980fd6496282eed343,5,2027-08-01T00:00:00.000Z,6923ca44385a8494efbb2377,795,13,0,3,pending,,,true,450,5850,450,450,450,false,2026-04-12T09:39:57.736Z,2026-04-12T09:39:57.737Z,2026-04-13T06:58:28.468Z,0,68c28b40865ae237f06a4dcd
69db87e955d55f91de098556,DP-5335,69550257cf8216c6d7be711d,5,2027-11-01T00:00:00.000Z,6923ca29385a8494efbb19c3,271,128,0,108,pending,,,true,142.95,18297.6,142.95,142.95,142.95,false,2026-04-12T11:54:17.637Z,2026-04-12T11:54:17.638Z,2026-04-13T06:31:35.851Z,0,68c28b40865ae237f06a4dcd
69dc6c1a55d55f91de0c021f,2260439,68c505d2267e3c8d0ddc27ef,5,2028-01-01T00:00:00.000Z,695e252a8998f1e02a3dd00b,4449.37,5,0,0,pending,69dc6c1955d55f91de0c021c,69dc6b5655d55f91de0bfd10,true,2100,10500,2310,2310,2100,false,2026-04-13T04:07:54.045Z,2026-04-13T04:07:54.045Z,2026-04-13T06:28:40.070Z,0,
69dc759155d55f91de0d7cab,KP1254165,68c505d2267e3c8d0ddc27b4,5,2028-11-01T00:00:00.000Z,6923ca42385a8494efbb22ac,76.85,10,0,10,pending,69dc759155d55f91de0d7ca3,69dc728b55d55f91de0cd1bb,true,57,570,62.7,62.7,57,false,2026-04-13T04:48:17.579Z,2026-04-13T04:48:17.582Z,2026-04-13T04:58:57.814Z,0,
69dc759155d55f91de0d7cb0,A230685,69dc701d55d55f91de0c9196,5,2028-08-01T00:00:00.000Z,6923ca42385a8494efbb22ac,258.75,12,0,11,pending,69dc759155d55f91de0d7ca3,69dc728b55d55f91de0cd1bb,true,64.68,776.1600000000001,71.15,71.15,64.68,false,2026-04-13T04:48:17.581Z,2026-04-13T04:48:17.582Z,2026-04-14T11:03:45.260Z,0,
69dc759155d55f91de0d7cad,A230034,69dc701d55d55f91de0c9196,5,2027-12-01T00:00:00.000Z,6923ca42385a8494efbb22ac,235.31,12,0,11,pending,69dc759155d55f91de0d7ca3,69dc728b55d55f91de0cd1bb,true,58.82,705.84,64.7,64.7,58.82,false,2026-04-13T04:48:17.580Z,2026-04-13T04:48:17.582Z,2026-04-14T11:03:44.984Z,0,
69dc759155d55f91de0d7cac,C250146S,69dc6f0355d55f91de0c6d9f,5,2030-11-01T00:00:00.000Z,6923ca42385a8494efbb22ac,339,24,0,24,pending,69dc759155d55f91de0d7ca3,69dc728b55d55f91de0cd1bb,true,67.8,1627.1999999999998,74.58,74.58,67.8,false,2026-04-13T04:48:17.579Z,2026-04-13T04:48:17.582Z,2026-04-13T04:48:17.582Z,0,
69dc759155d55f91de0d7cae,A250030,69dc711855d55f91de0ca361,5,2029-12-01T00:00:00.000Z,6923ca42385a8494efbb22ac,281.25,24,0,22,pending,69dc759155d55f91de0d7ca3,69dc728b55d55f91de0cd1bb,true,70.31,1687.44,77.34,77.34,70.31,false,2026-04-13T04:48:17.580Z,2026-04-13T04:48:17.582Z,2026-04-14T11:03:45.535Z,0,
69dc759155d55f91de0d7caf,S110125,6971d9a8bd1798cc350b1267,5,2028-11-01T00:00:00.000Z,6923ca42385a8494efbb22ac,538,5,0,5,pending,69dc759155d55f91de0d7ca3,69dc728b55d55f91de0cd1bb,true,185,925,203.5,203.5,185,false,2026-04-13T04:48:17.581Z,2026-04-13T04:48:17.582Z,2026-04-13T04:48:17.582Z,0,
69dc83a255d55f91de0fb98f,OHL-816,696deec326351e91a3e773d9,5,2027-06-01T00:00:00.000Z,696df07826351e91a3e78e10,164.06,155,0,11,pending,,,true,102.28,15853.4,102.28,102.28,102.28,false,2026-04-13T05:48:18.688Z,2026-04-13T05:48:18.689Z,2026-04-15T08:06:00.067Z,0,68c28b40865ae237f06a4dcd
69dc84f755d55f91de1075e9,JT-2509167,69369bbbbcf19acba5359c76,5,2027-08-01T00:00:00.000Z,6923ca2a385a8494efbb19ca,550,40,0,20,pending,,,true,247.5,9900,247.5,247.5,247.5,false,2026-04-13T05:53:59.998Z,2026-04-13T05:54:00.001Z,2026-04-13T06:46:52.096Z,0,68c28b40865ae237f06a4dcd
69dc88d555d55f91de11824a,APL0042,68c505d2267e3c8d0ddc26de,5,2028-07-01T00:00:00.000Z,6926eff3a6f059dedd3a3c3a,12.7,15,0,0,pending,,,true,9.31,139.65,9.31,9.31,9.31,false,2026-04-13T06:10:29.237Z,2026-04-13T06:10:29.239Z,2026-04-13T09:12:45.482Z,0,68c28b40865ae237f06a4dcd
69dc89a255d55f91de127224,23100587C,69251a61496994f2855ca123,5,2026-09-01T00:00:00.000Z,6923ca4d385a8494efbb273c,3500,1,0,0,pending,,,true,750,750,750,750,750,false,2026-04-13T06:13:54.441Z,2026-04-13T06:13:54.442Z,2026-04-13T09:12:48.181Z,0,68c28b40865ae237f06a4dcd
69dc8a7b55d55f91de12b013,3265721K,69251a61496994f2855ca123,5,2026-09-01T00:00:00.000Z,6923ca4d385a8494efbb273c,4385,1,0,0,pending,,,true,750,750,750,750,750,false,2026-04-13T06:17:31.669Z,2026-04-13T06:17:31.669Z,2026-04-13T09:12:50.865Z,0,68c28b40865ae237f06a4dcd
69dc8c4955d55f91de1316cc,22EL-01K,69ce433b2b2deb9f9bbb6d86,5,2027-11-01T00:00:00.000Z,6923ca4d385a8494efbb273c,247.5,6,0,1,pending,,,true,48,288,48,48,48,false,2026-04-13T06:25:13.918Z,2026-04-13T06:25:13.919Z,2026-04-13T09:12:53.657Z,0,68c28b40865ae237f06a4dcd
69dc8d7c55d55f91de1417ab,8016225A,6956148245da17fad994f978,5,2029-12-01T00:00:00.000Z,6923ca4d385a8494efbb273c,367,5,0,0,pending,,,true,48,240,48,48,48,false,2026-04-13T06:30:20.628Z,2026-04-13T06:30:20.631Z,2026-04-13T09:12:56.292Z,0,68c28b40865ae237f06a4dcd
69dc8ecc55d55f91de155565,8470824K,69ce43372b2deb9f9bbb6cc8,5,2029-08-01T00:00:00.000Z,6923ca4d385a8494efbb273c,286.88,1,0,0,pending,,,true,29.5,29.5,29.5,29.5,29.5,false,2026-04-13T06:35:56.232Z,2026-04-13T06:35:56.233Z,2026-04-13T09:12:58.972Z,0,68c28b40865ae237f06a4dcd
69dc969355d55f91de1794dc,VH-T14784,69dc8bff55d55f91de130530,5,2027-05-01T00:00:00.000Z,69dc912855d55f91de155c68,1201.5,20,0,17,pending,69dc969355d55f91de1794d6,69dc945255d55f91de16d54e,true,477,9540,524.7,524.7,477,false,2026-04-13T07:09:07.445Z,2026-04-13T07:09:07.446Z,2026-04-13T08:47:51.806Z,0,
69dc969355d55f91de1794de,VH-T16476,69dc937055d55f91de15f2da,5,2027-04-01T00:00:00.000Z,69dc912855d55f91de155c68,1350,20,0,17,pending,69dc969355d55f91de1794d6,69dc945255d55f91de16d54e,true,526.5,10530,579.15,579.15,526.5,false,2026-04-13T07:09:07.446Z,2026-04-13T07:09:07.446Z,2026-04-13T08:47:46.538Z,0,
69dc969355d55f91de1794df,VH-S12342,69dc942b55d55f91de16982f,5,2027-04-01T00:00:00.000Z,69dc912855d55f91de155c68,1575,20,0,17,pending,69dc969355d55f91de1794d6,69dc945255d55f91de16d54e,true,608.17,12163.4,668.99,668.99,608.17,false,2026-04-13T07:09:07.446Z,2026-04-13T07:09:07.446Z,2026-04-13T08:47:43.926Z,0,
69dc969355d55f91de1794dd,VH-T16477,69dc926355d55f91de15e049,5,2027-04-01T00:00:00.000Z,69dc912855d55f91de155c68,1275,20,0,15,pending,69dc969355d55f91de1794d6,69dc945255d55f91de16d54e,true,490.5,9810,539.55,539.55,490.5,false,2026-04-13T07:09:07.445Z,2026-04-13T07:09:07.446Z,2026-04-13T08:47:49.153Z,0,
69dcacaf55d55f91de1aae8e,NDT009,69dca95e55d55f91de19be6f,5,2029-09-01T00:00:00.000Z,6923ca35385a8494efbb1da4,2568,2,0,2,pending,69dcacaf55d55f91de1aae86,69dcaa8b55d55f91de1a25ec,true,410.88,821.76,451.97,451.97,410.88,false,2026-04-13T08:43:27.641Z,2026-04-13T08:43:27.642Z,2026-04-13T08:43:27.642Z,0,
69dcacaf55d55f91de1aae8d,NDS002,69dc9df455d55f91de1919b7,5,2030-02-01T00:00:00.000Z,6923ca35385a8494efbb1da4,4200,3,0,3,pending,69dcacaf55d55f91de1aae86,69dcaa8b55d55f91de1a25ec,true,672,2016,739.2,739.2,672,false,2026-04-13T08:43:27.641Z,2026-04-13T08:43:27.642Z,2026-04-13T08:43:27.642Z,0,
69dcacaf55d55f91de1aae8f,1411,69dcaa7355d55f91de1a14c6,5,2029-02-01T00:00:00.000Z,6923ca35385a8494efbb1da4,421.88,4,0,4,pending,69dcacaf55d55f91de1aae86,69dcaa8b55d55f91de1a25ec,true,168,672,184.8,184.8,168,false,2026-04-13T08:43:27.641Z,2026-04-13T08:43:27.642Z,2026-04-13T08:43:27.642Z,0,
69dcacaf55d55f91de1aae8c,049,68c505d2267e3c8d0ddc2a8f,18,2027-01-01T00:00:00.000Z,6923ca35385a8494efbb1da4,85,10,0,10,pending,69dcacaf55d55f91de1aae86,69dcaa8b55d55f91de1a25ec,true,31.25,312.5,34.38,34.38,31.25,false,2026-04-13T08:43:27.640Z,2026-04-13T08:43:27.642Z,2026-04-13T08:43:27.642Z,0,
69dcacc755d55f91de1ab960,R08231127,69251a70496994f2855ca393,5,2028-07-01T00:00:00.000Z,6923ca3f385a8494efbb2132,123,36,0,0,pending,,,true,30.25,1089,30.25,30.25,30.25,false,2026-04-13T08:43:51.289Z,2026-04-13T08:43:51.291Z,2026-04-13T12:16:05.293Z,0,68c28b40865ae237f06a4dcd
69dcad2855d55f91de1af11c,R04241110,69251a70496994f2855ca393,5,2029-03-01T00:00:00.000Z,6923ca3f385a8494efbb2132,123,72,0,48,pending,,,true,30.25,2178,30.25,30.25,30.25,false,2026-04-13T08:45:28.557Z,2026-04-13T08:45:28.561Z,2026-04-13T12:16:05.565Z,0,68c28b40865ae237f06a4dcd
69dcadd955d55f91de1b1184,R03240550,69251a70496994f2855ca395,5,2029-02-01T00:00:00.000Z,6923ca3f385a8494efbb2132,224,40,0,10,pending,,,true,60.5,2420,60.5,60.5,60.5,false,2026-04-13T08:48:25.006Z,2026-04-13T08:48:25.007Z,2026-04-13T12:16:05.020Z,0,68c28b40865ae237f06a4dcd
69dcafd855d55f91de1b377c,675E026,6943c820095748bb16d9a677,5,2027-07-01T00:00:00.000Z,6926eff3a6f059dedd3a3c3a,105.6,5,0,0,pending,,,true,75.56,377.8,75.56,75.56,75.56,false,2026-04-13T08:56:56.817Z,2026-04-13T08:56:56.818Z,2026-04-13T12:16:05.838Z,0,68c28b40865ae237f06a4dcd
69dcb16055d55f91de1c0376,2611789C,68c505d2267e3c8d0ddc2950,5,2029-11-01T00:00:00.000Z,6923ca4d385a8494efbb273c,343,30,0,30,pending,,,true,32,960,32,32,32,false,2026-04-13T09:03:28.321Z,2026-04-13T09:03:28.321Z,2026-04-13T09:03:28.321Z,0,68c28b40865ae237f06a4dcd
69dcb18455d55f91de1c04bd,A1925023,69ce43572b2deb9f9bbb7373,5,2027-11-01T00:00:00.000Z,6923ca42385a8494efbb22ac,258.74,40,0,20,pending,69dcb18455d55f91de1c04ba,69dcb03b55d55f91de1b6d45,true,110,4400,121,121,110,false,2026-04-13T09:04:04.620Z,2026-04-13T09:04:04.620Z,2026-04-13T10:18:19.459Z,0,
69dcb37b55d55f91de1cb345,D2250429,697d5db67650d5ea2b3c88bd,5,2028-03-01T00:00:00.000Z,6936866cbcf19acba530e2eb,202.49,50,10,30,pending,69dcb37b55d55f91de1cb342,69dcb09555d55f91de1b9020,true,161.99,8099.5,142.55,171.06,129.59,false,2026-04-13T09:12:27.888Z,2026-04-13T09:12:27.889Z,2026-04-13T10:18:16.696Z,0,
69dcb4dd55d55f91de1d4643,AYLC01893,692d6e980fd6496282eed343,5,2027-08-01T00:00:00.000Z,6923ca35385a8494efbb1da4,795,5,0,5,pending,69dcb4dd55d55f91de1d4640,69dcb0ea55d55f91de1bb2ee,true,510,2550,561,561,510,false,2026-04-13T09:18:21.781Z,2026-04-13T09:18:21.782Z,2026-04-13T09:18:21.782Z,0,
69dcbb6f55d55f91de1fc298,G24C040632,69dcbaa655d55f91de1f4943,5,2029-02-01T00:00:00.000Z,6923ca3f385a8494efbb214e,252,18,0,0,pending,,,true,18.73,337.14,18.73,18.73,18.73,false,2026-04-13T09:46:23.728Z,2026-04-13T09:46:23.728Z,2026-04-14T05:03:53.512Z,0,68c28b40865ae237f06a4dcd
69dcbcc955d55f91de206640,1253639,69251a63496994f2855ca183,5,2028-06-01T00:00:00.000Z,6923ca3a385a8494efbb1f95,43.53,84,0,28,pending,,,true,21.5,1806,21.5,21.5,21.5,false,2026-04-13T09:52:09.976Z,2026-04-13T09:52:09.976Z,2026-04-13T12:16:06.927Z,0,68c28b40865ae237f06a4dcd
69dcbd7b55d55f91de208444,537031NE2,68c505d2267e3c8d0ddc2bb8,5,2030-08-01T00:00:00.000Z,6923ca38385a8494efbb1ee6,10.45,365,0,15,pending,,,true,1.91,697.15,1.91,1.91,1.91,false,2026-04-13T09:55:07.809Z,2026-04-13T09:55:07.810Z,2026-04-15T07:04:16.377Z,0,68c28b40865ae237f06a4dcd
69dcbea555d55f91de210e41,321204NJG2,69251a63496994f2855ca173,5,2028-04-01T00:00:00.000Z,6923ca38385a8494efbb1ee6,25,200,0,0,pending,,,true,8.08,1616,8.08,8.08,8.08,false,2026-04-13T10:00:05.446Z,2026-04-13T10:00:05.448Z,2026-04-13T12:16:07.200Z,0,68c28b40865ae237f06a4dcd
69dcbfb155d55f91de2145c5,4195025M,6982dc0f5d1e31cd644bc964,5,2030-10-01T00:00:00.000Z,6923ca4d385a8494efbb273c,184.69,750,0,50,pending,,,true,8,1200,8,8,8,false,2026-04-13T10:04:33.010Z,2026-04-13T10:04:33.010Z,2026-04-15T11:48:46.015Z,0,68c28b40865ae237f06a4dcd
69dcbff555d55f91de2172c8,ZLP4AD5015,68c505d2267e3c8d0ddc2571,5,2027-06-01T00:00:00.000Z,6923ca56385a8494efbb2b25,110.55,30,0,20,pending,,,true,59.23,1776.8999999999999,59.23,59.23,59.23,false,2026-04-13T10:05:41.294Z,2026-04-13T10:05:41.294Z,2026-04-13T10:08:24.355Z,0,68c28b19865ae237f06a4d4b
69dccfde55d55f91de280ba2,DS-25057,69ce43572b2deb9f9bbb7383,5,2027-12-01T00:00:00.000Z,693006e7d3e6ce5d3507374d,323,50,0,20,pending,69dccfde55d55f91de280b9d,69dcce7955d55f91de2765d6,true,166.14,8307,182.75,182.75,166.14,false,2026-04-13T11:13:34.458Z,2026-04-13T11:13:34.458Z,2026-04-14T05:48:50.621Z,0,
69dccfde55d55f91de280ba1,LLD-9874,69ce43312b2deb9f9bbb6b75,5,2027-07-01T00:00:00.000Z,693006e7d3e6ce5d3507374d,370,40,0,10,pending,69dccfde55d55f91de280b9d,69dcce7955d55f91de2765d6,true,203.14,8125.599999999999,223.45,223.45,203.14,false,2026-04-13T11:13:34.457Z,2026-04-13T11:13:34.458Z,2026-04-14T05:48:50.348Z,0,
69dce2bfc2b3d00e939efdf9,RF1225023,69282f65a6f059dedd3e11df,5,2027-09-01T00:00:00.000Z,692eb408c9be211d89b4fcdc,139.65,39,0,9,pending,69dce2bfc2b3d00e939efdf6,69dce198c2b3d00e939edc8c,true,106.4,4149.6,112.35,112.35,102.14,false,2026-04-13T12:34:07.832Z,2026-04-13T12:34:07.832Z,2026-04-13T12:38:41.547Z,0,
69ddbe39c2b3d00e93a18317,ZPF2AD5010,6902ed30f4ae89bffe2d1a7c,5,2027-09-01T00:00:00.000Z,6923ca56385a8494efbb2b25,449.5,20,4,24,pending,69ddbe39c2b3d00e93a18313,69ddbbf8c2b3d00e93a0db7b,true,308.23,6164.6,282.55,339.06,256.86,false,2026-04-14T04:10:33.680Z,2026-04-14T04:10:33.681Z,2026-04-14T04:10:33.681Z,0,
69ddbe39c2b3d00e93a18318,ZPIK260001,69251a69496994f2855ca269,5,2029-01-01T00:00:00.000Z,6923ca56385a8494efbb2b25,431.65,9,1,10,pending,69ddbe39c2b3d00e93a18313,69ddbbf8c2b3d00e93a0db7b,true,295.99,2663.91,293.03,325.59,266.39,false,2026-04-14T04:10:33.680Z,2026-04-14T04:10:33.681Z,2026-04-14T04:10:33.681Z,0,
69ddc0a0c2b3d00e93a28a2e,Z05DC25047,69251a71496994f2855ca3ab,5,2027-11-01T00:00:00.000Z,6923ca56385a8494efbb2b25,203.15,20,4,24,pending,69ddc0a0c2b3d00e93a28a26,69ddbc88c2b3d00e93a110a8,true,139.31,2786.2,127.7,153.24,116.09,false,2026-04-14T04:20:48.613Z,2026-04-14T04:20:48.617Z,2026-04-14T04:20:48.617Z,0,
69ddc0a0c2b3d00e93a28a31,39TTD001,69251a79496994f2855ca53b,5,2027-06-01T00:00:00.000Z,6923ca56385a8494efbb2b25,667,20,0,20,pending,69ddc0a0c2b3d00e93a28a26,69ddbc88c2b3d00e93a110a8,true,457.37,9147.4,503.11,503.11,457.37,false,2026-04-14T04:20:48.615Z,2026-04-14T04:20:48.617Z,2026-04-14T04:20:48.617Z,0,
69ddc0a0c2b3d00e93a28a2d,Z05BJP2501,69251a70496994f2855ca3a5,5,2028-05-01T00:00:00.000Z,6923ca56385a8494efbb2b25,194.85,20,4,24,pending,69ddc0a0c2b3d00e93a28a26,69ddbc88c2b3d00e93a110a8,true,133.61,2672.2000000000003,122.47,146.97,111.34,false,2026-04-14T04:20:48.613Z,2026-04-14T04:20:48.617Z,2026-04-14T04:20:48.617Z,0,
69ddc0a0c2b3d00e93a28a30,Z05EN25007,6901fca6f4ae89bffe290210,5,2027-06-01T00:00:00.000Z,6923ca56385a8494efbb2b25,329.67,40,8,48,pending,69ddc0a0c2b3d00e93a28a26,69ddbc88c2b3d00e93a110a8,true,226.04,9041.6,207.21,248.65,188.37,false,2026-04-14T04:20:48.614Z,2026-04-14T04:20:48.617Z,2026-04-14T04:20:48.617Z,0,
69ddc0a0c2b3d00e93a28a2f,Z05CO25018,6901fbf0f4ae89bffe28f867,5,2028-04-01T00:00:00.000Z,6923ca56385a8494efbb2b25,254.25,30,6,36,pending,69ddc0a0c2b3d00e93a28a26,69ddbc88c2b3d00e93a110a8,true,174.34,5230.2,159.81,191.77,145.28,false,2026-04-14T04:20:48.614Z,2026-04-14T04:20:48.617Z,2026-04-14T04:20:48.617Z,0,
69ddc197c2b3d00e93a2dc09,ZB10P2601,69251a60496994f2855ca0fd,5,2028-01-01T00:00:00.000Z,6923ca56385a8494efbb2b25,1678.1,20,0,20,pending,69ddc196c2b3d00e93a2dc04,69ddbd2dc2b3d00e93a14857,true,800,16000,880,880,800,false,2026-04-14T04:24:55.180Z,2026-04-14T04:24:55.181Z,2026-04-14T04:24:55.181Z,0,
69ddc197c2b3d00e93a2dc08,ZB05P2501,6904a998759f4027f5808700,5,2028-10-01T00:00:00.000Z,6923ca56385a8494efbb2b25,829.65,30,0,25,pending,69ddc196c2b3d00e93a2dc04,69ddbd2dc2b3d00e93a14857,true,400,12000,440,440,400,false,2026-04-14T04:24:55.180Z,2026-04-14T04:24:55.181Z,2026-04-14T10:36:54.811Z,0,
69ddcaf6c2b3d00e93a72e10,GUTC26004,694a3817f25719f74a528586,5,2027-12-01T00:00:00.000Z,6923ca36385a8494efbb1ddc,549.41,200,0,180,pending,69ddcaf6c2b3d00e93a72e0c,69ddc503c2b3d00e93a38480,true,376.738,75347.6,372.97,372.97,339.06,false,2026-04-14T05:04:54.652Z,2026-04-14T05:04:54.654Z,2026-04-14T08:39:39.322Z,0,
69ddcaf6c2b3d00e93a72e11,25K05694,68c505d2267e3c8d0ddc27dc,5,2027-09-01T00:00:00.000Z,6923ca36385a8494efbb1ddc,361.87,500,0,500,pending,69ddcaf6c2b3d00e93a72e0c,69ddc503c2b3d00e93a38480,true,248.14,124070,245.66,245.66,223.33,false,2026-04-14T05:04:54.653Z,2026-04-14T05:04:54.654Z,2026-04-14T05:04:54.654Z,0,
69ddcb24c2b3d00e93a73b1f,34783M,6971c2df58a7557ef47a5c84,5,2027-11-01T00:00:00.000Z,6923ca4e385a8494efbb27a5,1903,20,0,0,pending,,,true,610,12200,610,610,610,false,2026-04-14T05:05:40.369Z,2026-04-14T05:05:40.370Z,2026-04-14T08:39:39.047Z,0,698c46f57cfcc90217e3e77d
69ddce16c2b3d00e93a8472c,D2250779,68c505d2267e3c8d0ddc2cd3,5,2028-06-01T00:00:00.000Z,6936866cbcf19acba530e2eb,47.81,20,4,24,pending,69ddce16c2b3d00e93a84727,69ddcc9ec2b3d00e93a7db73,true,36.43,728.6,32.05,38.46,29.14,false,2026-04-14T05:18:14.613Z,2026-04-14T05:18:14.614Z,2026-04-14T05:18:14.614Z,0,
69ddce16c2b3d00e93a8472b,D2250105,68c505d2267e3c8d0ddc2c5d,5,2027-12-01T00:00:00.000Z,6936866cbcf19acba530e2eb,712.5,10,2,2,pending,69ddce16c2b3d00e93a84727,69ddcc9ec2b3d00e93a7db73,true,542.86,5428.6,477.72,573.26,434.29,false,2026-04-14T05:18:14.613Z,2026-04-14T05:18:14.614Z,2026-04-14T10:36:29.049Z,0,
69ddd129c2b3d00e93a96180,SGC0378,6974af115e174f9cf25095aa,5,2027-11-01T00:00:00.000Z,692eb408c9be211d89b4fcdc,257.81,5,0,0,pending,,,true,188.56,942.8,188.56,188.56,188.56,false,2026-04-14T05:31:21.657Z,2026-04-14T05:31:21.658Z,2026-04-14T05:48:20.997Z,0,698c46f57cfcc90217e3e77d
69dddb30c2b3d00e93ada743,126E001,694a36b4f25719f74a527975,5,2027-06-01T00:00:00.000Z,6923ca36385a8494efbb1ddc,681.98,30,0,20,pending,,,true,467.64,14029.199999999999,467.64,467.64,467.64,false,2026-04-14T06:14:08.353Z,2026-04-14T06:14:08.354Z,2026-04-14T10:38:52.571Z,0,68c28b40865ae237f06a4dcd
69dddc55c2b3d00e93ae664e,G21103044,69ce43492b2deb9f9bbb70a9,5,2026-10-01T00:00:00.000Z,6923ca3f385a8494efbb214e,53,175,0,150,pending,,,true,13.6,2380,13.6,13.6,13.6,false,2026-04-14T06:19:01.441Z,2026-04-14T06:19:01.442Z,2026-04-14T10:38:53.652Z,0,68c28b40865ae237f06a4dcd
69dde164c2b3d00e93af9b25,1011515860,695cd3804094f0324b302bf3,5,2026-08-01T00:00:00.000Z,692eca0dc9be211d89bfb12c,19800,2,0,2,pending,69dde164c2b3d00e93af9b16,69ddd269c2b3d00e93a98aed,true,13800,27600,15180,15180,13800,false,2026-04-14T06:40:36.378Z,2026-04-14T06:40:36.380Z,2026-04-14T06:40:36.380Z,0,
69dde164c2b3d00e93af9b21,1011585970,69ce437f2b2deb9f9bbb7c5d,5,2026-09-01T00:00:00.000Z,692eca0dc9be211d89bfb12c,9400,1,0,1,pending,69dde164c2b3d00e93af9b16,69ddd269c2b3d00e93a98aed,true,4800,4800,5280,5280,4800,false,2026-04-14T06:40:36.377Z,2026-04-14T06:40:36.380Z,2026-04-14T06:40:36.380Z,0,
69dde164c2b3d00e93af9b20,1011530300,69ce437f2b2deb9f9bbb7c56,5,2026-08-01T00:00:00.000Z,692eca0dc9be211d89bfb12c,11000,1,0,1,pending,69dde164c2b3d00e93af9b16,69ddd269c2b3d00e93a98aed,true,4800,4800,5280,5280,4800,false,2026-04-14T06:40:36.376Z,2026-04-14T06:40:36.380Z,2026-04-14T06:40:36.380Z,0,
69dde164c2b3d00e93af9b22,1011599340,69ce437f2b2deb9f9bbb7c69,5,2026-09-01T00:00:00.000Z,692eca0dc9be211d89bfb12c,19100,1,0,1,pending,69dde164c2b3d00e93af9b16,69ddd269c2b3d00e93a98aed,true,9600,9600,10560,10560,9600,false,2026-04-14T06:40:36.377Z,2026-04-14T06:40:36.380Z,2026-04-14T06:40:36.380Z,0,
69dde164c2b3d00e93af9b1f,1011480830,692ec867c9be211d89be6774,5,2026-07-01T00:00:00.000Z,692eca0dc9be211d89bfb12c,5000,5,0,5,pending,69dde164c2b3d00e93af9b16,69ddd269c2b3d00e93a98aed,true,3780,18900,4158,4158,3780,false,2026-04-14T06:40:36.375Z,2026-04-14T06:40:36.380Z,2026-04-14T06:40:36.380Z,0,
69dde164c2b3d00e93af9b23,1011692560,69ce437f2b2deb9f9bbb7c63,5,2026-10-01T00:00:00.000Z,692eca0dc9be211d89bfb12c,18500,1,0,1,pending,69dde164c2b3d00e93af9b16,69ddd269c2b3d00e93a98aed,true,10500,10500,11550,11550,10500,false,2026-04-14T06:40:36.378Z,2026-04-14T06:40:36.380Z,2026-04-14T06:40:36.380Z,0,
69dde164c2b3d00e93af9b24,1011584090,695cd4144094f0324b303827,5,2026-12-01T00:00:00.000Z,692eca0dc9be211d89bfb12c,38600,2,0,2,pending,69dde164c2b3d00e93af9b16,69ddd269c2b3d00e93a98aed,true,23400,46800,25740,25740,23400,false,2026-04-14T06:40:36.378Z,2026-04-14T06:40:36.380Z,2026-04-14T06:40:36.380Z,0,
69ddece1c2b3d00e93b1d05b,25025,69ddec47c2b3d00e93b1a703,5,2027-07-01T00:00:00.000Z,69d34f4f6a90bf8f8480ac44,40879,1,0,0,pending,69ddece1c2b3d00e93b1d058,69ddec6ec2b3d00e93b1b95d,true,38932.38,38932.38,38932.38,38932.38,38932.38,false,2026-04-14T07:29:37.749Z,2026-04-14T07:29:37.750Z,2026-04-14T10:39:17.506Z,0,
69ddf12cc2b3d00e93b41f28,111240318,69251a6a496994f2855ca287,5,2027-02-01T00:00:00.000Z,69d36eabf0aa111ac5141449,134.06,410,0,360,pending,,,true,115.93,47531.3,115.93,115.93,115.93,false,2026-04-14T07:47:56.259Z,2026-04-14T07:47:56.259Z,2026-04-14T10:36:28.774Z,0,68c28b40865ae237f06a4dcd
69ddf6afc2b3d00e93b5949d,AK20007,69dcb4c355d55f91de1d2e5a,5,2027-08-01T00:00:00.000Z,6923ca41385a8494efbb2235,749.9,100,20,120,pending,69ddf6afc2b3d00e93b59497,69ddf5b7c2b3d00e93b58da3,true,514.22,51422,471.37,565.65,428.52,false,2026-04-14T08:11:27.406Z,2026-04-14T08:11:27.408Z,2026-04-14T08:11:27.408Z,0,
69ddf6afc2b3d00e93b5949c,SP250303,69dcb69755d55f91de1e1693,5,2027-01-01T00:00:00.000Z,6923ca41385a8494efbb2235,192.66,100,20,120,pending,69ddf6afc2b3d00e93b59497,69ddf5b7c2b3d00e93b58da3,true,132.11,13211.000000000002,121.1,145.32,110.09,false,2026-04-14T08:11:27.406Z,2026-04-14T08:11:27.407Z,2026-04-14T08:11:27.407Z,0,
69ddf6afc2b3d00e93b5949e,MAT-26123,68c505d2267e3c8d0ddc2e72,5,2028-02-01T00:00:00.000Z,6923ca41385a8494efbb2235,409.9,100,20,120,pending,69ddf6afc2b3d00e93b59497,69ddf5b7c2b3d00e93b58da3,true,281.07,28107,257.64,309.17,234.22,false,2026-04-14T08:11:27.407Z,2026-04-14T08:11:27.408Z,2026-04-14T08:11:27.408Z,0,
69ddfb95dad5f8242854ee75,**,69ce436d2b2deb9f9bbb785b,18,2030-01-01T00:00:00.000Z,69d34f4f6a90bf8f8480ac35,468,57,0,3,pending,,,true,360,20520,396,396,360,false,2026-04-06T04:59:53.378Z,2026-04-06T04:59:53.378Z,2026-04-09T11:46:59.550Z,0,
69de0759c2b3d00e93baded0,G250EB001,69de056fc2b3d00e93ba9670,5,2026-12-01T00:00:00.000Z,692eb408c9be211d89b4fcdc,754.69,1,0,1,pending,69de0758c2b3d00e93badecd,69de05a6c2b3d00e93bad462,true,575,575,607.2,607.2,552,false,2026-04-14T09:22:33.223Z,2026-04-14T09:22:33.223Z,2026-04-14T09:22:33.223Z,0,
69de0c35c2b3d00e93be4365,0001205622,69de0acbc2b3d00e93bd4937,5,2030-01-01T00:00:00.000Z,6923ca3f385a8494efbb214e,2333,1,0,0,pending,69de0c34c2b3d00e93be435e,69de0b4ec2b3d00e93bdca5b,true,1222.05,1222.05,1344.25,1344.25,1222.05,false,2026-04-14T09:43:17.216Z,2026-04-14T09:43:17.218Z,2026-04-14T11:03:44.428Z,0,
69de0c35c2b3d00e93be4363,0001215765,69de0989c2b3d00e93bc4ee3,5,2030-01-01T00:00:00.000Z,6923ca3f385a8494efbb214e,2333,1,0,0,pending,69de0c34c2b3d00e93be435e,69de0b4ec2b3d00e93bdca5b,true,1222.05,1222.05,1344.25,1344.25,1222.05,false,2026-04-14T09:43:17.208Z,2026-04-14T09:43:17.217Z,2026-04-14T11:03:44.707Z,0,
69de0c35c2b3d00e93be4364,0001216698,69de0a70c2b3d00e93bce641,5,2030-01-01T00:00:00.000Z,6923ca3f385a8494efbb214e,2333,1,0,0,pending,69de0c34c2b3d00e93be435e,69de0b4ec2b3d00e93bdca5b,true,1222.05,1222.05,1344.25,1344.25,1222.05,false,2026-04-14T09:43:17.211Z,2026-04-14T09:43:17.218Z,2026-04-14T11:03:44.153Z,0,
69de0dd4c2b3d00e93c097eb,CMC25188C,68c505d2267e3c8d0ddc24b5,5,2027-11-01T00:00:00.000Z,6923ca47385a8494efbb2496,116.5,100,30,130,pending,69de0dd4c2b3d00e93c097e8,69de0cebc2b3d00e93bf5491,true,79.89,7989,67.59,87.87,61.45,false,2026-04-14T09:50:12.840Z,2026-04-14T09:50:12.841Z,2026-04-15T06:54:10.086Z,0,
69de121fc2b3d00e93c2ee87,DIP07AAA,69d4cb153e87b6724e9150a8,5,2027-11-01T00:00:00.000Z,6963770d9e79681a67fa95d9,150,9,1,10,pending,69de121fc2b3d00e93c2ee84,69de10a8c2b3d00e93c28541,true,114.29,1028.6100000000001,110.88,123.2,100.8,false,2026-04-14T10:08:31.613Z,2026-04-14T10:08:31.614Z,2026-04-14T10:08:31.614Z,0,
69de1380c2b3d00e93c3b71b,AFP01ARA,69de103bc2b3d00e93c2513e,5,2026-09-01T00:00:00.000Z,6963770d9e79681a67fa95d9,475,20,4,24,pending,69de137fc2b3d00e93c3b718,69de106bc2b3d00e93c26264,true,361.9,7238,321.79,386.15,292.54,false,2026-04-14T10:14:24.219Z,2026-04-14T10:14:24.219Z,2026-04-14T10:14:24.219Z,0,
69de1760c2b3d00e93c5b878,**,69ddd7c7c2b3d00e93ab518c,5,2030-01-01T00:00:00.000Z,6923ca48385a8494efbb2506,32.5,10,0,0,pending,69de1760c2b3d00e93c5b866,69ddda1cc2b3d00e93acbdc0,true,23.8,238,26.18,26.18,23.8,false,2026-04-14T10:30:56.496Z,2026-04-14T10:30:56.498Z,2026-04-15T08:03:42.401Z,0,
69de1760c2b3d00e93c5b879,12257,69ddd86cc2b3d00e93abc9ba,5,2028-12-01T00:00:00.000Z,6923ca48385a8494efbb2506,195,1,0,0,pending,69de1760c2b3d00e93c5b866,69ddda1cc2b3d00e93acbdc0,true,142.86,142.86,157.15,157.15,142.86,false,2026-04-14T10:30:56.496Z,2026-04-14T10:30:56.498Z,2026-04-15T08:03:42.680Z,0,
69de1760c2b3d00e93c5b872,**,6948c0d4dcf084fea56a2c4b,5,2030-01-01T00:00:00.000Z,6923ca48385a8494efbb2506,350,2,0,0,pending,69de1760c2b3d00e93c5b866,69ddda1cc2b3d00e93acbdc0,true,142.85,285.7,157.13,157.13,142.85,false,2026-04-14T10:30:56.495Z,2026-04-14T10:30:56.498Z,2026-04-15T08:03:40.724Z,0,
69de1760c2b3d00e93c5b877,**,69ddd74bc2b3d00e93aafd51,18,2030-01-01T00:00:00.000Z,6923ca48385a8494efbb2506,91,1,0,0,pending,69de1760c2b3d00e93c5b866,69ddda1cc2b3d00e93acbdc0,true,59.32,59.32,65.25,65.25,59.32,false,2026-04-14T10:30:56.496Z,2026-04-14T10:30:56.498Z,2026-04-15T08:03:42.121Z,0,
69de1760c2b3d00e93c5b875,**,69ddd631c2b3d00e93aa6702,5,2030-01-01T00:00:00.000Z,6923ca48385a8494efbb2506,325,1,0,0,pending,69de1760c2b3d00e93c5b866,69ddda1cc2b3d00e93acbdc0,true,238.09,238.09,261.9,261.9,238.09,false,2026-04-14T10:30:56.496Z,2026-04-14T10:30:56.498Z,2026-04-15T08:03:41.563Z,0,
69de1760c2b3d00e93c5b874,**,69ddd97cc2b3d00e93ac268b,5,2030-01-01T00:00:00.000Z,6923ca48385a8494efbb2506,65,2,0,0,pending,69de1760c2b3d00e93c5b866,69ddda1cc2b3d00e93acbdc0,true,47.61,95.22,52.37,52.37,47.61,false,2026-04-14T10:30:56.496Z,2026-04-14T10:30:56.498Z,2026-04-15T08:03:41.283Z,0,
69de1760c2b3d00e93c5b876,**,69ddd6c8c2b3d00e93aad193,5,2030-01-01T00:00:00.000Z,6923ca48385a8494efbb2506,195,5,0,1,pending,69de1760c2b3d00e93c5b866,69ddda1cc2b3d00e93acbdc0,true,142.85,714.25,157.13,157.13,142.85,false,2026-04-14T10:30:56.496Z,2026-04-14T10:30:56.498Z,2026-04-15T08:03:41.842Z,0,
69de1760c2b3d00e93c5b873,26082,69ddd4f0c2b3d00e93a9c8c7,5,2028-01-01T00:00:00.000Z,6923ca48385a8494efbb2506,368,1,0,0,pending,69de1760c2b3d00e93c5b866,69ddda1cc2b3d00e93acbdc0,true,314.28,314.28,345.71,345.71,314.28,false,2026-04-14T10:30:56.495Z,2026-04-14T10:30:56.498Z,2026-04-15T08:03:41.002Z,0,
69de1760c2b3d00e93c5b871,**,69ddd3b9c2b3d00e93a9b073,5,2030-01-01T00:00:00.000Z,6923ca48385a8494efbb2506,130,2,0,0,pending,69de1760c2b3d00e93c5b866,69ddda1cc2b3d00e93acbdc0,true,95.23,190.46,104.75,104.75,95.23,false,2026-04-14T10:30:56.494Z,2026-04-14T10:30:56.498Z,2026-04-15T08:03:40.446Z,0,
69de321dc2b3d00e93d3ee39,D250499,69de30ddc2b3d00e93d3d6f0,5,2030-06-01T00:00:00.000Z,6923ca42385a8494efbb22ac,5895,2,0,1,pending,69de321dc2b3d00e93d3ee34,69de3128c2b3d00e93d3e816,true,1178.4,2356.8,1296.24,1296.24,1178.4,false,2026-04-14T12:25:01.383Z,2026-04-14T12:25:01.384Z,2026-04-14T12:30:34.683Z,0,
69de321dc2b3d00e93d3ee38,B260036,69de2f35c2b3d00e93d3288d,5,0030-12-01T00:00:00.000Z,6923ca42385a8494efbb22ac,2088,2,0,1,pending,69de321dc2b3d00e93d3ee34,69de3128c2b3d00e93d3e816,true,417.6,835.2,459.36,459.36,417.6,false,2026-04-14T12:25:01.383Z,2026-04-14T12:25:01.384Z,2026-04-15T05:41:39.776Z,0,
69df1044c2b3d00e93d811de,TJA-303,69d8c132847fa190f0def81a,5,2027-12-01T00:00:00.000Z,69364dc8bcf19acba521152e,444.92,20,4,24,pending,69df1044c2b3d00e93d811da,69df0f18c2b3d00e93d6ce90,true,339.62,6792.4,311.32,373.59,283.02,false,2026-04-15T04:12:52.730Z,2026-04-15T04:12:52.732Z,2026-04-15T04:12:52.732Z,0,
69df1044c2b3d00e93d811df,TOCT-164,69d8c491847fa190f0dfa8a4,5,2026-09-01T00:00:00.000Z,69364dc8bcf19acba521152e,311.44,20,4,24,pending,69df1044c2b3d00e93d811da,69df0f18c2b3d00e93d6ce90,true,237.75,4755,217.94,261.53,198.13,false,2026-04-15T04:12:52.731Z,2026-04-15T04:12:52.732Z,2026-04-15T04:12:52.732Z,0,
69df2929c2b3d00e93e50345,A8AGZ003,695f45b6eef9b3a70fb7857b,5,2028-06-01T00:00:00.000Z,6926eff3a6f059dedd3a3c3a,31.73,18,2,10,pending,69df2929c2b3d00e93e5033a,69df242fc2b3d00e93e21cbc,true,24.18,435.24,23.03,25.59,20.94,false,2026-04-15T05:59:05.403Z,2026-04-15T05:59:05.407Z,2026-04-15T10:10:54.820Z,0,
69df2929c2b3d00e93e5034a,BM225042,69df22b4c2b3d00e93e153e2,5,2029-11-01T00:00:00.000Z,6926eff3a6f059dedd3a3c3a,17.42,10,0,5,pending,69df2929c2b3d00e93e5033a,69df242fc2b3d00e93e21cbc,true,14.3,143,15.14,15.14,13.76,false,2026-04-15T05:59:05.405Z,2026-04-15T05:59:05.407Z,2026-04-15T10:10:55.899Z,0,
69df2929c2b3d00e93e5034d,843154D7,69df23f6c2b3d00e93e20a56,5,2027-11-01T00:00:00.000Z,6926eff3a6f059dedd3a3c3a,328.12,5,0,0,pending,69df2929c2b3d00e93e5033a,69df242fc2b3d00e93e21cbc,true,250,1250,264.55,264.55,240.5,false,2026-04-15T05:59:05.406Z,2026-04-15T05:59:05.407Z,2026-04-15T10:10:56.708Z,0,
69df2929c2b3d00e93e50348,0126B041,693aa92f4f89925262af47bb,5,2027-07-01T00:00:00.000Z,6926eff3a6f059dedd3a3c3a,104.46,10,0,0,pending,69df2929c2b3d00e93e5033a,69df242fc2b3d00e93e21cbc,true,79.59,795.9000000000001,84.23,84.23,76.57,false,2026-04-15T05:59:05.405Z,2026-04-15T05:59:05.407Z,2026-04-15T10:10:55.628Z,0,
69df2929c2b3d00e93e50347,D260038,68c505d2267e3c8d0ddc2b49,5,2027-12-01T00:00:00.000Z,6926eff3a6f059dedd3a3c3a,187.68,14,1,5,pending,69df2929c2b3d00e93e5033a,69df242fc2b3d00e93e21cbc,true,142.99,2001.8600000000001,141.23,151.32,128.39,false,2026-04-15T05:59:05.404Z,2026-04-15T05:59:05.407Z,2026-04-15T10:10:55.359Z,0,
69df2929c2b3d00e93e5034c,FND0826004AK,697d5da97650d5ea2b3c86c5,5,2028-06-01T00:00:00.000Z,6926eff3a6f059dedd3a3c3a,139.69,20,0,0,pending,69df2929c2b3d00e93e5033a,69df242fc2b3d00e93e21cbc,true,106.42,2128.4,112.62,112.62,102.38,false,2026-04-15T05:59:05.406Z,2026-04-15T05:59:05.407Z,2026-04-15T10:10:56.438Z,0,
69df2929c2b3d00e93e5034b,BM826010,69ce43512b2deb9f9bbb724a,5,2029-12-01T00:00:00.000Z,6926eff3a6f059dedd3a3c3a,32.55,20,0,10,pending,69df2929c2b3d00e93e5033a,69df242fc2b3d00e93e21cbc,true,26.73,534.6,28.28,28.28,25.71,false,2026-04-15T05:59:05.405Z,2026-04-15T05:59:05.407Z,2026-04-15T10:10:56.168Z,0,
69df2929c2b3d00e93e50349,ALRT25012,69df2216c2b3d00e93e0bd9f,5,2027-09-01T00:00:00.000Z,6926eff3a6f059dedd3a3c3a,91.31,30,0,30,pending,69df2929c2b3d00e93e5033a,69df242fc2b3d00e93e21cbc,true,4.67,140.1,4.94,4.94,4.49,false,2026-04-15T05:59:05.405Z,2026-04-15T05:59:05.407Z,2026-04-15T05:59:05.407Z,0,
69df2929c2b3d00e93e50346,A6AGY033,69df2094c2b3d00e93e08759,5,2028-05-01T00:00:00.000Z,6926eff3a6f059dedd3a3c3a,8.66,20,4,14,pending,69df2929c2b3d00e93e5033a,69df242fc2b3d00e93e21cbc,true,6.6,132,5.82,6.98,5.29,false,2026-04-15T05:59:05.404Z,2026-04-15T05:59:05.407Z,2026-04-15T10:10:55.090Z,0,
69df3884c2b3d00e93eacd4c,0001189777,69df377fc2b3d00e93ea5689,5,2030-01-01T00:00:00.000Z,6936866cbcf19acba530e2eb,1300,1,0,0,pending,69df3884c2b3d00e93eacd48,69df37d6c2b3d00e93ea9442,true,715,715,749.07,749.07,680.97,false,2026-04-15T07:04:36.884Z,2026-04-15T07:04:36.884Z,2026-04-15T11:47:20.314Z,0,
69df47dcc2b3d00e93ee2f72,CBT25015,692d60f60fd6496282eab4a9,5,2027-02-01T00:00:00.000Z,6923ca4a385a8494efbb25d1,739.69,0,3,3,pending,69df47dcc2b3d00e93ee2f67,69df3dccc2b3d00e93ecb616,true,507.21,0,0,0,0,false,2026-04-15T08:10:04.921Z,2026-04-15T08:10:04.923Z,2026-04-15T08:10:04.923Z,0,
69df47dcc2b3d00e93ee2f74,TB250772H,692d60f60fd6496282eab4a9,5,2027-11-01T00:00:00.000Z,6923ca4a385a8494efbb25d1,739.69,50,12,62,pending,69df47dcc2b3d00e93ee2f67,69df3dccc2b3d00e93ecb616,true,507.22,25361,449.96,557.94,409.05,false,2026-04-15T08:10:04.921Z,2026-04-15T08:10:04.923Z,2026-04-15T08:10:04.923Z,0,
69df47dcc2b3d00e93ee2f70,26CT005,68c505d2267e3c8d0ddc2c3d,5,2028-02-01T00:00:00.000Z,6923ca4a385a8494efbb25d1,540,50,15,65,pending,69df47dcc2b3d00e93ee2f67,69df3dccc2b3d00e93ecb616,true,370.29,18514.5,313.32,407.32,284.84,false,2026-04-15T08:10:04.921Z,2026-04-15T08:10:04.922Z,2026-04-15T08:10:04.922Z,0,
69df47dcc2b3d00e93ee2f71,CC260044,68c505d2267e3c8d0ddc25ed,18,2028-01-01T00:00:00.000Z,6923ca4a385a8494efbb25d1,550,10,3,13,pending,69df47dcc2b3d00e93ee2f67,69df3dccc2b3d00e93ecb616,true,335.59,3355.8999999999996,283.96,369.15,258.15,false,2026-04-15T08:10:04.921Z,2026-04-15T08:10:04.923Z,2026-04-15T08:10:04.923Z,0,
69df47dcc2b3d00e93ee2f73,ZAT-2507,693d4731812dbc0da499ac04,5,2028-09-01T00:00:00.000Z,6923ca4a385a8494efbb25d1,281.25,34,15,49,pending,69df47dcc2b3d00e93ee2f67,69df3dccc2b3d00e93ecb616,true,192.86,6557.240000000001,147.2,212.14,133.82,false,2026-04-15T08:10:04.921Z,2026-04-15T08:10:04.923Z,2026-04-15T08:10:04.923Z,0,
69df47dcc2b3d00e93ee2f6f,ZAT-1650,693d4731812dbc0da499ac04,5,2027-06-01T00:00:00.000Z,6923ca4a385a8494efbb25d1,281.25,16,0,16,pending,69df47dcc2b3d00e93ee2f67,69df3dccc2b3d00e93ecb616,true,192.86,3085.76,212.15,212.15,192.86,false,2026-04-15T08:10:04.920Z,2026-04-15T08:10:04.922Z,2026-04-15T08:10:04.922Z,0,
69df5d5cc2b3d00e93f35de0,250639031,69df5c75c2b3d00e93f34583,5,2027-02-01T00:00:00.000Z,69d34f4f6a90bf8f8480ac44,40879,1,0,0,pending,69df5d5cc2b3d00e93f35dd9,69df5c8dc2b3d00e93f356a9,true,38932.38,38932.38,38932.38,38932.38,38932.38,false,2026-04-15T09:41:48.555Z,2026-04-15T09:41:48.556Z,2026-04-15T11:46:21.535Z,0,
69df5d5cc2b3d00e93f35ddf,250096055,69df5bc1c2b3d00e93f3123a,5,2027-04-01T00:00:00.000Z,69d34f4f6a90bf8f8480ac44,40879,1,0,0,pending,69df5d5cc2b3d00e93f35dd9,69df5c8dc2b3d00e93f356a9,true,38932.38,38932.38,38932.38,38932.38,38932.38,false,2026-04-15T09:41:48.555Z,2026-04-15T09:41:48.555Z,2026-04-15T11:46:37.102Z,0,
69df5d5cc2b3d00e93f35dde,250554027,69df5af5c2b3d00e93f2cfb2,5,2027-08-01T00:00:00.000Z,69d34f4f6a90bf8f8480ac44,40879,1,0,0,pending,69df5d5cc2b3d00e93f35dd9,69df5c8dc2b3d00e93f356a9,true,38932.38,38932.38,38932.38,38932.38,38932.38,false,2026-04-15T09:41:48.554Z,2026-04-15T09:41:48.555Z,2026-04-15T11:46:56.496Z,0,
69df6f77c2b3d00e93f8620f,D2600093,68c505d2267e3c8d0ddc2ea9,5,2028-02-01T00:00:00.000Z,6923ca24385a8494efbb17d2,76.39,20,0,20,pending,69df6f77c2b3d00e93f8620a,69df6e13c2b3d00e93f80c1b,true,58.2,1164,60.82,60.82,55.29,false,2026-04-15T10:59:03.618Z,2026-04-15T10:59:03.620Z,2026-04-15T10:59:03.620Z,0,
69df6f77c2b3d00e93f86211,B-53260,69251a68496994f2855ca249,5,2028-02-01T00:00:00.000Z,6923ca24385a8494efbb17d2,181.39,20,0,15,pending,69df6f77c2b3d00e93f8620a,69df6e13c2b3d00e93f80c1b,true,145.11,2902.2000000000003,151.63,151.63,137.85,false,2026-04-15T10:59:03.619Z,2026-04-15T10:59:03.620Z,2026-04-15T11:38:44.923Z,0,
69df6f77c2b3d00e93f86210,N2503782,68c505d2267e3c8d0ddc2d01,5,2028-10-01T00:00:00.000Z,6923ca24385a8494efbb17d2,392.34,10,0,10,pending,69df6f77c2b3d00e93f8620a,69df6e13c2b3d00e93f80c1b,true,298.93,2989.3,312.38,312.38,283.98,false,2026-04-15T10:59:03.619Z,2026-04-15T10:59:03.620Z,2026-04-15T10:59:03.620Z,0,
69df7885c2b3d00e93fa3d69,JM52502,697d5db27650d5ea2b3c8801,5,2029-06-01T00:00:00.000Z,6923ca34385a8494efbb1d3c,293.8,30,10,40,pending,69df7885c2b3d00e93fa3d65,69df7484c2b3d00e93f9a69b,true,223.85,6715.5,177.29,236.38,161.17,false,2026-04-15T11:37:41.448Z,2026-04-15T11:37:41.449Z,2026-04-15T11:37:41.449Z,0,
69df7885c2b3d00e93fa3d6a,JM62502,69df73d8c2b3d00e93f99564,5,2029-05-01T00:00:00.000Z,6923ca34385a8494efbb1d3c,541.73,15,5,20,pending,69df7885c2b3d00e93fa3d65,69df7484c2b3d00e93f9a69b,true,344.18,5162.7,272.59,363.45,247.81,false,2026-04-15T11:37:41.449Z,2026-04-15T11:37:41.449Z,2026-04-15T11:37:41.449Z,0,
69df8364c2b3d00e93fc0605,MDC/24 25/001,69251a62496994f2855ca13d,5,2028-03-01T00:00:00.000Z,6923ca42385a8494efbb22a5,468,20,0,20,pending,69df8364c2b3d00e93fc05fc,69df8145c2b3d00e93fbd70b,true,115,2300,126.5,126.5,115,false,2026-04-15T12:24:04.556Z,2026-04-15T12:24:04.558Z,2026-04-15T12:24:04.558Z,0,
